ticker,date,category,issue,evidence,action,source
ALL,2025-03-18,E_calendar,Yahoo stock prices stale for a whole session,"only 1% of stocks have a fresh Yahoo print, but NSE traded 2048 EQ symbols",kept the session; every stock's close replaced with NSE's official close,NSE bhavcopy 2025-03-18
NIFTY50,2010-02-06,E_calendar,missing benchmark day,100% of stocks traded but Yahoo has no ^NSEI row,NSE official file unavailable for this date — left out of the calendar,NSE archives
NIFTY50,2011-05-31,E_calendar,missing benchmark day,100% of stocks traded but Yahoo has no ^NSEI row,NSE official file unavailable for this date — left out of the calendar,NSE archives
NIFTY50,2011-07-14,E_calendar,missing benchmark day,100% of stocks traded but Yahoo has no ^NSEI row,NSE official file unavailable for this date — left out of the calendar,NSE archives
NIFTY50,2011-11-24,E_calendar,missing benchmark day,100% of stocks traded but Yahoo has no ^NSEI row,NSE official file unavailable for this date — left out of the calendar,NSE archives
NIFTY50,2011-12-26,E_calendar,missing benchmark day,100% of stocks traded but Yahoo has no ^NSEI row,NSE official file unavailable for this date — left out of the calendar,NSE archives
NIFTY50,2012-01-02,E_calendar,missing benchmark day,100% of stocks traded but Yahoo has no ^NSEI row,NSE official file unavailable for this date — left out of the calendar,NSE archives
NIFTY50,2012-05-21,E_calendar,missing benchmark day,100% of stocks traded but Yahoo has no ^NSEI row,"filled with NSE official close 4,906.05",NSE ind_close_all_21052012.csv
NIFTY50,2012-08-28,E_calendar,missing benchmark day,100% of stocks traded but Yahoo has no ^NSEI row,"filled with NSE official close 5,334.60",NSE ind_close_all_28082012.csv
NIFTY50,2013-01-01,E_calendar,missing benchmark day,100% of stocks traded but Yahoo has no ^NSEI row,"filled with NSE official close 5,950.85",NSE ind_close_all_01012013.csv
NIFTY50,2014-01-01,E_calendar,missing benchmark day,100% of stocks traded but Yahoo has no ^NSEI row,"filled with NSE official close 6,301.65",NSE ind_close_all_01012014.csv
NIFTY50,2014-02-17,E_calendar,missing benchmark day,100% of stocks traded but Yahoo has no ^NSEI row,"filled with NSE official close 6,073.30",NSE ind_close_all_17022014.csv
NIFTY50,2015-01-01,E_calendar,missing benchmark day,100% of stocks traded but Yahoo has no ^NSEI row,"filled with NSE official close 8,284.00",NSE ind_close_all_01012015.csv
NIFTY50,2015-04-15,E_calendar,missing benchmark day,100% of stocks traded but Yahoo has no ^NSEI row,"filled with NSE official close 8,750.20",NSE ind_close_all_15042015.csv
NIFTY50,2016-01-01,E_calendar,missing benchmark day,100% of stocks traded but Yahoo has no ^NSEI row,"filled with NSE official close 7,963.20",NSE ind_close_all_01012016.csv
NIFTY50,2016-08-12,E_calendar,missing benchmark day,100% of stocks traded but Yahoo has no ^NSEI row,"filled with NSE official close 8,672.15",NSE ind_close_all_12082016.csv
NIFTY50,2018-01-01,E_calendar,missing benchmark day,100% of stocks traded but Yahoo has no ^NSEI row,"filled with NSE official close 10,435.55",NSE ind_close_all_01012018.csv
NIFTY50,2019-01-01,E_calendar,missing benchmark day,100% of stocks traded but Yahoo has no ^NSEI row,"filled with NSE official close 10,910.10",NSE ind_close_all_01012019.csv
NIFTY50,2019-10-27,E_calendar,missing benchmark day,100% of stocks traded but Yahoo has no ^NSEI row,"filled with NSE official close 11,627.15",NSE ind_close_all_27102019.csv
NIFTY50,2020-11-14,E_calendar,missing benchmark day,100% of stocks traded but Yahoo has no ^NSEI row,"filled with NSE official close 12,780.25",NSE ind_close_all_14112020.csv
360ONE,2026-05-01,E_calendar,row on a non-trading day,date absent from the Nifty 50 trading calendar,dropped,price data
360ONE,2026-05-28,E_calendar,row on a non-trading day,date absent from the Nifty 50 trading calendar,dropped,price data
360ONE,2026-06-26,E_calendar,row on a non-trading day,date absent from the Nifty 50 trading calendar,dropped,price data
360ONE,2026-09-14,E_calendar,row on a non-trading day,date absent from the Nifty 50 trading calendar,dropped,price data
360ONE,2026-10-02,E_calendar,row on a non-trading day,date absent from the Nifty 50 trading calendar,dropped,price data
360ONE,2023-03-02,A_split_bonus,Yahoo price level inconsistent with NSE,NSE close ÷ Yahoo close steps from 2.0000 to 1.0000 (Yahoo applied an unrecorded factor 2.0000 to earlier prices). NSE actions: Face Value Split (Sub-Division) - From Rs 2/- Per Share To Re 1/- Per Share; Bonus 1:1,rescaled Yahoo's history to NSE's official closes; adjustment rebuilt from NSE actions below,NSE bhavcopies (bisection to 2023-03-02)
360ONE,2019-10-04,C_symbol,Yahoo history before NSE listing,"Yahoo has prices from 2019-09-19, but NSE's bhavcopy first lists IIFLWAM on 2019-10-04",dropped Yahoo rows before 2019-10-04,NSE bhavcopies
360ONE,2023-03-02,A_split_bonus,Yahoo split ratio differs from NSE,Yahoo 2-for-1 vs NSE price factor 0.2500,used NSE's ratio,NSE corporate actions; yfinance action history
360ONE,2025-03-18,A_split_bonus,Adj Close differs from Yahoo by > 0.5%,max gap 7.04% on 2025-03-18,kept our rebuild — 1 Yahoo level error(s) corrected against NSE; dividends from NSE records rather than Yahoo's,yfinance Adj Close vs our rebuild
ABB,2008-11-27,E_calendar,row on a non-trading day,date absent from the Nifty 50 trading calendar,dropped,price data
ABB,2009-04-30,E_calendar,row on a non-trading day,date absent from the Nifty 50 trading calendar,dropped,price data
ABB,2009-10-13,E_calendar,row on a non-trading day,date absent from the Nifty 50 trading calendar,dropped,price data
ABB,2011-05-31,E_calendar,row on a non-trading day,date absent from the Nifty 50 trading calendar,dropped,price data
ABB,2011-07-14,E_calendar,row on a non-trading day,date absent from the Nifty 50 trading calendar,dropped,price data
ABB,2011-11-24,E_calendar,row on a non-trading day,date absent from the Nifty 50 trading calendar,dropped,price data
ABB,2011-12-26,E_calendar,row on a non-trading day,date absent from the Nifty 50 trading calendar,dropped,price data
ABB,2012-01-02,E_calendar,row on a non-trading day,date absent from the Nifty 50 trading calendar,dropped,price data
ABB,2014-04-24,E_calendar,row on a non-trading day,date absent from the Nifty 50 trading calendar,dropped,price data
ABB,2014-10-15,E_calendar,row on a non-trading day,date absent from the Nifty 50 trading calendar,dropped,price data
ABB,2026-01-15,E_calendar,row on a non-trading day,date absent from the Nifty 50 trading calendar,dropped,price data
ABB,2026-05-01,E_calendar,row on a non-trading day,date absent from the Nifty 50 trading calendar,dropped,price data
ABB,2026-05-28,E_calendar,row on a non-trading day,date absent from the Nifty 50 trading calendar,dropped,price data
ABB,2026-06-26,E_calendar,row on a non-trading day,date absent from the Nifty 50 trading calendar,dropped,price data
ABB,2026-09-14,E_calendar,row on a non-trading day,date absent from the Nifty 50 trading calendar,dropped,price data
ABB,2026-10-02,E_calendar,row on a non-trading day,date absent from the Nifty 50 trading calendar,dropped,price data
ABB,2020-01-06,A_split_bonus,Yahoo price level inconsistent with NSE,NSE close ÷ Yahoo close steps from 1.1015 to 1.0000 (Yahoo applied an unrecorded factor 1.1015 to earlier prices). NSE actions: no NSE corporate action within ±7 days,rescaled Yahoo's history to NSE's official closes; adjustment rebuilt from NSE actions below,NSE bhavcopies (bisection to 2020-01-06)
ABB,2019-12-20,B_demerger,demerger: no official ratio found,"one-day price ratio 0.9418, -5.9% vs Nifty 50","dropped that single day's return (missing, not a loss)",NSE corporate actions (Demerger)
ABB,2019-12-31,A_split_bonus,Adj Close differs from Yahoo by > 0.5%,max gap 10.15% on 2019-12-31,kept our rebuild — 1 Yahoo level error(s) corrected against NSE; demerger handled differently from Yahoo; dividends from NSE records rather than Yahoo's,yfinance Adj Close vs our rebuild
ABB,2010-05-17,D_bad_print,daily move beyond ±20%,r = +23.1%,"kept — genuine move: no corporate action within ±3 days, did not revert; Nifty 50 -0.7% that day",price data
ABB,2013-05-17,D_bad_print,daily move beyond ±20%,r = +20.9%,"kept — genuine move: no corporate action within ±3 days, did not revert; Nifty 50 +0.3% that day",price data
APLAPOLLO,2011-12-26,E_calendar,row on a non-trading day,date absent from the Nifty 50 trading calendar,dropped,price data
APLAPOLLO,2012-01-02,E_calendar,row on a non-trading day,date absent from the Nifty 50 trading calendar,dropped,price data
APLAPOLLO,2014-04-24,E_calendar,row on a non-trading day,date absent from the Nifty 50 trading calendar,dropped,price data
APLAPOLLO,2014-10-15,E_calendar,row on a non-trading day,date absent from the Nifty 50 trading calendar,dropped,price data
APLAPOLLO,2026-01-15,E_calendar,row on a non-trading day,date absent from the Nifty 50 trading calendar,dropped,price data
APLAPOLLO,2026-05-01,E_calendar,row on a non-trading day,date absent from the Nifty 50 trading calendar,dropped,price data
APLAPOLLO,2026-05-28,E_calendar,row on a non-trading day,date absent from the Nifty 50 trading calendar,dropped,price data
APLAPOLLO,2026-06-26,E_calendar,row on a non-trading day,date absent from the Nifty 50 trading calendar,dropped,price data
APLAPOLLO,2026-09-14,E_calendar,row on a non-trading day,date absent from the Nifty 50 trading calendar,dropped,price data
APLAPOLLO,2026-10-02,E_calendar,row on a non-trading day,date absent from the Nifty 50 trading calendar,dropped,price data
APLAPOLLO,2020-12-15,A_split_bonus,split/bonus verified,Face Value Split (Sub-Division) - From Rs 10/- Per Share To Rs 2/- Per Share; Yahoo 5-for-1; price ratio 0.2046,applied,NSE corporate actions; yfinance action history
APLAPOLLO,2021-09-16,A_split_bonus,split/bonus verified,Bonus 1:1; Yahoo 2-for-1; price ratio 0.5143,applied,NSE corporate actions; yfinance action history
APLAPOLLO,2025-03-18,A_split_bonus,Adj Close differs from Yahoo by > 0.5%,max gap 1.52% on 2025-03-18,kept our rebuild — dividends from NSE records rather than Yahoo's,yfinance Adj Close vs our rebuild
AUBANK,2026-01-15,E_calendar,row on a non-trading day,date absent from the Nifty 50 trading calendar,dropped,price data
AUBANK,2026-05-01,E_calendar,row on a non-trading day,date absent from the Nifty 50 trading calendar,dropped,price data
AUBANK,2026-05-28,E_calendar,row on a non-trading day,date absent from the Nifty 50 trading calendar,dropped,price data
AUBANK,2026-06-26,E_calendar,row on a non-trading day,date absent from the Nifty 50 trading calendar,dropped,price data
AUBANK,2026-09-14,E_calendar,row on a non-trading day,date absent from the Nifty 50 trading calendar,dropped,price data
AUBANK,2026-10-02,E_calendar,row on a non-trading day,date absent from the Nifty 50 trading calendar,dropped,price data
AUBANK,2022-06-09,A_split_bonus,split/bonus verified,Bonus 1:1; Yahoo 2-for-1; price ratio 0.4874,applied,NSE corporate actions; yfinance action history
AUBANK,2025-03-18,A_split_bonus,Adj Close differs from Yahoo by > 0.5%,max gap 2.48% on 2025-03-18,kept our rebuild — dividends from NSE records rather than Yahoo's,yfinance Adj Close vs our rebuild
ADANIENSOL,2026-01-15,E_calendar,row on a non-trading day,date absent from the Nifty 50 trading calendar,dropped,price data
ADANIENSOL,2026-05-01,E_calendar,row on a non-trading day,date absent from the Nifty 50 trading calendar,dropped,price data
ADANIENSOL,2026-05-28,E_calendar,row on a non-trading day,date absent from the Nifty 50 trading calendar,dropped,price data
ADANIENSOL,2026-06-26,E_calendar,row on a non-trading day,date absent from the Nifty 50 trading calendar,dropped,price data
ADANIENSOL,2026-09-14,E_calendar,row on a non-trading day,date absent from the Nifty 50 trading calendar,dropped,price data
ADANIENSOL,2026-10-02,E_calendar,row on a non-trading day,date absent from the Nifty 50 trading calendar,dropped,price data
ADANIENSOL,2015-08-14,C_symbol,Yahoo history before NSE listing,"Yahoo has prices from 2015-07-31, but NSE's bhavcopy first lists ADANITRANS on 2015-08-14",dropped Yahoo rows before 2015-08-14,NSE bhavcopies
ADANIENSOL,2023-01-27,D_bad_print,daily move beyond ±20%,r = -20.0%,"kept — genuine move: no corporate action within ±3 days, did not revert; Nifty 50 -1.6% that day",price data
ADANIENT,2008-11-27,E_calendar,row on a non-trading day,date absent from the Nifty 50 trading calendar,dropped,price data
ADANIENT,2009-04-30,E_calendar,row on a non-trading day,date absent from the Nifty 50 trading calendar,dropped,price data
ADANIENT,2009-10-13,E_calendar,row on a non-trading day,date absent from the Nifty 50 trading calendar,dropped,price data
ADANIENT,2011-05-31,E_calendar,row on a non-trading day,date absent from the Nifty 50 trading calendar,dropped,price data
ADANIENT,2011-07-14,E_calendar,row on a non-trading day,date absent from the Nifty 50 trading calendar,dropped,price data
ADANIENT,2011-11-24,E_calendar,row on a non-trading day,date absent from the Nifty 50 trading calendar,dropped,price data
ADANIENT,2011-12-26,E_calendar,row on a non-trading day,date absent from the Nifty 50 trading calendar,dropped,price data
ADANIENT,2012-01-02,E_calendar,row on a non-trading day,date absent from the Nifty 50 trading calendar,dropped,price data
ADANIENT,2014-04-24,E_calendar,row on a non-trading day,date absent from the Nifty 50 trading calendar,dropped,price data
ADANIENT,2014-10-15,E_calendar,row on a non-trading day,date absent from the Nifty 50 trading calendar,dropped,price data
ADANIENT,2026-01-15,E_calendar,row on a non-trading day,date absent from the Nifty 50 trading calendar,dropped,price data
ADANIENT,2026-05-01,E_calendar,row on a non-trading day,date absent from the Nifty 50 trading calendar,dropped,price data
ADANIENT,2026-05-28,E_calendar,row on a non-trading day,date absent from the Nifty 50 trading calendar,dropped,price data
ADANIENT,2026-06-26,E_calendar,row on a non-trading day,date absent from the Nifty 50 trading calendar,dropped,price data
ADANIENT,2026-09-14,E_calendar,row on a non-trading day,date absent from the Nifty 50 trading calendar,dropped,price data
ADANIENT,2026-10-02,E_calendar,row on a non-trading day,date absent from the Nifty 50 trading calendar,dropped,price data
ADANIENT,2015-06-03,A_split_bonus,Yahoo price level inconsistent with NSE,NSE close ÷ Yahoo close steps from 6.5242 to 1.8352 (Yahoo applied an unrecorded factor 3.5551 to earlier prices). NSE actions: Scheme Of Arrangement,rescaled Yahoo's history to NSE's official closes; adjustment rebuilt from NSE actions below,NSE bhavcopies (bisection to 2015-06-03)
ADANIENT,2018-04-05,A_split_bonus,Yahoo price level inconsistent with NSE,NSE close ÷ Yahoo close steps from 1.8352 to 1.5586 (Yahoo applied an unrecorded factor 1.1775 to earlier prices). NSE actions: Scheme Of Arrangement,rescaled Yahoo's history to NSE's official closes; adjustment rebuilt from NSE actions below,NSE bhavcopies (bisection to 2018-04-05)
ADANIENT,2018-09-06,A_split_bonus,Yahoo price level inconsistent with NSE,NSE close ÷ Yahoo close steps from 1.5586 to 1.0000 (Yahoo applied an unrecorded factor 1.5586 to earlier prices). NSE actions: Scheme Of Arrangement,rescaled Yahoo's history to NSE's official closes; adjustment rebuilt from NSE actions below,NSE bhavcopies (bisection to 2018-09-06)
ADANIENT,2009-12-10,A_split_bonus,split/bonus verified,Bonus 1:1; Yahoo 2-for-1; price ratio 0.5056,applied,NSE corporate actions; yfinance action history
ADANIENT,2015-06-03,B_demerger,demerger: no official ratio found,"one-day price ratio 0.1723, -81.5% vs Nifty 50","dropped that single day's return (missing, not a loss)",NSE corporate actions (Scheme Of Arrangement)
ADANIENT,2018-04-05,B_demerger,demerger: no official ratio found,"one-day price ratio 0.9762, -4.3% vs Nifty 50","dropped that single day's return (missing, not a loss)",NSE corporate actions (Scheme Of Arrangement)
ADANIENT,2018-09-06,B_demerger,demerger: no official ratio found,"one-day price ratio 0.7760, -22.9% vs Nifty 50","dropped that single day's return (missing, not a loss)",NSE corporate actions (Scheme Of Arrangement)
ADANIENT,2025-11-17,A_split_bonus,rights issue adjusted,"Rights 3:25 @ Premium Rs 1799/-; cum-rights close ₹2,440.00; subscription ₹1,800.00; factor 0.9719",pre-event history multiplied by the theoretical ex-rights factor,NSE corporate actions (Rights 3:25 @ Premium Rs 1799/-)
ADANIENT,2023-02-02,A_split_bonus,split-like move with no corporate action,price ratio 0.7330 ≈ bonus 1:3 (Nifty 50 -0.0% that day); no split/bonus in NSE or Yahoo records within ±7 days,kept as a genuine move,NSE corporate actions; yfinance action history
ADANIENT,2015-07-01,A_split_bonus,Adj Close differs from Yahoo by > 0.5%,max gap 37.86% on 2015-07-01,kept our rebuild — 3 Yahoo level error(s) corrected against NSE; demerger handled differently from Yahoo; dividends from NSE records rather than Yahoo's,yfinance Adj Close vs our rebuild
ADANIENT,2011-07-29,D_bad_print,daily move beyond ±20%,r = -21.4%,"kept — genuine move: no corporate action within ±3 days, did not revert; Nifty 50 -0.1% that day",price data
ADANIENT,2014-04-10,D_bad_print,daily move beyond ±20%,r = +22.9%,"kept — genuine move: no corporate action within ±3 days, did not revert; Nifty 50 +0.0% that day",price data
ADANIENT,2017-04-26,D_bad_print,daily move beyond ±20%,r = -20.9%,"kept — genuine move: no corporate action within ±3 days, did not revert; Nifty 50 +0.5% that day",price data
ADANIENT,2019-05-20,D_bad_print,daily move beyond ±20%,r = +27.4%,"kept — genuine move: no corporate action within ±3 days, did not revert; Nifty 50 +3.7% that day",price data
ADANIENT,2020-08-25,D_bad_print,daily move beyond ±20%,r = +23.7%,"kept — genuine move: no corporate action within ±3 days, did not revert; Nifty 50 +0.1% that day",price data
ADANIENT,2023-02-01,D_bad_print,daily move beyond ±20%,r = -28.2%,"kept — genuine move: no corporate action within ±3 days, did not revert; Nifty 50 -0.3% that day",price data
ADANIENT,2023-02-02,D_bad_print,daily move beyond ±20%,r = -26.7%,"kept — genuine move: no corporate action within ±3 days, did not revert; Nifty 50 -0.0% that day",price data
ADANIENT,2023-02-08,D_bad_print,daily move beyond ±20%,r = +20.0%,"kept — genuine move: no corporate action within ±3 days, did not revert; Nifty 50 +0.8% that day",price data
ADANIENT,2024-11-21,D_bad_print,daily move beyond ±20%,r = -22.6%,"kept — genuine move: no corporate action within ±3 days, did not revert; Nifty 50 -0.7% that day",price data
ADANIGREEN,2026-01-15,E_calendar,row on a non-trading day,date absent from the Nifty 50 trading calendar,dropped,price data
ADANIGREEN,2026-05-01,E_calendar,row on a non-trading day,date absent from the Nifty 50 trading calendar,dropped,price data
ADANIGREEN,2026-05-28,E_calendar,row on a non-trading day,date absent from the Nifty 50 trading calendar,dropped,price data
ADANIGREEN,2026-06-26,E_calendar,row on a non-trading day,date absent from the Nifty 50 trading calendar,dropped,price data
ADANIGREEN,2026-09-14,E_calendar,row on a non-trading day,date absent from the Nifty 50 trading calendar,dropped,price data
ADANIGREEN,2026-10-02,E_calendar,row on a non-trading day,date absent from the Nifty 50 trading calendar,dropped,price data
ADANIGREEN,2024-11-29,D_bad_print,daily move beyond ±20%,r = +21.8%,"kept — genuine move: no corporate action within ±3 days, did not revert; Nifty 50 +0.9% that day",price data
ADANIPORTS,2008-11-27,E_calendar,row on a non-trading day,date absent from the Nifty 50 trading calendar,dropped,price data
ADANIPORTS,2009-04-30,E_calendar,row on a non-trading day,date absent from the Nifty 50 trading calendar,dropped,price data
ADANIPORTS,2009-10-13,E_calendar,row on a non-trading day,date absent from the Nifty 50 trading calendar,dropped,price data
ADANIPORTS,2011-05-31,E_calendar,row on a non-trading day,date absent from the Nifty 50 trading calendar,dropped,price data
ADANIPORTS,2011-07-14,E_calendar,row on a non-trading day,date absent from the Nifty 50 trading calendar,dropped,price data
ADANIPORTS,2011-11-24,E_calendar,row on a non-trading day,date absent from the Nifty 50 trading calendar,dropped,price data
ADANIPORTS,2011-12-26,E_calendar,row on a non-trading day,date absent from the Nifty 50 trading calendar,dropped,price data
ADANIPORTS,2012-01-02,E_calendar,row on a non-trading day,date absent from the Nifty 50 trading calendar,dropped,price data
ADANIPORTS,2014-04-24,E_calendar,row on a non-trading day,date absent from the Nifty 50 trading calendar,dropped,price data
ADANIPORTS,2014-10-15,E_calendar,row on a non-trading day,date absent from the Nifty 50 trading calendar,dropped,price data
ADANIPORTS,2026-01-15,E_calendar,row on a non-trading day,date absent from the Nifty 50 trading calendar,dropped,price data
ADANIPORTS,2026-05-01,E_calendar,row on a non-trading day,date absent from the Nifty 50 trading calendar,dropped,price data
ADANIPORTS,2026-05-28,E_calendar,row on a non-trading day,date absent from the Nifty 50 trading calendar,dropped,price data
ADANIPORTS,2026-06-26,E_calendar,row on a non-trading day,date absent from the Nifty 50 trading calendar,dropped,price data
ADANIPORTS,2026-09-14,E_calendar,row on a non-trading day,date absent from the Nifty 50 trading calendar,dropped,price data
ADANIPORTS,2026-10-02,E_calendar,row on a non-trading day,date absent from the Nifty 50 trading calendar,dropped,price data
ADANIPORTS,2007-12-05,A_split_bonus,Yahoo price level inconsistent with NSE,NSE close ÷ Yahoo close steps from 0.9891 to 1.0000 (Yahoo applied an unrecorded factor 0.9891 to earlier prices). NSE actions: no NSE corporate action within ±7 days,rescaled Yahoo's history to NSE's official closes; adjustment rebuilt from NSE actions below,NSE bhavcopies (bisection to 2007-12-05)
ADANIPORTS,2010-09-23,A_split_bonus,split/bonus verified,Face Value Split From Rs.10/- To Rs.2/-; Yahoo 5-for-1; price ratio 0.1978,applied,NSE corporate actions; yfinance action history
ADANIPORTS,2025-03-18,A_split_bonus,Adj Close differs from Yahoo by > 0.5%,max gap 1.90% on 2025-03-18,kept our rebuild — 1 Yahoo level error(s) corrected against NSE; dividends from NSE records rather than Yahoo's,yfinance Adj Close vs our rebuild
ADANIPORTS,2008-07-09,D_bad_print,daily move beyond ±20%,r = +20.0%,"kept — genuine move: no corporate action within ±3 days, did not revert; Nifty 50 +4.2% that day",price data
ADANIPORTS,2024-06-04,D_bad_print,daily move beyond ±20%,r = -21.1%,"kept — genuine move: no corporate action within ±3 days, did not revert; Nifty 50 -5.9% that day",price data
ADANIPOWER,2009-10-13,E_calendar,row on a non-trading day,date absent from the Nifty 50 trading calendar,dropped,price data
ADANIPOWER,2011-05-31,E_calendar,row on a non-trading day,date absent from the Nifty 50 trading calendar,dropped,price data
ADANIPOWER,2011-07-14,E_calendar,row on a non-trading day,date absent from the Nifty 50 trading calendar,dropped,price data
ADANIPOWER,2011-11-24,E_calendar,row on a non-trading day,date absent from the Nifty 50 trading calendar,dropped,price data
ADANIPOWER,2011-12-26,E_calendar,row on a non-trading day,date absent from the Nifty 50 trading calendar,dropped,price data
ADANIPOWER,2012-01-02,E_calendar,row on a non-trading day,date absent from the Nifty 50 trading calendar,dropped,price data
ADANIPOWER,2014-04-24,E_calendar,row on a non-trading day,date absent from the Nifty 50 trading calendar,dropped,price data
ADANIPOWER,2014-10-15,E_calendar,row on a non-trading day,date absent from the Nifty 50 trading calendar,dropped,price data
ADANIPOWER,2026-01-15,E_calendar,row on a non-trading day,date absent from the Nifty 50 trading calendar,dropped,price data
ADANIPOWER,2026-05-01,E_calendar,row on a non-trading day,date absent from the Nifty 50 trading calendar,dropped,price data
ADANIPOWER,2026-05-28,E_calendar,row on a non-trading day,date absent from the Nifty 50 trading calendar,dropped,price data
ADANIPOWER,2026-06-26,E_calendar,row on a non-trading day,date absent from the Nifty 50 trading calendar,dropped,price data
ADANIPOWER,2026-09-14,E_calendar,row on a non-trading day,date absent from the Nifty 50 trading calendar,dropped,price data
ADANIPOWER,2026-10-02,E_calendar,row on a non-trading day,date absent from the Nifty 50 trading calendar,dropped,price data
ADANIPOWER,2025-09-22,A_split_bonus,split/bonus verified,Face Value Split (Sub-Division) - From Rs 10/- Per Share To Rs 2/- Per Share; Yahoo 5-for-1; price ratio 0.2400,applied,NSE corporate actions; yfinance action history
ADANIPOWER,2020-03-12,A_split_bonus,split-like move with no corporate action,price ratio 0.7354 ≈ bonus 1:3 (Nifty 50 -8.3% that day); no split/bonus in NSE or Yahoo records within ±7 days,kept as a genuine move,NSE corporate actions; yfinance action history
ADANIPOWER,2025-03-18,A_split_bonus,Adj Close differs from Yahoo by > 0.5%,max gap 0.97% on 2025-03-18,kept our rebuild — dividend timing / rounding differences,yfinance Adj Close vs our rebuild
ADANIPOWER,2018-10-10,D_bad_print,daily move beyond ±20%,r = +25.3%,"kept — genuine move: no corporate action within ±3 days, did not revert; Nifty 50 +1.5% that day",price data
ADANIPOWER,2020-03-12,D_bad_print,daily move beyond ±20%,r = -26.5%,"kept — genuine move: no corporate action within ±3 days, did not revert; Nifty 50 -8.3% that day",price data
ATGL,2026-01-15,E_calendar,row on a non-trading day,date absent from the Nifty 50 trading calendar,dropped,price data
ATGL,2026-05-01,E_calendar,row on a non-trading day,date absent from the Nifty 50 trading calendar,dropped,price data
ATGL,2026-05-28,E_calendar,row on a non-trading day,date absent from the Nifty 50 trading calendar,dropped,price data
ATGL,2026-06-26,E_calendar,row on a non-trading day,date absent from the Nifty 50 trading calendar,dropped,price data
ATGL,2026-09-14,E_calendar,row on a non-trading day,date absent from the Nifty 50 trading calendar,dropped,price data
ATGL,2026-10-02,E_calendar,row on a non-trading day,date absent from the Nifty 50 trading calendar,dropped,price data
ATGL,2025-03-18,A_split_bonus,Adj Close differs from Yahoo by > 0.5%,max gap 0.94% on 2025-03-18,kept our rebuild — dividends from NSE records rather than Yahoo's,yfinance Adj Close vs our rebuild
ATGL,2023-01-30,D_bad_print,daily move beyond ±20%,r = -20.0%,"kept — genuine move: no corporate action within ±3 days, did not revert; Nifty 50 +0.3% that day",price data
ABCAPITAL,2026-01-15,E_calendar,row on a non-trading day,date absent from the Nifty 50 trading calendar,dropped,price data
ABCAPITAL,2026-05-01,E_calendar,row on a non-trading day,date absent from the Nifty 50 trading calendar,dropped,price data
ABCAPITAL,2026-05-28,E_calendar,row on a non-trading day,date absent from the Nifty 50 trading calendar,dropped,price data
ABCAPITAL,2026-06-26,E_calendar,row on a non-trading day,date absent from the Nifty 50 trading calendar,dropped,price data
ABCAPITAL,2026-09-14,E_calendar,row on a non-trading day,date absent from the Nifty 50 trading calendar,dropped,price data
ABCAPITAL,2026-10-02,E_calendar,row on a non-trading day,date absent from the Nifty 50 trading calendar,dropped,price data
ABCAPITAL,2017-09-15,C_symbol,Yahoo history before NSE listing,"Yahoo has prices from 2017-09-01, but NSE's bhavcopy first lists ABCAPITAL on 2017-09-15",dropped Yahoo rows before 2017-09-15,NSE bhavcopies
ABCAPITAL,2025-03-18,A_split_bonus,Adj Close differs from Yahoo by > 0.5%,max gap 2.89% on 2025-03-18,kept our rebuild — dividend timing / rounding differences,yfinance Adj Close vs our rebuild
AMBUJACEM,2008-11-27,E_calendar,row on a non-trading day,date absent from the Nifty 50 trading calendar,dropped,price data
AMBUJACEM,2009-04-30,E_calendar,row on a non-trading day,date absent from the Nifty 50 trading calendar,dropped,price data
AMBUJACEM,2009-10-13,E_calendar,row on a non-trading day,date absent from the Nifty 50 trading calendar,dropped,price data
AMBUJACEM,2011-05-31,E_calendar,row on a non-trading day,date absent from the Nifty 50 trading calendar,dropped,price data
AMBUJACEM,2011-07-14,E_calendar,row on a non-trading day,date absent from the Nifty 50 trading calendar,dropped,price data
AMBUJACEM,2011-11-24,E_calendar,row on a non-trading day,date absent from the Nifty 50 trading calendar,dropped,price data
AMBUJACEM,2011-12-26,E_calendar,row on a non-trading day,date absent from the Nifty 50 trading calendar,dropped,price data
AMBUJACEM,2012-01-02,E_calendar,row on a non-trading day,date absent from the Nifty 50 trading calendar,dropped,price data
AMBUJACEM,2014-04-24,E_calendar,row on a non-trading day,date absent from the Nifty 50 trading calendar,dropped,price data
AMBUJACEM,2014-10-15,E_calendar,row on a non-trading day,date absent from the Nifty 50 trading calendar,dropped,price data
AMBUJACEM,2026-01-15,E_calendar,row on a non-trading day,date absent from the Nifty 50 trading calendar,dropped,price data
AMBUJACEM,2026-05-01,E_calendar,row on a non-trading day,date absent from the Nifty 50 trading calendar,dropped,price data
AMBUJACEM,2026-05-28,E_calendar,row on a non-trading day,date absent from the Nifty 50 trading calendar,dropped,price data
AMBUJACEM,2026-06-26,E_calendar,row on a non-trading day,date absent from the Nifty 50 trading calendar,dropped,price data
AMBUJACEM,2026-09-14,E_calendar,row on a non-trading day,date absent from the Nifty 50 trading calendar,dropped,price data
AMBUJACEM,2026-10-02,E_calendar,row on a non-trading day,date absent from the Nifty 50 trading calendar,dropped,price data
AMBUJACEM,2009-08-28,A_split_bonus,Adj Close differs from Yahoo by > 0.5%,max gap 2.81% on 2009-08-28,kept our rebuild — dividends from NSE records rather than Yahoo's,yfinance Adj Close vs our rebuild
APARINDS,2008-11-27,E_calendar,row on a non-trading day,date absent from the Nifty 50 trading calendar,dropped,price data
APARINDS,2009-04-30,E_calendar,row on a non-trading day,date absent from the Nifty 50 trading calendar,dropped,price data
APARINDS,2009-10-13,E_calendar,row on a non-trading day,date absent from the Nifty 50 trading calendar,dropped,price data
APARINDS,2011-05-31,E_calendar,row on a non-trading day,date absent from the Nifty 50 trading calendar,dropped,price data
APARINDS,2011-07-14,E_calendar,row on a non-trading day,date absent from the Nifty 50 trading calendar,dropped,price data
APARINDS,2011-11-24,E_calendar,row on a non-trading day,date absent from the Nifty 50 trading calendar,dropped,price data
APARINDS,2011-12-26,E_calendar,row on a non-trading day,date absent from the Nifty 50 trading calendar,dropped,price data
APARINDS,2012-01-02,E_calendar,row on a non-trading day,date absent from the Nifty 50 trading calendar,dropped,price data
APARINDS,2014-04-24,E_calendar,row on a non-trading day,date absent from the Nifty 50 trading calendar,dropped,price data
APARINDS,2014-10-15,E_calendar,row on a non-trading day,date absent from the Nifty 50 trading calendar,dropped,price data
APARINDS,2026-01-15,E_calendar,row on a non-trading day,date absent from the Nifty 50 trading calendar,dropped,price data
APARINDS,2026-05-01,E_calendar,row on a non-trading day,date absent from the Nifty 50 trading calendar,dropped,price data
APARINDS,2026-05-28,E_calendar,row on a non-trading day,date absent from the Nifty 50 trading calendar,dropped,price data
APARINDS,2026-06-26,E_calendar,row on a non-trading day,date absent from the Nifty 50 trading calendar,dropped,price data
APARINDS,2026-09-14,E_calendar,row on a non-trading day,date absent from the Nifty 50 trading calendar,dropped,price data
APARINDS,2026-10-02,E_calendar,row on a non-trading day,date absent from the Nifty 50 trading calendar,dropped,price data
APARINDS,2025-03-18,A_split_bonus,Adj Close differs from Yahoo by > 0.5%,max gap 8.10% on 2025-03-18,kept our rebuild — dividends from NSE records rather than Yahoo's,yfinance Adj Close vs our rebuild
APARINDS,2021-04-26,D_bad_print,daily move beyond ±20%,r = +20.0%,"kept — genuine move: no corporate action within ±3 days, did not revert; Nifty 50 +1.0% that day",price data
APOLLOHOSP,2008-11-27,E_calendar,row on a non-trading day,date absent from the Nifty 50 trading calendar,dropped,price data
APOLLOHOSP,2009-04-30,E_calendar,row on a non-trading day,date absent from the Nifty 50 trading calendar,dropped,price data
APOLLOHOSP,2009-10-13,E_calendar,row on a non-trading day,date absent from the Nifty 50 trading calendar,dropped,price data
APOLLOHOSP,2011-05-31,E_calendar,row on a non-trading day,date absent from the Nifty 50 trading calendar,dropped,price data
APOLLOHOSP,2011-07-14,E_calendar,row on a non-trading day,date absent from the Nifty 50 trading calendar,dropped,price data
APOLLOHOSP,2011-11-24,E_calendar,row on a non-trading day,date absent from the Nifty 50 trading calendar,dropped,price data
APOLLOHOSP,2011-12-26,E_calendar,row on a non-trading day,date absent from the Nifty 50 trading calendar,dropped,price data
APOLLOHOSP,2012-01-02,E_calendar,row on a non-trading day,date absent from the Nifty 50 trading calendar,dropped,price data
APOLLOHOSP,2014-04-24,E_calendar,row on a non-trading day,date absent from the Nifty 50 trading calendar,dropped,price data
APOLLOHOSP,2014-10-15,E_calendar,row on a non-trading day,date absent from the Nifty 50 trading calendar,dropped,price data
APOLLOHOSP,2026-01-15,E_calendar,row on a non-trading day,date absent from the Nifty 50 trading calendar,dropped,price data
APOLLOHOSP,2026-05-01,E_calendar,row on a non-trading day,date absent from the Nifty 50 trading calendar,dropped,price data
APOLLOHOSP,2026-05-28,E_calendar,row on a non-trading day,date absent from the Nifty 50 trading calendar,dropped,price data
APOLLOHOSP,2026-06-26,E_calendar,row on a non-trading day,date absent from the Nifty 50 trading calendar,dropped,price data
APOLLOHOSP,2026-09-14,E_calendar,row on a non-trading day,date absent from the Nifty 50 trading calendar,dropped,price data
APOLLOHOSP,2026-10-02,E_calendar,row on a non-trading day,date absent from the Nifty 50 trading calendar,dropped,price data
APOLLOHOSP,2010-09-02,A_split_bonus,split/bonus verified,Face Value Split From Rs.10/- To Rs.5/-; Yahoo 2-for-1; price ratio 0.4967,applied,NSE corporate actions; yfinance action history
APOLLOHOSP,2020-03-20,D_bad_print,spike-and-revert confirmed genuine,"r_t = +15.5%, r_t+1 = -15.0%; the exchange's official close agrees",kept (real move),NSE bhavcopy
APOLLOHOSP,2025-03-18,A_split_bonus,Adj Close differs from Yahoo by > 0.5%,max gap 1.46% on 2025-03-18,kept our rebuild — dividends from NSE records rather than Yahoo's,yfinance Adj Close vs our rebuild
ASHOKLEY,2008-11-27,E_calendar,row on a non-trading day,date absent from the Nifty 50 trading calendar,dropped,price data
ASHOKLEY,2009-04-30,E_calendar,row on a non-trading day,date absent from the Nifty 50 trading calendar,dropped,price data
ASHOKLEY,2009-10-13,E_calendar,row on a non-trading day,date absent from the Nifty 50 trading calendar,dropped,price data
ASHOKLEY,2011-05-31,E_calendar,row on a non-trading day,date absent from the Nifty 50 trading calendar,dropped,price data
ASHOKLEY,2011-07-14,E_calendar,row on a non-trading day,date absent from the Nifty 50 trading calendar,dropped,price data
ASHOKLEY,2011-11-24,E_calendar,row on a non-trading day,date absent from the Nifty 50 trading calendar,dropped,price data
ASHOKLEY,2011-12-26,E_calendar,row on a non-trading day,date absent from the Nifty 50 trading calendar,dropped,price data
ASHOKLEY,2012-01-02,E_calendar,row on a non-trading day,date absent from the Nifty 50 trading calendar,dropped,price data
ASHOKLEY,2014-04-24,E_calendar,row on a non-trading day,date absent from the Nifty 50 trading calendar,dropped,price data
ASHOKLEY,2014-10-15,E_calendar,row on a non-trading day,date absent from the Nifty 50 trading calendar,dropped,price data
ASHOKLEY,2026-01-15,E_calendar,row on a non-trading day,date absent from the Nifty 50 trading calendar,dropped,price data
ASHOKLEY,2026-05-01,E_calendar,row on a non-trading day,date absent from the Nifty 50 trading calendar,dropped,price data
ASHOKLEY,2026-05-28,E_calendar,row on a non-trading day,date absent from the Nifty 50 trading calendar,dropped,price data
ASHOKLEY,2026-06-26,E_calendar,row on a non-trading day,date absent from the Nifty 50 trading calendar,dropped,price data
ASHOKLEY,2026-09-14,E_calendar,row on a non-trading day,date absent from the Nifty 50 trading calendar,dropped,price data
ASHOKLEY,2026-10-02,E_calendar,row on a non-trading day,date absent from the Nifty 50 trading calendar,dropped,price data
ASHOKLEY,2011-08-02,A_split_bonus,split/bonus verified,Bonus 1:1; Yahoo 2-for-1; price ratio 0.5034,applied,NSE corporate actions; yfinance action history
ASHOKLEY,2025-07-16,A_split_bonus,split/bonus verified,Bonus 1:1; Yahoo 2-for-1; price ratio 0.4966,applied,NSE corporate actions; yfinance action history
ASHOKLEY,2020-03-19,A_split_bonus,split-like move with no corporate action,price ratio 0.7479 ≈ bonus 1:3 (Nifty 50 -2.4% that day); no split/bonus in NSE or Yahoo records within ±7 days,kept as a genuine move,NSE corporate actions; yfinance action history
ASHOKLEY,2025-03-18,A_split_bonus,Adj Close differs from Yahoo by > 0.5%,max gap 2.66% on 2025-03-18,kept our rebuild — dividends from NSE records rather than Yahoo's,yfinance Adj Close vs our rebuild
ASHOKLEY,2020-03-19,D_bad_print,daily move beyond ±20%,r = -24.6%,"kept — genuine move: no corporate action within ±3 days, did not revert; Nifty 50 -2.4% that day",price data
ASHOKLEY,2020-03-26,D_bad_print,daily move beyond ±20%,r = +24.4%,"kept — genuine move: no corporate action within ±3 days, did not revert; Nifty 50 +3.9% that day",price data
ASIANPAINT,2008-11-27,E_calendar,row on a non-trading day,date absent from the Nifty 50 trading calendar,dropped,price data
ASIANPAINT,2009-04-30,E_calendar,row on a non-trading day,date absent from the Nifty 50 trading calendar,dropped,price data
ASIANPAINT,2009-10-13,E_calendar,row on a non-trading day,date absent from the Nifty 50 trading calendar,dropped,price data
ASIANPAINT,2011-05-31,E_calendar,row on a non-trading day,date absent from the Nifty 50 trading calendar,dropped,price data
ASIANPAINT,2011-07-14,E_calendar,row on a non-trading day,date absent from the Nifty 50 trading calendar,dropped,price data
ASIANPAINT,2011-11-24,E_calendar,row on a non-trading day,date absent from the Nifty 50 trading calendar,dropped,price data
ASIANPAINT,2011-12-26,E_calendar,row on a non-trading day,date absent from the Nifty 50 trading calendar,dropped,price data
ASIANPAINT,2012-01-02,E_calendar,row on a non-trading day,date absent from the Nifty 50 trading calendar,dropped,price data
ASIANPAINT,2014-04-24,E_calendar,row on a non-trading day,date absent from the Nifty 50 trading calendar,dropped,price data
ASIANPAINT,2014-10-15,E_calendar,row on a non-trading day,date absent from the Nifty 50 trading calendar,dropped,price data
ASIANPAINT,2026-01-15,E_calendar,row on a non-trading day,date absent from the Nifty 50 trading calendar,dropped,price data
ASIANPAINT,2026-05-01,E_calendar,row on a non-trading day,date absent from the Nifty 50 trading calendar,dropped,price data
ASIANPAINT,2026-05-28,E_calendar,row on a non-trading day,date absent from the Nifty 50 trading calendar,dropped,price data
ASIANPAINT,2026-06-26,E_calendar,row on a non-trading day,date absent from the Nifty 50 trading calendar,dropped,price data
ASIANPAINT,2026-09-14,E_calendar,row on a non-trading day,date absent from the Nifty 50 trading calendar,dropped,price data
ASIANPAINT,2026-10-02,E_calendar,row on a non-trading day,date absent from the Nifty 50 trading calendar,dropped,price data
ASIANPAINT,2013-07-30,A_split_bonus,split/bonus verified,Face Value Split Rs 10 To Re 1; Yahoo 10-for-1; price ratio 0.0998,applied,NSE corporate actions; yfinance action history
ASIANPAINT,2025-03-18,A_split_bonus,Adj Close differs from Yahoo by > 0.5%,max gap 2.45% on 2025-03-18,kept our rebuild — dividends from NSE records rather than Yahoo's,yfinance Adj Close vs our rebuild
ASTRAL,2008-11-27,E_calendar,row on a non-trading day,date absent from the Nifty 50 trading calendar,dropped,price data
ASTRAL,2009-04-30,E_calendar,row on a non-trading day,date absent from the Nifty 50 trading calendar,dropped,price data
ASTRAL,2009-10-13,E_calendar,row on a non-trading day,date absent from the Nifty 50 trading calendar,dropped,price data
ASTRAL,2011-05-31,E_calendar,row on a non-trading day,date absent from the Nifty 50 trading calendar,dropped,price data
ASTRAL,2011-07-14,E_calendar,row on a non-trading day,date absent from the Nifty 50 trading calendar,dropped,price data
ASTRAL,2011-11-24,E_calendar,row on a non-trading day,date absent from the Nifty 50 trading calendar,dropped,price data
ASTRAL,2011-12-26,E_calendar,row on a non-trading day,date absent from the Nifty 50 trading calendar,dropped,price data
ASTRAL,2012-01-02,E_calendar,row on a non-trading day,date absent from the Nifty 50 trading calendar,dropped,price data
ASTRAL,2014-04-24,E_calendar,row on a non-trading day,date absent from the Nifty 50 trading calendar,dropped,price data
ASTRAL,2014-10-15,E_calendar,row on a non-trading day,date absent from the Nifty 50 trading calendar,dropped,price data
ASTRAL,2026-01-15,E_calendar,row on a non-trading day,date absent from the Nifty 50 trading calendar,dropped,price data
ASTRAL,2026-05-01,E_calendar,row on a non-trading day,date absent from the Nifty 50 trading calendar,dropped,price data
ASTRAL,2026-05-28,E_calendar,row on a non-trading day,date absent from the Nifty 50 trading calendar,dropped,price data
ASTRAL,2026-06-26,E_calendar,row on a non-trading day,date absent from the Nifty 50 trading calendar,dropped,price data
ASTRAL,2026-09-14,E_calendar,row on a non-trading day,date absent from the Nifty 50 trading calendar,dropped,price data
ASTRAL,2026-10-02,E_calendar,row on a non-trading day,date absent from the Nifty 50 trading calendar,dropped,price data
ASTRAL,2010-09-15,A_split_bonus,split/bonus verified,Face Value Split From Rs.10/- To Rs.5/-; Yahoo 2-for-1; price ratio 0.5227,applied,NSE corporate actions; yfinance action history
ASTRAL,2013-09-05,A_split_bonus,split/bonus verified,Face Value Split From Rs.5/- To Rs.2/-; Yahoo 2.5-for-1; price ratio 0.4433,applied,NSE corporate actions; yfinance action history
ASTRAL,2014-09-25,A_split_bonus,split/bonus verified,Face Value Split From Rs 2/- Per Share To Re 1/- Per Share; Yahoo 2-for-1; price ratio 0.4761,applied,NSE corporate actions; yfinance action history
ASTRAL,2019-09-16,A_split_bonus,split/bonus verified,Bonus 1:4; Yahoo 1.25-for-1; price ratio 0.8309,applied,NSE corporate actions; yfinance action history
ASTRAL,2021-03-18,A_split_bonus,split/bonus verified,Bonus 1:3; Yahoo 1.33333-for-1; price ratio 0.6989,applied,NSE corporate actions; yfinance action history
ASTRAL,2023-03-14,A_split_bonus,split/bonus verified,Bonus 1:3; Yahoo 1.33333-for-1; price ratio 0.7380,applied,NSE corporate actions; yfinance action history
ASTRAL,2025-03-18,A_split_bonus,Adj Close differs from Yahoo by > 0.5%,max gap 1.31% on 2025-03-18,kept our rebuild — dividends from NSE records rather than Yahoo's,yfinance Adj Close vs our rebuild
ASTRAL,2012-04-13,E_calendar,stale price run,5 identical closes of 17.57 from 2012-04-13 to 2012-04-19,flagged; kept (possible suspension or illiquidity),price data
AUROPHARMA,2008-11-27,E_calendar,row on a non-trading day,date absent from the Nifty 50 trading calendar,dropped,price data
AUROPHARMA,2009-04-30,E_calendar,row on a non-trading day,date absent from the Nifty 50 trading calendar,dropped,price data
AUROPHARMA,2009-10-13,E_calendar,row on a non-trading day,date absent from the Nifty 50 trading calendar,dropped,price data
AUROPHARMA,2011-05-31,E_calendar,row on a non-trading day,date absent from the Nifty 50 trading calendar,dropped,price data
AUROPHARMA,2011-07-14,E_calendar,row on a non-trading day,date absent from the Nifty 50 trading calendar,dropped,price data
AUROPHARMA,2011-11-24,E_calendar,row on a non-trading day,date absent from the Nifty 50 trading calendar,dropped,price data
AUROPHARMA,2011-12-26,E_calendar,row on a non-trading day,date absent from the Nifty 50 trading calendar,dropped,price data
AUROPHARMA,2012-01-02,E_calendar,row on a non-trading day,date absent from the Nifty 50 trading calendar,dropped,price data
AUROPHARMA,2014-04-24,E_calendar,row on a non-trading day,date absent from the Nifty 50 trading calendar,dropped,price data
AUROPHARMA,2014-10-15,E_calendar,row on a non-trading day,date absent from the Nifty 50 trading calendar,dropped,price data
AUROPHARMA,2026-05-01,E_calendar,row on a non-trading day,date absent from the Nifty 50 trading calendar,dropped,price data
AUROPHARMA,2026-05-28,E_calendar,row on a non-trading day,date absent from the Nifty 50 trading calendar,dropped,price data
AUROPHARMA,2026-06-26,E_calendar,row on a non-trading day,date absent from the Nifty 50 trading calendar,dropped,price data
AUROPHARMA,2026-09-14,E_calendar,row on a non-trading day,date absent from the Nifty 50 trading calendar,dropped,price data
AUROPHARMA,2026-10-02,E_calendar,row on a non-trading day,date absent from the Nifty 50 trading calendar,dropped,price data
AUROPHARMA,2011-02-10,A_split_bonus,split/bonus verified,Face Value Split From Rs.5/- To Re.1/-; Yahoo 5-for-1; price ratio 0.2079,applied,NSE corporate actions; yfinance action history
AUROPHARMA,2015-07-20,A_split_bonus,split/bonus verified,Bonus 1:1; Yahoo 2-for-1; price ratio 0.5087,applied,NSE corporate actions; yfinance action history
AUROPHARMA,2008-02-15,A_split_bonus,Adj Close differs from Yahoo by > 0.5%,max gap 3.42% on 2008-02-15,kept our rebuild — dividends from NSE records rather than Yahoo's,yfinance Adj Close vs our rebuild
AUROPHARMA,2008-10-08,D_bad_print,daily move beyond ±20%,r = -22.0%,"kept — genuine move: no corporate action within ±3 days, did not revert; Nifty 50 -2.6% that day",price data
AUROPHARMA,2020-02-19,D_bad_print,daily move beyond ±20%,r = +20.3%,"kept — genuine move: no corporate action within ±3 days, did not revert; Nifty 50 +1.1% that day",price data
DMART,2026-01-15,E_calendar,row on a non-trading day,date absent from the Nifty 50 trading calendar,dropped,price data
DMART,2026-05-01,E_calendar,row on a non-trading day,date absent from the Nifty 50 trading calendar,dropped,price data
DMART,2026-05-28,E_calendar,row on a non-trading day,date absent from the Nifty 50 trading calendar,dropped,price data
DMART,2026-06-26,E_calendar,row on a non-trading day,date absent from the Nifty 50 trading calendar,dropped,price data
DMART,2026-09-14,E_calendar,row on a non-trading day,date absent from the Nifty 50 trading calendar,dropped,price data
DMART,2026-10-02,E_calendar,row on a non-trading day,date absent from the Nifty 50 trading calendar,dropped,price data
AXISBANK,2008-11-27,E_calendar,row on a non-trading day,date absent from the Nifty 50 trading calendar,dropped,price data
AXISBANK,2009-04-30,E_calendar,row on a non-trading day,date absent from the Nifty 50 trading calendar,dropped,price data
AXISBANK,2009-10-13,E_calendar,row on a non-trading day,date absent from the Nifty 50 trading calendar,dropped,price data
AXISBANK,2011-05-31,E_calendar,row on a non-trading day,date absent from the Nifty 50 trading calendar,dropped,price data
AXISBANK,2011-07-14,E_calendar,row on a non-trading day,date absent from the Nifty 50 trading calendar,dropped,price data
AXISBANK,2011-11-24,E_calendar,row on a non-trading day,date absent from the Nifty 50 trading calendar,dropped,price data
AXISBANK,2011-12-26,E_calendar,row on a non-trading day,date absent from the Nifty 50 trading calendar,dropped,price data
AXISBANK,2012-01-02,E_calendar,row on a non-trading day,date absent from the Nifty 50 trading calendar,dropped,price data
AXISBANK,2014-04-24,E_calendar,row on a non-trading day,date absent from the Nifty 50 trading calendar,dropped,price data
AXISBANK,2014-10-15,E_calendar,row on a non-trading day,date absent from the Nifty 50 trading calendar,dropped,price data
AXISBANK,2026-01-15,E_calendar,row on a non-trading day,date absent from the Nifty 50 trading calendar,dropped,price data
AXISBANK,2026-05-01,E_calendar,row on a non-trading day,date absent from the Nifty 50 trading calendar,dropped,price data
AXISBANK,2026-05-28,E_calendar,row on a non-trading day,date absent from the Nifty 50 trading calendar,dropped,price data
AXISBANK,2026-06-26,E_calendar,row on a non-trading day,date absent from the Nifty 50 trading calendar,dropped,price data
AXISBANK,2026-09-14,E_calendar,row on a non-trading day,date absent from the Nifty 50 trading calendar,dropped,price data
AXISBANK,2026-10-02,E_calendar,row on a non-trading day,date absent from the Nifty 50 trading calendar,dropped,price data
AXISBANK,2014-07-28,A_split_bonus,split/bonus verified,Face Value Split From Rs 10/- To Rs 2/- Per Share; Yahoo 5-for-1; price ratio 0.1991,applied,NSE corporate actions; yfinance action history
AXISBANK,2007-10-04,A_split_bonus,Adj Close differs from Yahoo by > 0.5%,max gap 1.77% on 2007-10-04,kept our rebuild — dividends from NSE records rather than Yahoo's,yfinance Adj Close vs our rebuild
AXISBANK,2020-03-23,D_bad_print,daily move beyond ±20%,r = -27.9%,"kept — genuine move: no corporate action within ±3 days, did not revert; Nifty 50 -13.0% that day",price data
BSE,2026-01-15,E_calendar,row on a non-trading day,date absent from the Nifty 50 trading calendar,dropped,price data
BSE,2026-05-01,E_calendar,row on a non-trading day,date absent from the Nifty 50 trading calendar,dropped,price data
BSE,2026-05-28,E_calendar,row on a non-trading day,date absent from the Nifty 50 trading calendar,dropped,price data
BSE,2026-06-26,E_calendar,row on a non-trading day,date absent from the Nifty 50 trading calendar,dropped,price data
BSE,2026-09-14,E_calendar,row on a non-trading day,date absent from the Nifty 50 trading calendar,dropped,price data
BSE,2026-10-02,E_calendar,row on a non-trading day,date absent from the Nifty 50 trading calendar,dropped,price data
BSE,2022-03-21,A_split_bonus,split/bonus verified,Bonus 2:1; Yahoo 3-for-1; price ratio 0.3319,applied,NSE corporate actions; yfinance action history
BSE,2025-05-23,A_split_bonus,split/bonus verified,Bonus 2:1; Yahoo 3-for-1; price ratio 0.3499,applied,NSE corporate actions; yfinance action history
BSE,2025-03-18,A_split_bonus,Adj Close differs from Yahoo by > 0.5%,max gap 4.65% on 2025-03-18,kept our rebuild — dividends from NSE records rather than Yahoo's,yfinance Adj Close vs our rebuild
BAJAJ-AUTO,2008-11-27,E_calendar,row on a non-trading day,date absent from the Nifty 50 trading calendar,dropped,price data
BAJAJ-AUTO,2009-04-30,E_calendar,row on a non-trading day,date absent from the Nifty 50 trading calendar,dropped,price data
BAJAJ-AUTO,2009-10-13,E_calendar,row on a non-trading day,date absent from the Nifty 50 trading calendar,dropped,price data
BAJAJ-AUTO,2011-05-31,E_calendar,row on a non-trading day,date absent from the Nifty 50 trading calendar,dropped,price data
BAJAJ-AUTO,2011-07-14,E_calendar,row on a non-trading day,date absent from the Nifty 50 trading calendar,dropped,price data
BAJAJ-AUTO,2011-11-24,E_calendar,row on a non-trading day,date absent from the Nifty 50 trading calendar,dropped,price data
BAJAJ-AUTO,2011-12-26,E_calendar,row on a non-trading day,date absent from the Nifty 50 trading calendar,dropped,price data
BAJAJ-AUTO,2012-01-02,E_calendar,row on a non-trading day,date absent from the Nifty 50 trading calendar,dropped,price data
BAJAJ-AUTO,2014-04-24,E_calendar,row on a non-trading day,date absent from the Nifty 50 trading calendar,dropped,price data
BAJAJ-AUTO,2014-10-15,E_calendar,row on a non-trading day,date absent from the Nifty 50 trading calendar,dropped,price data
BAJAJ-AUTO,2026-01-15,E_calendar,row on a non-trading day,date absent from the Nifty 50 trading calendar,dropped,price data
BAJAJ-AUTO,2026-05-01,E_calendar,row on a non-trading day,date absent from the Nifty 50 trading calendar,dropped,price data
BAJAJ-AUTO,2026-05-28,E_calendar,row on a non-trading day,date absent from the Nifty 50 trading calendar,dropped,price data
BAJAJ-AUTO,2026-06-26,E_calendar,row on a non-trading day,date absent from the Nifty 50 trading calendar,dropped,price data
BAJAJ-AUTO,2026-09-14,E_calendar,row on a non-trading day,date absent from the Nifty 50 trading calendar,dropped,price data
BAJAJ-AUTO,2026-10-02,E_calendar,row on a non-trading day,date absent from the Nifty 50 trading calendar,dropped,price data
BAJAJ-AUTO,2008-05-26,C_symbol,Yahoo history before NSE listing,"Yahoo has prices from 2007-01-02, but NSE's bhavcopy first lists BAJAJ-AUTO on 2008-05-26",dropped Yahoo rows before 2008-05-26,NSE bhavcopies
BAJAJ-AUTO,2010-09-08,A_split_bonus,split/bonus verified,Bonus 1:1; Yahoo 2-for-1; price ratio 0.4940,applied,NSE corporate actions; yfinance action history
BAJAJ-AUTO,2025-03-18,A_split_bonus,Adj Close differs from Yahoo by > 0.5%,max gap 1.70% on 2025-03-18,kept our rebuild — dividends from NSE records rather than Yahoo's,yfinance Adj Close vs our rebuild
BAJFINANCE,2008-11-27,E_calendar,row on a non-trading day,date absent from the Nifty 50 trading calendar,dropped,price data
BAJFINANCE,2009-04-30,E_calendar,row on a non-trading day,date absent from the Nifty 50 trading calendar,dropped,price data
BAJFINANCE,2009-10-13,E_calendar,row on a non-trading day,date absent from the Nifty 50 trading calendar,dropped,price data
BAJFINANCE,2011-05-31,E_calendar,row on a non-trading day,date absent from the Nifty 50 trading calendar,dropped,price data
BAJFINANCE,2011-07-14,E_calendar,row on a non-trading day,date absent from the Nifty 50 trading calendar,dropped,price data
BAJFINANCE,2011-11-24,E_calendar,row on a non-trading day,date absent from the Nifty 50 trading calendar,dropped,price data
BAJFINANCE,2011-12-26,E_calendar,row on a non-trading day,date absent from the Nifty 50 trading calendar,dropped,price data
BAJFINANCE,2012-01-02,E_calendar,row on a non-trading day,date absent from the Nifty 50 trading calendar,dropped,price data
BAJFINANCE,2014-04-24,E_calendar,row on a non-trading day,date absent from the Nifty 50 trading calendar,dropped,price data
BAJFINANCE,2014-10-15,E_calendar,row on a non-trading day,date absent from the Nifty 50 trading calendar,dropped,price data
BAJFINANCE,2026-01-15,E_calendar,row on a non-trading day,date absent from the Nifty 50 trading calendar,dropped,price data
BAJFINANCE,2026-05-01,E_calendar,row on a non-trading day,date absent from the Nifty 50 trading calendar,dropped,price data
BAJFINANCE,2026-05-28,E_calendar,row on a non-trading day,date absent from the Nifty 50 trading calendar,dropped,price data
BAJFINANCE,2026-06-26,E_calendar,row on a non-trading day,date absent from the Nifty 50 trading calendar,dropped,price data
BAJFINANCE,2026-09-14,E_calendar,row on a non-trading day,date absent from the Nifty 50 trading calendar,dropped,price data
BAJFINANCE,2026-10-02,E_calendar,row on a non-trading day,date absent from the Nifty 50 trading calendar,dropped,price data
BAJFINANCE,2013-01-23,A_split_bonus,Yahoo price level inconsistent with NSE,NSE close ÷ Yahoo close steps from 10.2925 to 10.0000 (Yahoo applied an unrecorded factor 1.0292 to earlier prices). NSE actions: Rights 3:19 @ Premium Rs 1090 Per Share,rescaled Yahoo's history to NSE's official closes; adjustment rebuilt from NSE actions below,NSE bhavcopies (bisection to 2013-01-23)
BAJFINANCE,2016-09-08,A_split_bonus,Yahoo price level inconsistent with NSE,NSE close ÷ Yahoo close steps from 10.0000 to 5.0000 (Yahoo applied an unrecorded factor 2.0000 to earlier prices). NSE actions: Face Value Split (Sub-Division) - From Rs 10/- Per Share To Rs 2/- Per Share; Bonus 1:1,rescaled Yahoo's history to NSE's official closes; adjustment rebuilt from NSE actions below,NSE bhavcopies (bisection to 2016-09-08)
BAJFINANCE,2025-06-16,A_split_bonus,Yahoo price level inconsistent with NSE,NSE close ÷ Yahoo close steps from 5.0000 to 1.0000 (Yahoo applied an unrecorded factor 5.0000 to earlier prices). NSE actions: Face Value Split (Sub-Division) - From Rs 2/- Per Share To Re 1/- Per Share; Bonus 4:1,rescaled Yahoo's history to NSE's official closes; adjustment rebuilt from NSE actions below,NSE bhavcopies (bisection to 2025-06-16)
BAJFINANCE,2016-09-08,A_split_bonus,Yahoo split ratio differs from NSE,Yahoo 5-for-1 vs NSE price factor 0.1000,used NSE's ratio,NSE corporate actions; yfinance action history
BAJFINANCE,2025-06-16,A_split_bonus,Yahoo split ratio differs from NSE,Yahoo 2-for-1 vs NSE price factor 0.1000,used NSE's ratio,NSE corporate actions; yfinance action history
BAJFINANCE,2013-01-23,A_split_bonus,rights issue adjusted,"Rights 3:19 @ Premium Rs 1090 Per Share; cum-rights close ₹1,389.55; subscription ₹1,091.00; factor 0.9707",pre-event history multiplied by the theoretical ex-rights factor,NSE corporate actions (Rights 3:19 @ Premium Rs 1090 Per Share)
BAJFINANCE,2020-03-23,A_split_bonus,split-like move with no corporate action,price ratio 0.7677 ≈ bonus 1:3 (Nifty 50 -13.0% that day); no split/bonus in NSE or Yahoo records within ±7 days,kept as a genuine move,NSE corporate actions; yfinance action history
BAJFINANCE,2025-03-18,A_split_bonus,Adj Close differs from Yahoo by > 0.5%,max gap 1.19% on 2025-03-18,kept our rebuild — 3 Yahoo level error(s) corrected against NSE; demerger handled differently from Yahoo; dividends from NSE records rather than Yahoo's,yfinance Adj Close vs our rebuild
BAJFINANCE,2008-10-08,D_bad_print,daily move beyond ±20%,r = -20.0%,"kept — genuine move: no corporate action within ±3 days, did not revert; Nifty 50 -2.6% that day",price data
BAJFINANCE,2008-10-13,D_bad_print,daily move beyond ±20%,r = +20.0%,"kept — genuine move: no corporate action within ±3 days, did not revert; Nifty 50 +6.4% that day",price data
BAJFINANCE,2009-03-23,D_bad_print,daily move beyond ±20%,r = +20.1%,"kept — genuine move: no corporate action within ±3 days, did not revert; Nifty 50 +4.7% that day",price data
BAJFINANCE,2009-05-19,D_bad_print,daily move beyond ±20%,r = +20.0%,"kept — genuine move: no corporate action within ±3 days, did not revert; Nifty 50 -0.1% that day",price data
BAJFINANCE,2020-03-23,D_bad_print,daily move beyond ±20%,r = -23.2%,"kept — genuine move: no corporate action within ±3 days, did not revert; Nifty 50 -13.0% that day",price data
BAJAJFINSV,2008-11-27,E_calendar,row on a non-trading day,date absent from the Nifty 50 trading calendar,dropped,price data
BAJAJFINSV,2009-04-30,E_calendar,row on a non-trading day,date absent from the Nifty 50 trading calendar,dropped,price data
BAJAJFINSV,2009-10-13,E_calendar,row on a non-trading day,date absent from the Nifty 50 trading calendar,dropped,price data
BAJAJFINSV,2011-05-31,E_calendar,row on a non-trading day,date absent from the Nifty 50 trading calendar,dropped,price data
BAJAJFINSV,2011-07-14,E_calendar,row on a non-trading day,date absent from the Nifty 50 trading calendar,dropped,price data
BAJAJFINSV,2011-11-24,E_calendar,row on a non-trading day,date absent from the Nifty 50 trading calendar,dropped,price data
BAJAJFINSV,2011-12-26,E_calendar,row on a non-trading day,date absent from the Nifty 50 trading calendar,dropped,price data
BAJAJFINSV,2012-01-02,E_calendar,row on a non-trading day,date absent from the Nifty 50 trading calendar,dropped,price data
BAJAJFINSV,2014-04-24,E_calendar,row on a non-trading day,date absent from the Nifty 50 trading calendar,dropped,price data
BAJAJFINSV,2014-10-15,E_calendar,row on a non-trading day,date absent from the Nifty 50 trading calendar,dropped,price data
BAJAJFINSV,2026-01-15,E_calendar,row on a non-trading day,date absent from the Nifty 50 trading calendar,dropped,price data
BAJAJFINSV,2026-05-01,E_calendar,row on a non-trading day,date absent from the Nifty 50 trading calendar,dropped,price data
BAJAJFINSV,2026-05-28,E_calendar,row on a non-trading day,date absent from the Nifty 50 trading calendar,dropped,price data
BAJAJFINSV,2026-06-26,E_calendar,row on a non-trading day,date absent from the Nifty 50 trading calendar,dropped,price data
BAJAJFINSV,2026-09-14,E_calendar,row on a non-trading day,date absent from the Nifty 50 trading calendar,dropped,price data
BAJAJFINSV,2026-10-02,E_calendar,row on a non-trading day,date absent from the Nifty 50 trading calendar,dropped,price data
BAJAJFINSV,2012-09-06,A_split_bonus,Yahoo price level inconsistent with NSE,NSE close ÷ Yahoo close steps from 2.0357 to 2.0000 (Yahoo applied an unrecorded factor 1.0178 to earlier prices). NSE actions: Rights 1:10 @ Premium Rs.645/- Per Share,rescaled Yahoo's history to NSE's official closes; adjustment rebuilt from NSE actions below,NSE bhavcopies (bisection to 2012-09-06)
BAJAJFINSV,2022-09-13,A_split_bonus,Yahoo price level inconsistent with NSE,NSE close ÷ Yahoo close steps from 2.0000 to 1.0000 (Yahoo applied an unrecorded factor 2.0000 to earlier prices). NSE actions: Face Value Split (Sub-Division) - From Rs 5/- Per Share To Re 1/- Per Share; Bonus 1:1,rescaled Yahoo's history to NSE's official closes; adjustment rebuilt from NSE actions below,NSE bhavcopies (bisection to 2022-09-13)
BAJAJFINSV,2008-05-26,C_symbol,Yahoo history before NSE listing,"Yahoo has prices from 2007-01-02, but NSE's bhavcopy first lists BAJAJFINSV on 2008-05-26",dropped Yahoo rows before 2008-05-26,NSE bhavcopies
BAJAJFINSV,2022-09-13,A_split_bonus,Yahoo split ratio differs from NSE,Yahoo 5-for-1 vs NSE price factor 0.1000,used NSE's ratio,NSE corporate actions; yfinance action history
BAJAJFINSV,2012-09-06,A_split_bonus,rights issue adjusted,Rights 1:10 @ Premium Rs.645/- Per Share; cum-rights close ₹805.35; subscription ₹646.00; factor 0.9820,pre-event history multiplied by the theoretical ex-rights factor,NSE corporate actions (Rights 1:10 @ Premium Rs.645/- Per Share)
BAJAJFINSV,2020-03-23,A_split_bonus,split-like move with no corporate action,price ratio 0.7414 ≈ bonus 1:3 (Nifty 50 -13.0% that day); no split/bonus in NSE or Yahoo records within ±7 days,kept as a genuine move,NSE corporate actions; yfinance action history
BAJAJFINSV,2025-03-18,A_split_bonus,Adj Close differs from Yahoo by > 0.5%,max gap 1.44% on 2025-03-18,kept our rebuild — 2 Yahoo level error(s) corrected against NSE; demerger handled differently from Yahoo; dividends from NSE records rather than Yahoo's,yfinance Adj Close vs our rebuild
BAJAJFINSV,2011-03-03,D_bad_print,daily move beyond ±20%,r = +20.0%,"kept — genuine move: no corporate action within ±3 days, did not revert; Nifty 50 +0.3% that day",price data
BAJAJFINSV,2020-03-23,D_bad_print,daily move beyond ±20%,r = -25.9%,"kept — genuine move: no corporate action within ±3 days, did not revert; Nifty 50 -13.0% that day",price data
BAJAJHLDNG,2008-11-27,E_calendar,row on a non-trading day,date absent from the Nifty 50 trading calendar,dropped,price data
BAJAJHLDNG,2009-04-30,E_calendar,row on a non-trading day,date absent from the Nifty 50 trading calendar,dropped,price data
BAJAJHLDNG,2009-10-13,E_calendar,row on a non-trading day,date absent from the Nifty 50 trading calendar,dropped,price data
BAJAJHLDNG,2011-05-31,E_calendar,row on a non-trading day,date absent from the Nifty 50 trading calendar,dropped,price data
BAJAJHLDNG,2011-07-14,E_calendar,row on a non-trading day,date absent from the Nifty 50 trading calendar,dropped,price data
BAJAJHLDNG,2011-11-24,E_calendar,row on a non-trading day,date absent from the Nifty 50 trading calendar,dropped,price data
BAJAJHLDNG,2011-12-26,E_calendar,row on a non-trading day,date absent from the Nifty 50 trading calendar,dropped,price data
BAJAJHLDNG,2012-01-02,E_calendar,row on a non-trading day,date absent from the Nifty 50 trading calendar,dropped,price data
BAJAJHLDNG,2014-04-24,E_calendar,row on a non-trading day,date absent from the Nifty 50 trading calendar,dropped,price data
BAJAJHLDNG,2014-10-15,E_calendar,row on a non-trading day,date absent from the Nifty 50 trading calendar,dropped,price data
BAJAJHLDNG,2026-01-15,E_calendar,row on a non-trading day,date absent from the Nifty 50 trading calendar,dropped,price data
BAJAJHLDNG,2026-05-01,E_calendar,row on a non-trading day,date absent from the Nifty 50 trading calendar,dropped,price data
BAJAJHLDNG,2026-05-28,E_calendar,row on a non-trading day,date absent from the Nifty 50 trading calendar,dropped,price data
BAJAJHLDNG,2026-06-26,E_calendar,row on a non-trading day,date absent from the Nifty 50 trading calendar,dropped,price data
BAJAJHLDNG,2026-09-14,E_calendar,row on a non-trading day,date absent from the Nifty 50 trading calendar,dropped,price data
BAJAJHLDNG,2009-07-01,F_integrity,single-day disagreement with NSE,NSE close ÷ Yahoo close = 1.1425 on one checkpoint only,no level change; day kept,NSE bhavcopy 2009-07-01
BAJAJHLDNG,2008-03-14,B_demerger,demerger: no official ratio found,"one-day price ratio 0.3621, -66.4% vs Nifty 50","dropped that single day's return (missing, not a loss)",NSE corporate actions (Scheme Of Arrangement)
BAJAJHLDNG,2007-12-31,A_split_bonus,Adj Close differs from Yahoo by > 0.5%,max gap 63.79% on 2007-12-31,kept our rebuild — demerger handled differently from Yahoo; dividends from NSE records rather than Yahoo's,yfinance Adj Close vs our rebuild
BAJAJHLDNG,2009-07-02,D_bad_print,daily move beyond ±20%,r = +21.5%,"kept — genuine move: no corporate action within ±3 days, did not revert; Nifty 50 +0.2% that day",price data
BANKBARODA,2008-11-27,E_calendar,row on a non-trading day,date absent from the Nifty 50 trading calendar,dropped,price data
BANKBARODA,2009-04-30,E_calendar,row on a non-trading day,date absent from the Nifty 50 trading calendar,dropped,price data
BANKBARODA,2009-10-13,E_calendar,row on a non-trading day,date absent from the Nifty 50 trading calendar,dropped,price data
BANKBARODA,2011-05-31,E_calendar,row on a non-trading day,date absent from the Nifty 50 trading calendar,dropped,price data
BANKBARODA,2011-07-14,E_calendar,row on a non-trading day,date absent from the Nifty 50 trading calendar,dropped,price data
BANKBARODA,2011-11-24,E_calendar,row on a non-trading day,date absent from the Nifty 50 trading calendar,dropped,price data
BANKBARODA,2011-12-26,E_calendar,row on a non-trading day,date absent from the Nifty 50 trading calendar,dropped,price data
BANKBARODA,2012-01-02,E_calendar,row on a non-trading day,date absent from the Nifty 50 trading calendar,dropped,price data
BANKBARODA,2014-04-24,E_calendar,row on a non-trading day,date absent from the Nifty 50 trading calendar,dropped,price data
BANKBARODA,2014-10-15,E_calendar,row on a non-trading day,date absent from the Nifty 50 trading calendar,dropped,price data
BANKBARODA,2026-01-15,E_calendar,row on a non-trading day,date absent from the Nifty 50 trading calendar,dropped,price data
BANKBARODA,2026-05-01,E_calendar,row on a non-trading day,date absent from the Nifty 50 trading calendar,dropped,price data
BANKBARODA,2026-05-28,E_calendar,row on a non-trading day,date absent from the Nifty 50 trading calendar,dropped,price data
BANKBARODA,2026-06-26,E_calendar,row on a non-trading day,date absent from the Nifty 50 trading calendar,dropped,price data
BANKBARODA,2026-09-14,E_calendar,row on a non-trading day,date absent from the Nifty 50 trading calendar,dropped,price data
BANKBARODA,2026-10-02,E_calendar,row on a non-trading day,date absent from the Nifty 50 trading calendar,dropped,price data
BANKBARODA,2015-01-22,A_split_bonus,split/bonus verified,Face Value Split (Sub-Division) - From Rs 10/- Per Share To Rs 2/- Per Share; Yahoo 5-for-1; price ratio 0.1985,applied,NSE corporate actions; yfinance action history
BANKBARODA,2008-03-24,A_split_bonus,Adj Close differs from Yahoo by > 0.5%,max gap 3.14% on 2008-03-24,kept our rebuild — dividends from NSE records rather than Yahoo's,yfinance Adj Close vs our rebuild
BANKBARODA,2016-02-15,D_bad_print,daily move beyond ±20%,r = +22.6%,"kept — genuine move: no corporate action within ±3 days, did not revert; Nifty 50 +2.6% that day",price data
BANKBARODA,2017-10-25,D_bad_print,daily move beyond ±20%,r = +31.4%,"kept — genuine move: no corporate action within ±3 days, did not revert; Nifty 50 +0.9% that day",price data
BANKINDIA,2008-11-27,E_calendar,row on a non-trading day,date absent from the Nifty 50 trading calendar,dropped,price data
BANKINDIA,2009-04-30,E_calendar,row on a non-trading day,date absent from the Nifty 50 trading calendar,dropped,price data
BANKINDIA,2009-10-13,E_calendar,row on a non-trading day,date absent from the Nifty 50 trading calendar,dropped,price data
BANKINDIA,2011-05-31,E_calendar,row on a non-trading day,date absent from the Nifty 50 trading calendar,dropped,price data
BANKINDIA,2011-07-14,E_calendar,row on a non-trading day,date absent from the Nifty 50 trading calendar,dropped,price data
BANKINDIA,2011-11-24,E_calendar,row on a non-trading day,date absent from the Nifty 50 trading calendar,dropped,price data
BANKINDIA,2011-12-26,E_calendar,row on a non-trading day,date absent from the Nifty 50 trading calendar,dropped,price data
BANKINDIA,2012-01-02,E_calendar,row on a non-trading day,date absent from the Nifty 50 trading calendar,dropped,price data
BANKINDIA,2014-04-24,E_calendar,row on a non-trading day,date absent from the Nifty 50 trading calendar,dropped,price data
BANKINDIA,2014-10-15,E_calendar,row on a non-trading day,date absent from the Nifty 50 trading calendar,dropped,price data
BANKINDIA,2026-01-15,E_calendar,row on a non-trading day,date absent from the Nifty 50 trading calendar,dropped,price data
BANKINDIA,2026-05-01,E_calendar,row on a non-trading day,date absent from the Nifty 50 trading calendar,dropped,price data
BANKINDIA,2026-05-28,E_calendar,row on a non-trading day,date absent from the Nifty 50 trading calendar,dropped,price data
BANKINDIA,2026-06-26,E_calendar,row on a non-trading day,date absent from the Nifty 50 trading calendar,dropped,price data
BANKINDIA,2026-09-14,E_calendar,row on a non-trading day,date absent from the Nifty 50 trading calendar,dropped,price data
BANKINDIA,2026-10-02,E_calendar,row on a non-trading day,date absent from the Nifty 50 trading calendar,dropped,price data
BANKINDIA,2009-07-01,F_integrity,single-day disagreement with NSE,NSE close ÷ Yahoo close = 1.0333 on one checkpoint only,no level change; day kept,NSE bhavcopy 2009-07-01
BANKINDIA,2025-03-18,A_split_bonus,Adj Close differs from Yahoo by > 0.5%,max gap 3.99% on 2025-03-18,kept our rebuild — dividends from NSE records rather than Yahoo's,yfinance Adj Close vs our rebuild
BANKINDIA,2007-10-23,D_bad_print,daily move beyond ±20%,r = +22.4%,"kept — genuine move: no corporate action within ±3 days, did not revert; Nifty 50 +5.6% that day",price data
BANKINDIA,2013-10-31,D_bad_print,daily move beyond ±20%,r = +21.5%,"kept — genuine move: no corporate action within ±3 days, did not revert; Nifty 50 +0.8% that day",price data
BANKINDIA,2017-10-25,D_bad_print,daily move beyond ±20%,r = +34.1%,"kept — genuine move: no corporate action within ±3 days, did not revert; Nifty 50 +0.9% that day",price data
MAHABANK,2008-11-27,E_calendar,row on a non-trading day,date absent from the Nifty 50 trading calendar,dropped,price data
MAHABANK,2009-04-30,E_calendar,row on a non-trading day,date absent from the Nifty 50 trading calendar,dropped,price data
MAHABANK,2009-10-13,E_calendar,row on a non-trading day,date absent from the Nifty 50 trading calendar,dropped,price data
MAHABANK,2011-05-31,E_calendar,row on a non-trading day,date absent from the Nifty 50 trading calendar,dropped,price data
MAHABANK,2011-07-14,E_calendar,row on a non-trading day,date absent from the Nifty 50 trading calendar,dropped,price data
MAHABANK,2011-11-24,E_calendar,row on a non-trading day,date absent from the Nifty 50 trading calendar,dropped,price data
MAHABANK,2011-12-26,E_calendar,row on a non-trading day,date absent from the Nifty 50 trading calendar,dropped,price data
MAHABANK,2012-01-02,E_calendar,row on a non-trading day,date absent from the Nifty 50 trading calendar,dropped,price data
MAHABANK,2014-04-24,E_calendar,row on a non-trading day,date absent from the Nifty 50 trading calendar,dropped,price data
MAHABANK,2014-10-15,E_calendar,row on a non-trading day,date absent from the Nifty 50 trading calendar,dropped,price data
MAHABANK,2026-01-15,E_calendar,row on a non-trading day,date absent from the Nifty 50 trading calendar,dropped,price data
MAHABANK,2026-05-01,E_calendar,row on a non-trading day,date absent from the Nifty 50 trading calendar,dropped,price data
MAHABANK,2026-05-28,E_calendar,row on a non-trading day,date absent from the Nifty 50 trading calendar,dropped,price data
MAHABANK,2026-06-26,E_calendar,row on a non-trading day,date absent from the Nifty 50 trading calendar,dropped,price data
MAHABANK,2026-09-14,E_calendar,row on a non-trading day,date absent from the Nifty 50 trading calendar,dropped,price data
MAHABANK,2026-10-02,E_calendar,row on a non-trading day,date absent from the Nifty 50 trading calendar,dropped,price data
MAHABANK,2025-03-18,A_split_bonus,Adj Close differs from Yahoo by > 0.5%,max gap 3.33% on 2025-03-18,kept our rebuild — dividends from NSE records rather than Yahoo's,yfinance Adj Close vs our rebuild
BDL,2026-01-15,E_calendar,row on a non-trading day,date absent from the Nifty 50 trading calendar,dropped,price data
BDL,2026-05-01,E_calendar,row on a non-trading day,date absent from the Nifty 50 trading calendar,dropped,price data
BDL,2026-05-28,E_calendar,row on a non-trading day,date absent from the Nifty 50 trading calendar,dropped,price data
BDL,2026-06-26,E_calendar,row on a non-trading day,date absent from the Nifty 50 trading calendar,dropped,price data
BDL,2026-09-14,E_calendar,row on a non-trading day,date absent from the Nifty 50 trading calendar,dropped,price data
BDL,2026-10-02,E_calendar,row on a non-trading day,date absent from the Nifty 50 trading calendar,dropped,price data
BDL,2024-05-24,A_split_bonus,split/bonus verified,Face Value Split (Sub-Division) - From Rs 10/- Per Share To Rs 5/- Per Share; Yahoo 2-for-1; price ratio 0.5419,applied,NSE corporate actions; yfinance action history
BDL,2025-03-18,A_split_bonus,Adj Close differs from Yahoo by > 0.5%,max gap 1.77% on 2025-03-18,kept our rebuild — dividends from NSE records rather than Yahoo's,yfinance Adj Close vs our rebuild
BEL,2008-11-27,E_calendar,row on a non-trading day,date absent from the Nifty 50 trading calendar,dropped,price data
BEL,2009-04-30,E_calendar,row on a non-trading day,date absent from the Nifty 50 trading calendar,dropped,price data
BEL,2009-10-13,E_calendar,row on a non-trading day,date absent from the Nifty 50 trading calendar,dropped,price data
BEL,2011-05-31,E_calendar,row on a non-trading day,date absent from the Nifty 50 trading calendar,dropped,price data
BEL,2011-07-14,E_calendar,row on a non-trading day,date absent from the Nifty 50 trading calendar,dropped,price data
BEL,2011-11-24,E_calendar,row on a non-trading day,date absent from the Nifty 50 trading calendar,dropped,price data
BEL,2011-12-26,E_calendar,row on a non-trading day,date absent from the Nifty 50 trading calendar,dropped,price data
BEL,2012-01-02,E_calendar,row on a non-trading day,date absent from the Nifty 50 trading calendar,dropped,price data
BEL,2014-04-24,E_calendar,row on a non-trading day,date absent from the Nifty 50 trading calendar,dropped,price data
BEL,2014-10-15,E_calendar,row on a non-trading day,date absent from the Nifty 50 trading calendar,dropped,price data
BEL,2026-01-15,E_calendar,row on a non-trading day,date absent from the Nifty 50 trading calendar,dropped,price data
BEL,2026-05-01,E_calendar,row on a non-trading day,date absent from the Nifty 50 trading calendar,dropped,price data
BEL,2026-05-28,E_calendar,row on a non-trading day,date absent from the Nifty 50 trading calendar,dropped,price data
BEL,2026-06-26,E_calendar,row on a non-trading day,date absent from the Nifty 50 trading calendar,dropped,price data
BEL,2026-09-14,E_calendar,row on a non-trading day,date absent from the Nifty 50 trading calendar,dropped,price data
BEL,2026-10-02,E_calendar,row on a non-trading day,date absent from the Nifty 50 trading calendar,dropped,price data
BEL,2015-09-14,A_split_bonus,split/bonus verified,Bonus 2:1; Yahoo 3-for-1; price ratio 0.3274,applied,NSE corporate actions; yfinance action history
BEL,2017-03-16,A_split_bonus,split/bonus verified,Face Value Split From Rs 10/- Per Share To Re 1/- Per Share; Yahoo 10-for-1; price ratio 0.1052,applied,NSE corporate actions; yfinance action history
BEL,2017-09-28,A_split_bonus,split/bonus verified,Bonus 1:10; Yahoo 1.1-for-1; price ratio 0.9248,applied,NSE corporate actions; yfinance action history
BEL,2022-09-15,A_split_bonus,split/bonus verified,Bonus 2:1; Yahoo 3-for-1; price ratio 0.3308,applied,NSE corporate actions; yfinance action history
BEL,2025-03-18,A_split_bonus,Adj Close differs from Yahoo by > 0.5%,max gap 1.92% on 2025-03-18,kept our rebuild — dividends from NSE records rather than Yahoo's,yfinance Adj Close vs our rebuild
BHARATFORG,2008-11-27,E_calendar,row on a non-trading day,date absent from the Nifty 50 trading calendar,dropped,price data
BHARATFORG,2009-04-30,E_calendar,row on a non-trading day,date absent from the Nifty 50 trading calendar,dropped,price data
BHARATFORG,2009-10-13,E_calendar,row on a non-trading day,date absent from the Nifty 50 trading calendar,dropped,price data
BHARATFORG,2011-05-31,E_calendar,row on a non-trading day,date absent from the Nifty 50 trading calendar,dropped,price data
BHARATFORG,2011-07-14,E_calendar,row on a non-trading day,date absent from the Nifty 50 trading calendar,dropped,price data
BHARATFORG,2011-11-24,E_calendar,row on a non-trading day,date absent from the Nifty 50 trading calendar,dropped,price data
BHARATFORG,2011-12-26,E_calendar,row on a non-trading day,date absent from the Nifty 50 trading calendar,dropped,price data
BHARATFORG,2012-01-02,E_calendar,row on a non-trading day,date absent from the Nifty 50 trading calendar,dropped,price data
BHARATFORG,2014-04-24,E_calendar,row on a non-trading day,date absent from the Nifty 50 trading calendar,dropped,price data
BHARATFORG,2014-10-15,E_calendar,row on a non-trading day,date absent from the Nifty 50 trading calendar,dropped,price data
BHARATFORG,2026-05-01,E_calendar,row on a non-trading day,date absent from the Nifty 50 trading calendar,dropped,price data
BHARATFORG,2026-05-28,E_calendar,row on a non-trading day,date absent from the Nifty 50 trading calendar,dropped,price data
BHARATFORG,2026-06-26,E_calendar,row on a non-trading day,date absent from the Nifty 50 trading calendar,dropped,price data
BHARATFORG,2026-09-14,E_calendar,row on a non-trading day,date absent from the Nifty 50 trading calendar,dropped,price data
BHARATFORG,2026-10-02,E_calendar,row on a non-trading day,date absent from the Nifty 50 trading calendar,dropped,price data
BHARATFORG,2017-09-28,A_split_bonus,split/bonus verified,Bonus 1:1; Yahoo 2-for-1; price ratio 0.4923,applied,NSE corporate actions; yfinance action history
BHARATFORG,2025-03-18,A_split_bonus,Adj Close differs from Yahoo by > 0.5%,max gap 2.19% on 2025-03-18,kept our rebuild — dividends from NSE records rather than Yahoo's,yfinance Adj Close vs our rebuild
BHEL,2008-11-27,E_calendar,row on a non-trading day,date absent from the Nifty 50 trading calendar,dropped,price data
BHEL,2009-04-30,E_calendar,row on a non-trading day,date absent from the Nifty 50 trading calendar,dropped,price data
BHEL,2009-10-13,E_calendar,row on a non-trading day,date absent from the Nifty 50 trading calendar,dropped,price data
BHEL,2011-05-31,E_calendar,row on a non-trading day,date absent from the Nifty 50 trading calendar,dropped,price data
BHEL,2011-07-14,E_calendar,row on a non-trading day,date absent from the Nifty 50 trading calendar,dropped,price data
BHEL,2011-11-24,E_calendar,row on a non-trading day,date absent from the Nifty 50 trading calendar,dropped,price data
BHEL,2011-12-26,E_calendar,row on a non-trading day,date absent from the Nifty 50 trading calendar,dropped,price data
BHEL,2012-01-02,E_calendar,row on a non-trading day,date absent from the Nifty 50 trading calendar,dropped,price data
BHEL,2014-04-24,E_calendar,row on a non-trading day,date absent from the Nifty 50 trading calendar,dropped,price data
BHEL,2014-10-15,E_calendar,row on a non-trading day,date absent from the Nifty 50 trading calendar,dropped,price data
BHEL,2026-01-15,E_calendar,row on a non-trading day,date absent from the Nifty 50 trading calendar,dropped,price data
BHEL,2026-05-01,E_calendar,row on a non-trading day,date absent from the Nifty 50 trading calendar,dropped,price data
BHEL,2026-05-28,E_calendar,row on a non-trading day,date absent from the Nifty 50 trading calendar,dropped,price data
BHEL,2026-06-26,E_calendar,row on a non-trading day,date absent from the Nifty 50 trading calendar,dropped,price data
BHEL,2026-09-14,E_calendar,row on a non-trading day,date absent from the Nifty 50 trading calendar,dropped,price data
BHEL,2026-10-02,E_calendar,row on a non-trading day,date absent from the Nifty 50 trading calendar,dropped,price data
BHEL,2011-10-03,A_split_bonus,split/bonus verified,Face Value Split From Rs.10/- To Rs.2/-; Yahoo 5-for-1; price ratio 0.1951,applied,NSE corporate actions; yfinance action history
BHEL,2017-09-28,A_split_bonus,split/bonus verified,Bonus 1:2; Yahoo 1.5-for-1; price ratio 0.6631,applied,NSE corporate actions; yfinance action history
BHEL,2025-03-18,A_split_bonus,Adj Close differs from Yahoo by > 0.5%,max gap 4.32% on 2025-03-18,kept our rebuild — dividends from NSE records rather than Yahoo's,yfinance Adj Close vs our rebuild
BHEL,2019-10-18,D_bad_print,daily move beyond ±20%,r = +21.9%,"kept — genuine move: no corporate action within ±3 days, did not revert; Nifty 50 +0.7% that day",price data
BHEL,2020-05-13,D_bad_print,daily move beyond ±20%,r = +23.7%,"kept — genuine move: no corporate action within ±3 days, did not revert; Nifty 50 +2.0% that day",price data
BHEL,2024-06-04,D_bad_print,daily move beyond ±20%,r = -20.8%,"kept — genuine move: no corporate action within ±3 days, did not revert; Nifty 50 -5.9% that day",price data
BPCL,2008-11-27,E_calendar,row on a non-trading day,date absent from the Nifty 50 trading calendar,dropped,price data
BPCL,2009-04-30,E_calendar,row on a non-trading day,date absent from the Nifty 50 trading calendar,dropped,price data
BPCL,2009-10-13,E_calendar,row on a non-trading day,date absent from the Nifty 50 trading calendar,dropped,price data
BPCL,2011-05-31,E_calendar,row on a non-trading day,date absent from the Nifty 50 trading calendar,dropped,price data
BPCL,2011-07-14,E_calendar,row on a non-trading day,date absent from the Nifty 50 trading calendar,dropped,price data
BPCL,2011-11-24,E_calendar,row on a non-trading day,date absent from the Nifty 50 trading calendar,dropped,price data
BPCL,2011-12-26,E_calendar,row on a non-trading day,date absent from the Nifty 50 trading calendar,dropped,price data
BPCL,2012-01-02,E_calendar,row on a non-trading day,date absent from the Nifty 50 trading calendar,dropped,price data
BPCL,2014-04-24,E_calendar,row on a non-trading day,date absent from the Nifty 50 trading calendar,dropped,price data
BPCL,2014-10-15,E_calendar,row on a non-trading day,date absent from the Nifty 50 trading calendar,dropped,price data
BPCL,2026-01-15,E_calendar,row on a non-trading day,date absent from the Nifty 50 trading calendar,dropped,price data
BPCL,2026-05-01,E_calendar,row on a non-trading day,date absent from the Nifty 50 trading calendar,dropped,price data
BPCL,2026-05-28,E_calendar,row on a non-trading day,date absent from the Nifty 50 trading calendar,dropped,price data
BPCL,2026-06-26,E_calendar,row on a non-trading day,date absent from the Nifty 50 trading calendar,dropped,price data
BPCL,2026-09-14,E_calendar,row on a non-trading day,date absent from the Nifty 50 trading calendar,dropped,price data
BPCL,2026-10-02,E_calendar,row on a non-trading day,date absent from the Nifty 50 trading calendar,dropped,price data
BPCL,2012-07-13,A_split_bonus,split/bonus verified,Bonus 1:1; Yahoo 2-for-1; price ratio 0.4921,applied,NSE corporate actions; yfinance action history
BPCL,2016-07-13,A_split_bonus,split/bonus verified,Bonus 1:1; Yahoo 2-for-1; price ratio 0.4869,applied,NSE corporate actions; yfinance action history
BPCL,2017-07-13,A_split_bonus,split/bonus verified,Bonus 1:2; Yahoo 1.5-for-1; price ratio 0.6707,applied,NSE corporate actions; yfinance action history
BPCL,2024-06-21,A_split_bonus,split/bonus verified,Bonus 1:1; Yahoo 2-for-1; price ratio 0.4912,applied,NSE corporate actions; yfinance action history
BPCL,2014-03-27,A_split_bonus,Adj Close differs from Yahoo by > 0.5%,max gap 5.36% on 2014-03-27,kept our rebuild — dividends from NSE records rather than Yahoo's,yfinance Adj Close vs our rebuild
BHARTIARTL,2008-11-27,E_calendar,row on a non-trading day,date absent from the Nifty 50 trading calendar,dropped,price data
BHARTIARTL,2009-04-30,E_calendar,row on a non-trading day,date absent from the Nifty 50 trading calendar,dropped,price data
BHARTIARTL,2009-10-13,E_calendar,row on a non-trading day,date absent from the Nifty 50 trading calendar,dropped,price data
BHARTIARTL,2011-05-31,E_calendar,row on a non-trading day,date absent from the Nifty 50 trading calendar,dropped,price data
BHARTIARTL,2011-07-14,E_calendar,row on a non-trading day,date absent from the Nifty 50 trading calendar,dropped,price data
BHARTIARTL,2011-11-24,E_calendar,row on a non-trading day,date absent from the Nifty 50 trading calendar,dropped,price data
BHARTIARTL,2011-12-26,E_calendar,row on a non-trading day,date absent from the Nifty 50 trading calendar,dropped,price data
BHARTIARTL,2012-01-02,E_calendar,row on a non-trading day,date absent from the Nifty 50 trading calendar,dropped,price data
BHARTIARTL,2014-04-24,E_calendar,row on a non-trading day,date absent from the Nifty 50 trading calendar,dropped,price data
BHARTIARTL,2014-10-15,E_calendar,row on a non-trading day,date absent from the Nifty 50 trading calendar,dropped,price data
BHARTIARTL,2026-01-15,E_calendar,row on a non-trading day,date absent from the Nifty 50 trading calendar,dropped,price data
BHARTIARTL,2026-05-01,E_calendar,row on a non-trading day,date absent from the Nifty 50 trading calendar,dropped,price data
BHARTIARTL,2026-05-28,E_calendar,row on a non-trading day,date absent from the Nifty 50 trading calendar,dropped,price data
BHARTIARTL,2026-06-26,E_calendar,row on a non-trading day,date absent from the Nifty 50 trading calendar,dropped,price data
BHARTIARTL,2026-09-14,E_calendar,row on a non-trading day,date absent from the Nifty 50 trading calendar,dropped,price data
BHARTIARTL,2026-10-02,E_calendar,row on a non-trading day,date absent from the Nifty 50 trading calendar,dropped,price data
BHARTIARTL,2019-04-23,A_split_bonus,Yahoo price level inconsistent with NSE,NSE close ÷ Yahoo close steps from 1.1096 to 1.0188 (Yahoo applied an unrecorded factor 1.0891 to earlier prices). NSE actions: Rights 19:67 @ Premium Rs 215 Per Share,rescaled Yahoo's history to NSE's official closes; adjustment rebuilt from NSE actions below,NSE bhavcopies (bisection to 2019-04-23)
BHARTIARTL,2021-09-27,A_split_bonus,Yahoo price level inconsistent with NSE,NSE close ÷ Yahoo close steps from 1.0188 to 1.0000 (Yahoo applied an unrecorded factor 1.0188 to earlier prices). NSE actions: Rights 1:14 @ Premium Rs 530/-,rescaled Yahoo's history to NSE's official closes; adjustment rebuilt from NSE actions below,NSE bhavcopies (bisection to 2021-09-27)
BHARTIARTL,2019-04-23,A_split_bonus,rights issue adjusted,Rights 19:67 @ Premium Rs 215 Per Share; cum-rights close ₹349.40; subscription ₹220.00; factor 0.9182,pre-event history multiplied by the theoretical ex-rights factor,NSE corporate actions (Rights 19:67 @ Premium Rs 215 Per Share)
BHARTIARTL,2021-09-27,A_split_bonus,rights issue adjusted,Rights 1:14 @ Premium Rs 530/-; cum-rights close ₹739.40; subscription ₹535.00; factor 0.9816,pre-event history multiplied by the theoretical ex-rights factor,NSE corporate actions (Rights 1:14 @ Premium Rs 530/-)
BHARTIARTL,2009-07-24,A_split_bonus,"split missing from NSE feed, found in Yahoo",price ratio 0.5109; Yahoo 2-for-1 on 2009-07-24,applied (source: yfinance action history),yfinance action history
BHARTIARTL,2010-12-06,A_split_bonus,Adj Close differs from Yahoo by > 0.5%,max gap 0.83% on 2010-12-06,kept our rebuild — 2 Yahoo level error(s) corrected against NSE; demerger handled differently from Yahoo; dividends from NSE records rather than Yahoo's,yfinance Adj Close vs our rebuild
BHARTIARTL,2009-05-18,D_bad_print,daily move beyond ±20%,r = +25.4%,"kept — genuine move: no corporate action within ±3 days, did not revert; Nifty 50 +17.7% that day",price data
GROWW,2026-01-15,E_calendar,row on a non-trading day,date absent from the Nifty 50 trading calendar,dropped,price data
GROWW,2026-05-01,E_calendar,row on a non-trading day,date absent from the Nifty 50 trading calendar,dropped,price data
GROWW,2026-05-28,E_calendar,row on a non-trading day,date absent from the Nifty 50 trading calendar,dropped,price data
GROWW,2026-06-26,E_calendar,row on a non-trading day,date absent from the Nifty 50 trading calendar,dropped,price data
GROWW,2026-09-14,E_calendar,row on a non-trading day,date absent from the Nifty 50 trading calendar,dropped,price data
GROWW,2026-10-02,E_calendar,row on a non-trading day,date absent from the Nifty 50 trading calendar,dropped,price data
BIOCON,2008-11-27,E_calendar,row on a non-trading day,date absent from the Nifty 50 trading calendar,dropped,price data
BIOCON,2009-04-30,E_calendar,row on a non-trading day,date absent from the Nifty 50 trading calendar,dropped,price data
BIOCON,2009-10-13,E_calendar,row on a non-trading day,date absent from the Nifty 50 trading calendar,dropped,price data
BIOCON,2011-05-31,E_calendar,row on a non-trading day,date absent from the Nifty 50 trading calendar,dropped,price data
BIOCON,2011-07-14,E_calendar,row on a non-trading day,date absent from the Nifty 50 trading calendar,dropped,price data
BIOCON,2011-11-24,E_calendar,row on a non-trading day,date absent from the Nifty 50 trading calendar,dropped,price data
BIOCON,2011-12-26,E_calendar,row on a non-trading day,date absent from the Nifty 50 trading calendar,dropped,price data
BIOCON,2012-01-02,E_calendar,row on a non-trading day,date absent from the Nifty 50 trading calendar,dropped,price data
BIOCON,2014-04-24,E_calendar,row on a non-trading day,date absent from the Nifty 50 trading calendar,dropped,price data
BIOCON,2014-10-15,E_calendar,row on a non-trading day,date absent from the Nifty 50 trading calendar,dropped,price data
BIOCON,2026-01-15,E_calendar,row on a non-trading day,date absent from the Nifty 50 trading calendar,dropped,price data
BIOCON,2026-05-01,E_calendar,row on a non-trading day,date absent from the Nifty 50 trading calendar,dropped,price data
BIOCON,2026-05-28,E_calendar,row on a non-trading day,date absent from the Nifty 50 trading calendar,dropped,price data
BIOCON,2026-06-26,E_calendar,row on a non-trading day,date absent from the Nifty 50 trading calendar,dropped,price data
BIOCON,2026-09-14,E_calendar,row on a non-trading day,date absent from the Nifty 50 trading calendar,dropped,price data
BIOCON,2026-10-02,E_calendar,row on a non-trading day,date absent from the Nifty 50 trading calendar,dropped,price data
BIOCON,2008-09-11,A_split_bonus,split/bonus verified,Bonus 1:1; Yahoo 2-for-1; price ratio 0.5006,applied,NSE corporate actions; yfinance action history
BIOCON,2017-06-15,A_split_bonus,split/bonus verified,Bonus 2:1; Yahoo 3-for-1; price ratio 0.3381,applied,NSE corporate actions; yfinance action history
BIOCON,2019-06-12,A_split_bonus,split/bonus verified,Bonus 1:1; Yahoo 2-for-1; price ratio 0.4802,applied,NSE corporate actions; yfinance action history
BIOCON,2025-03-18,A_split_bonus,Adj Close differs from Yahoo by > 0.5%,max gap 0.93% on 2025-03-18,kept our rebuild — dividends from NSE records rather than Yahoo's,yfinance Adj Close vs our rebuild
BLUESTARCO,2008-11-27,E_calendar,row on a non-trading day,date absent from the Nifty 50 trading calendar,dropped,price data
BLUESTARCO,2009-04-30,E_calendar,row on a non-trading day,date absent from the Nifty 50 trading calendar,dropped,price data
BLUESTARCO,2009-10-13,E_calendar,row on a non-trading day,date absent from the Nifty 50 trading calendar,dropped,price data
BLUESTARCO,2011-05-31,E_calendar,row on a non-trading day,date absent from the Nifty 50 trading calendar,dropped,price data
BLUESTARCO,2011-07-14,E_calendar,row on a non-trading day,date absent from the Nifty 50 trading calendar,dropped,price data
BLUESTARCO,2011-11-24,E_calendar,row on a non-trading day,date absent from the Nifty 50 trading calendar,dropped,price data
BLUESTARCO,2011-12-26,E_calendar,row on a non-trading day,date absent from the Nifty 50 trading calendar,dropped,price data
BLUESTARCO,2012-01-02,E_calendar,row on a non-trading day,date absent from the Nifty 50 trading calendar,dropped,price data
BLUESTARCO,2014-04-24,E_calendar,row on a non-trading day,date absent from the Nifty 50 trading calendar,dropped,price data
BLUESTARCO,2014-10-15,E_calendar,row on a non-trading day,date absent from the Nifty 50 trading calendar,dropped,price data
BLUESTARCO,2026-01-15,E_calendar,row on a non-trading day,date absent from the Nifty 50 trading calendar,dropped,price data
BLUESTARCO,2026-05-01,E_calendar,row on a non-trading day,date absent from the Nifty 50 trading calendar,dropped,price data
BLUESTARCO,2026-05-28,E_calendar,row on a non-trading day,date absent from the Nifty 50 trading calendar,dropped,price data
BLUESTARCO,2026-06-26,E_calendar,row on a non-trading day,date absent from the Nifty 50 trading calendar,dropped,price data
BLUESTARCO,2026-09-14,E_calendar,row on a non-trading day,date absent from the Nifty 50 trading calendar,dropped,price data
BLUESTARCO,2026-10-02,E_calendar,row on a non-trading day,date absent from the Nifty 50 trading calendar,dropped,price data
BLUESTARCO,2023-06-20,A_split_bonus,split/bonus verified,Bonus 1:1; Yahoo 2-for-1; price ratio 0.5181,applied,NSE corporate actions; yfinance action history
BLUESTARCO,2025-03-18,A_split_bonus,Adj Close differs from Yahoo by > 0.5%,max gap 7.10% on 2025-03-18,kept our rebuild — dividends from NSE records rather than Yahoo's,yfinance Adj Close vs our rebuild
BLUESTARCO,2007-10-24,D_bad_print,daily move beyond ±20%,r = +20.0%,"kept — genuine move: no corporate action within ±3 days, did not revert; Nifty 50 +0.4% that day",price data
BLUESTARCO,2009-05-18,D_bad_print,daily move beyond ±20%,r = +20.0%,"kept — genuine move: no corporate action within ±3 days, did not revert; Nifty 50 +17.7% that day",price data
BOSCHLTD,2008-11-27,E_calendar,row on a non-trading day,date absent from the Nifty 50 trading calendar,dropped,price data
BOSCHLTD,2009-04-30,E_calendar,row on a non-trading day,date absent from the Nifty 50 trading calendar,dropped,price data
BOSCHLTD,2009-10-13,E_calendar,row on a non-trading day,date absent from the Nifty 50 trading calendar,dropped,price data
BOSCHLTD,2011-05-31,E_calendar,row on a non-trading day,date absent from the Nifty 50 trading calendar,dropped,price data
BOSCHLTD,2011-07-14,E_calendar,row on a non-trading day,date absent from the Nifty 50 trading calendar,dropped,price data
BOSCHLTD,2011-11-24,E_calendar,row on a non-trading day,date absent from the Nifty 50 trading calendar,dropped,price data
BOSCHLTD,2011-12-26,E_calendar,row on a non-trading day,date absent from the Nifty 50 trading calendar,dropped,price data
BOSCHLTD,2012-01-02,E_calendar,row on a non-trading day,date absent from the Nifty 50 trading calendar,dropped,price data
BOSCHLTD,2014-04-24,E_calendar,row on a non-trading day,date absent from the Nifty 50 trading calendar,dropped,price data
BOSCHLTD,2014-10-15,E_calendar,row on a non-trading day,date absent from the Nifty 50 trading calendar,dropped,price data
BOSCHLTD,2026-01-15,E_calendar,row on a non-trading day,date absent from the Nifty 50 trading calendar,dropped,price data
BOSCHLTD,2026-05-28,E_calendar,row on a non-trading day,date absent from the Nifty 50 trading calendar,dropped,price data
BOSCHLTD,2026-06-26,E_calendar,row on a non-trading day,date absent from the Nifty 50 trading calendar,dropped,price data
BOSCHLTD,2026-10-02,E_calendar,row on a non-trading day,date absent from the Nifty 50 trading calendar,dropped,price data
BOSCHLTD,2025-03-18,A_split_bonus,Adj Close differs from Yahoo by > 0.5%,max gap 3.79% on 2025-03-18,kept our rebuild — dividends from NSE records rather than Yahoo's,yfinance Adj Close vs our rebuild
BRITANNIA,2008-11-27,E_calendar,row on a non-trading day,date absent from the Nifty 50 trading calendar,dropped,price data
BRITANNIA,2009-04-30,E_calendar,row on a non-trading day,date absent from the Nifty 50 trading calendar,dropped,price data
BRITANNIA,2009-10-13,E_calendar,row on a non-trading day,date absent from the Nifty 50 trading calendar,dropped,price data
BRITANNIA,2011-05-31,E_calendar,row on a non-trading day,date absent from the Nifty 50 trading calendar,dropped,price data
BRITANNIA,2011-07-14,E_calendar,row on a non-trading day,date absent from the Nifty 50 trading calendar,dropped,price data
BRITANNIA,2011-11-24,E_calendar,row on a non-trading day,date absent from the Nifty 50 trading calendar,dropped,price data
BRITANNIA,2011-12-26,E_calendar,row on a non-trading day,date absent from the Nifty 50 trading calendar,dropped,price data
BRITANNIA,2012-01-02,E_calendar,row on a non-trading day,date absent from the Nifty 50 trading calendar,dropped,price data
BRITANNIA,2014-04-24,E_calendar,row on a non-trading day,date absent from the Nifty 50 trading calendar,dropped,price data
BRITANNIA,2014-10-15,E_calendar,row on a non-trading day,date absent from the Nifty 50 trading calendar,dropped,price data
BRITANNIA,2026-01-15,E_calendar,row on a non-trading day,date absent from the Nifty 50 trading calendar,dropped,price data
BRITANNIA,2026-05-01,E_calendar,row on a non-trading day,date absent from the Nifty 50 trading calendar,dropped,price data
BRITANNIA,2026-05-28,E_calendar,row on a non-trading day,date absent from the Nifty 50 trading calendar,dropped,price data
BRITANNIA,2026-06-26,E_calendar,row on a non-trading day,date absent from the Nifty 50 trading calendar,dropped,price data
BRITANNIA,2026-09-14,E_calendar,row on a non-trading day,date absent from the Nifty 50 trading calendar,dropped,price data
BRITANNIA,2026-10-02,E_calendar,row on a non-trading day,date absent from the Nifty 50 trading calendar,dropped,price data
BRITANNIA,2010-09-08,A_split_bonus,split/bonus verified,Face Value Split From Rs.10/- To Rs.2/-; Yahoo 5-for-1; price ratio 0.2274,applied,NSE corporate actions; yfinance action history
BRITANNIA,2018-11-29,A_split_bonus,split/bonus verified,Face Value Split (Sub-Division) - From Rs 2/- Per Share To Re 1/- Per Share; Yahoo 2-for-1; price ratio 0.5086,applied,NSE corporate actions; yfinance action history
BRITANNIA,2025-03-18,A_split_bonus,Adj Close differs from Yahoo by > 0.5%,max gap 2.00% on 2025-03-18,kept our rebuild — dividends from NSE records rather than Yahoo's,yfinance Adj Close vs our rebuild
CGPOWER,2008-11-27,E_calendar,row on a non-trading day,date absent from the Nifty 50 trading calendar,dropped,price data
CGPOWER,2009-04-30,E_calendar,row on a non-trading day,date absent from the Nifty 50 trading calendar,dropped,price data
CGPOWER,2009-10-13,E_calendar,row on a non-trading day,date absent from the Nifty 50 trading calendar,dropped,price data
CGPOWER,2011-05-31,E_calendar,row on a non-trading day,date absent from the Nifty 50 trading calendar,dropped,price data
CGPOWER,2011-07-14,E_calendar,row on a non-trading day,date absent from the Nifty 50 trading calendar,dropped,price data
CGPOWER,2011-11-24,E_calendar,row on a non-trading day,date absent from the Nifty 50 trading calendar,dropped,price data
CGPOWER,2011-12-26,E_calendar,row on a non-trading day,date absent from the Nifty 50 trading calendar,dropped,price data
CGPOWER,2012-01-02,E_calendar,row on a non-trading day,date absent from the Nifty 50 trading calendar,dropped,price data
CGPOWER,2014-04-24,E_calendar,row on a non-trading day,date absent from the Nifty 50 trading calendar,dropped,price data
CGPOWER,2014-10-15,E_calendar,row on a non-trading day,date absent from the Nifty 50 trading calendar,dropped,price data
CGPOWER,2026-01-15,E_calendar,row on a non-trading day,date absent from the Nifty 50 trading calendar,dropped,price data
CGPOWER,2026-05-01,E_calendar,row on a non-trading day,date absent from the Nifty 50 trading calendar,dropped,price data
CGPOWER,2026-05-28,E_calendar,row on a non-trading day,date absent from the Nifty 50 trading calendar,dropped,price data
CGPOWER,2026-06-26,E_calendar,row on a non-trading day,date absent from the Nifty 50 trading calendar,dropped,price data
CGPOWER,2026-09-14,E_calendar,row on a non-trading day,date absent from the Nifty 50 trading calendar,dropped,price data
CGPOWER,2026-10-02,E_calendar,row on a non-trading day,date absent from the Nifty 50 trading calendar,dropped,price data
CGPOWER,2016-03-15,A_split_bonus,Yahoo price level inconsistent with NSE,NSE close ÷ Yahoo close steps from 2.8864 to 1.0000 (Yahoo applied an unrecorded factor 2.8864 to earlier prices). NSE actions: Scheme Of Arrangement,rescaled Yahoo's history to NSE's official closes; adjustment rebuilt from NSE actions below,NSE bhavcopies (bisection to 2016-03-15)
CGPOWER,2010-03-08,A_split_bonus,split/bonus verified,Bonus 3:4; Yahoo 1.75-for-1; price ratio 0.5644,applied,NSE corporate actions; yfinance action history
CGPOWER,2016-03-15,B_demerger,demerger: no official ratio found,"one-day price ratio 0.2833, -70.6% vs Nifty 50","dropped that single day's return (missing, not a loss)",NSE corporate actions (Scheme Of Arrangement)
CGPOWER,2015-08-10,A_split_bonus,Adj Close differs from Yahoo by > 0.5%,max gap 18.22% on 2015-08-10,kept our rebuild — 1 Yahoo level error(s) corrected against NSE; demerger handled differently from Yahoo; dividends from NSE records rather than Yahoo's,yfinance Adj Close vs our rebuild
CGPOWER,2016-02-03,D_bad_print,daily move beyond ±20%,r = -21.7%,"kept — genuine move: no corporate action within ±3 days, did not revert; Nifty 50 -1.3% that day",price data
CANBK,2008-11-27,E_calendar,row on a non-trading day,date absent from the Nifty 50 trading calendar,dropped,price data
CANBK,2009-04-30,E_calendar,row on a non-trading day,date absent from the Nifty 50 trading calendar,dropped,price data
CANBK,2009-10-13,E_calendar,row on a non-trading day,date absent from the Nifty 50 trading calendar,dropped,price data
CANBK,2011-05-31,E_calendar,row on a non-trading day,date absent from the Nifty 50 trading calendar,dropped,price data
CANBK,2011-07-14,E_calendar,row on a non-trading day,date absent from the Nifty 50 trading calendar,dropped,price data
CANBK,2011-11-24,E_calendar,row on a non-trading day,date absent from the Nifty 50 trading calendar,dropped,price data
CANBK,2011-12-26,E_calendar,row on a non-trading day,date absent from the Nifty 50 trading calendar,dropped,price data
CANBK,2012-01-02,E_calendar,row on a non-trading day,date absent from the Nifty 50 trading calendar,dropped,price data
CANBK,2014-04-24,E_calendar,row on a non-trading day,date absent from the Nifty 50 trading calendar,dropped,price data
CANBK,2014-10-15,E_calendar,row on a non-trading day,date absent from the Nifty 50 trading calendar,dropped,price data
CANBK,2026-01-15,E_calendar,row on a non-trading day,date absent from the Nifty 50 trading calendar,dropped,price data
CANBK,2026-05-01,E_calendar,row on a non-trading day,date absent from the Nifty 50 trading calendar,dropped,price data
CANBK,2026-05-28,E_calendar,row on a non-trading day,date absent from the Nifty 50 trading calendar,dropped,price data
CANBK,2026-06-26,E_calendar,row on a non-trading day,date absent from the Nifty 50 trading calendar,dropped,price data
CANBK,2026-09-14,E_calendar,row on a non-trading day,date absent from the Nifty 50 trading calendar,dropped,price data
CANBK,2026-10-02,E_calendar,row on a non-trading day,date absent from the Nifty 50 trading calendar,dropped,price data
CANBK,2017-02-17,A_split_bonus,Yahoo price level inconsistent with NSE,NSE close ÷ Yahoo close steps from 1.0281 to 1.0000 (Yahoo applied an unrecorded factor 1.0281 to earlier prices). NSE actions: Rights 1:10 @ Prem Rs 197/- Per Share,rescaled Yahoo's history to NSE's official closes; adjustment rebuilt from NSE actions below,NSE bhavcopies (bisection to 2017-02-17)
CANBK,2024-05-15,A_split_bonus,split/bonus verified,Face Value Split (Sub-Division) - From Rs 10/- Per Share To Rs 2/- Per Share; Yahoo 5-for-1; price ratio 0.2100,applied,NSE corporate actions; yfinance action history
CANBK,2017-02-17,A_split_bonus,rights issue adjusted,Rights 1:10 @ Prem Rs 197/- Per Share; cum-rights close ₹296.05; subscription ₹199.00; factor 0.9702,pre-event history multiplied by the theoretical ex-rights factor,NSE corporate actions (Rights 1:10 @ Prem Rs 197/- Per Share)
CANBK,2007-10-31,A_split_bonus,Adj Close differs from Yahoo by > 0.5%,max gap 3.07% on 2007-10-31,kept our rebuild — 1 Yahoo level error(s) corrected against NSE; demerger handled differently from Yahoo; dividends from NSE records rather than Yahoo's,yfinance Adj Close vs our rebuild
CANBK,2017-10-25,D_bad_print,daily move beyond ±20%,r = +38.7%,"kept — genuine move: no corporate action within ±3 days, did not revert; Nifty 50 +0.9% that day",price data
CANBK,2020-03-23,D_bad_print,daily move beyond ±20%,r = -20.9%,"kept — genuine move: no corporate action within ±3 days, did not revert; Nifty 50 -13.0% that day",price data
CHOLAFIN,2008-11-27,E_calendar,row on a non-trading day,date absent from the Nifty 50 trading calendar,dropped,price data
CHOLAFIN,2009-04-30,E_calendar,row on a non-trading day,date absent from the Nifty 50 trading calendar,dropped,price data
CHOLAFIN,2009-10-13,E_calendar,row on a non-trading day,date absent from the Nifty 50 trading calendar,dropped,price data
CHOLAFIN,2011-05-31,E_calendar,row on a non-trading day,date absent from the Nifty 50 trading calendar,dropped,price data
CHOLAFIN,2011-07-14,E_calendar,row on a non-trading day,date absent from the Nifty 50 trading calendar,dropped,price data
CHOLAFIN,2011-11-24,E_calendar,row on a non-trading day,date absent from the Nifty 50 trading calendar,dropped,price data
CHOLAFIN,2011-12-26,E_calendar,row on a non-trading day,date absent from the Nifty 50 trading calendar,dropped,price data
CHOLAFIN,2012-01-02,E_calendar,row on a non-trading day,date absent from the Nifty 50 trading calendar,dropped,price data
CHOLAFIN,2014-04-24,E_calendar,row on a non-trading day,date absent from the Nifty 50 trading calendar,dropped,price data
CHOLAFIN,2014-10-15,E_calendar,row on a non-trading day,date absent from the Nifty 50 trading calendar,dropped,price data
CHOLAFIN,2026-01-15,E_calendar,row on a non-trading day,date absent from the Nifty 50 trading calendar,dropped,price data
CHOLAFIN,2026-05-01,E_calendar,row on a non-trading day,date absent from the Nifty 50 trading calendar,dropped,price data
CHOLAFIN,2026-05-28,E_calendar,row on a non-trading day,date absent from the Nifty 50 trading calendar,dropped,price data
CHOLAFIN,2026-06-26,E_calendar,row on a non-trading day,date absent from the Nifty 50 trading calendar,dropped,price data
CHOLAFIN,2026-09-14,E_calendar,row on a non-trading day,date absent from the Nifty 50 trading calendar,dropped,price data
CHOLAFIN,2026-10-02,E_calendar,row on a non-trading day,date absent from the Nifty 50 trading calendar,dropped,price data
CHOLAFIN,2019-06-14,A_split_bonus,split/bonus verified,Face Value Split (Sub-Division) - From Rs 10/- Per Share To Rs 2/- Per Share; Yahoo 5-for-1; price ratio 0.1980,applied,NSE corporate actions; yfinance action history
CHOLAFIN,2025-03-18,A_split_bonus,Adj Close differs from Yahoo by > 0.5%,max gap 4.10% on 2025-03-18,kept our rebuild — dividends from NSE records rather than Yahoo's,yfinance Adj Close vs our rebuild
CHOLAFIN,2007-10-25,D_bad_print,daily move beyond ±20%,r = +20.0%,"kept — genuine move: no corporate action within ±3 days, did not revert; Nifty 50 +1.3% that day",price data
CHOLAFIN,2008-12-15,D_bad_print,daily move beyond ±20%,r = +20.1%,"kept — genuine move: no corporate action within ±3 days, did not revert; Nifty 50 +2.0% that day",price data
CHOLAFIN,2009-04-06,D_bad_print,daily move beyond ±20%,r = +20.0%,"kept — genuine move: no corporate action within ±3 days, did not revert; Nifty 50 +1.4% that day",price data
CHOLAFIN,2020-03-23,D_bad_print,daily move beyond ±20%,r = -29.6%,"kept — genuine move: no corporate action within ±3 days, did not revert; Nifty 50 -13.0% that day",price data
CIPLA,2008-11-27,E_calendar,row on a non-trading day,date absent from the Nifty 50 trading calendar,dropped,price data
CIPLA,2009-04-30,E_calendar,row on a non-trading day,date absent from the Nifty 50 trading calendar,dropped,price data
CIPLA,2009-10-13,E_calendar,row on a non-trading day,date absent from the Nifty 50 trading calendar,dropped,price data
CIPLA,2011-05-31,E_calendar,row on a non-trading day,date absent from the Nifty 50 trading calendar,dropped,price data
CIPLA,2011-07-14,E_calendar,row on a non-trading day,date absent from the Nifty 50 trading calendar,dropped,price data
CIPLA,2011-11-24,E_calendar,row on a non-trading day,date absent from the Nifty 50 trading calendar,dropped,price data
CIPLA,2011-12-26,E_calendar,row on a non-trading day,date absent from the Nifty 50 trading calendar,dropped,price data
CIPLA,2012-01-02,E_calendar,row on a non-trading day,date absent from the Nifty 50 trading calendar,dropped,price data
CIPLA,2014-04-24,E_calendar,row on a non-trading day,date absent from the Nifty 50 trading calendar,dropped,price data
CIPLA,2014-10-15,E_calendar,row on a non-trading day,date absent from the Nifty 50 trading calendar,dropped,price data
CIPLA,2026-01-15,E_calendar,row on a non-trading day,date absent from the Nifty 50 trading calendar,dropped,price data
CIPLA,2026-05-01,E_calendar,row on a non-trading day,date absent from the Nifty 50 trading calendar,dropped,price data
CIPLA,2026-05-28,E_calendar,row on a non-trading day,date absent from the Nifty 50 trading calendar,dropped,price data
CIPLA,2026-06-26,E_calendar,row on a non-trading day,date absent from the Nifty 50 trading calendar,dropped,price data
CIPLA,2026-09-14,E_calendar,row on a non-trading day,date absent from the Nifty 50 trading calendar,dropped,price data
CIPLA,2026-10-02,E_calendar,row on a non-trading day,date absent from the Nifty 50 trading calendar,dropped,price data
CIPLA,2025-03-18,A_split_bonus,Adj Close differs from Yahoo by > 0.5%,max gap 1.08% on 2025-03-18,kept our rebuild — dividends from NSE records rather than Yahoo's,yfinance Adj Close vs our rebuild
COALINDIA,2011-05-31,E_calendar,row on a non-trading day,date absent from the Nifty 50 trading calendar,dropped,price data
COALINDIA,2011-07-14,E_calendar,row on a non-trading day,date absent from the Nifty 50 trading calendar,dropped,price data
COALINDIA,2011-11-24,E_calendar,row on a non-trading day,date absent from the Nifty 50 trading calendar,dropped,price data
COALINDIA,2011-12-26,E_calendar,row on a non-trading day,date absent from the Nifty 50 trading calendar,dropped,price data
COALINDIA,2012-01-02,E_calendar,row on a non-trading day,date absent from the Nifty 50 trading calendar,dropped,price data
COALINDIA,2014-04-24,E_calendar,row on a non-trading day,date absent from the Nifty 50 trading calendar,dropped,price data
COALINDIA,2014-10-15,E_calendar,row on a non-trading day,date absent from the Nifty 50 trading calendar,dropped,price data
COALINDIA,2026-01-15,E_calendar,row on a non-trading day,date absent from the Nifty 50 trading calendar,dropped,price data
COALINDIA,2026-05-01,E_calendar,row on a non-trading day,date absent from the Nifty 50 trading calendar,dropped,price data
COALINDIA,2026-05-28,E_calendar,row on a non-trading day,date absent from the Nifty 50 trading calendar,dropped,price data
COALINDIA,2026-06-26,E_calendar,row on a non-trading day,date absent from the Nifty 50 trading calendar,dropped,price data
COALINDIA,2026-09-14,E_calendar,row on a non-trading day,date absent from the Nifty 50 trading calendar,dropped,price data
COALINDIA,2026-10-02,E_calendar,row on a non-trading day,date absent from the Nifty 50 trading calendar,dropped,price data
COALINDIA,2025-03-18,A_split_bonus,Adj Close differs from Yahoo by > 0.5%,max gap 0.92% on 2025-03-18,kept our rebuild — dividends from NSE records rather than Yahoo's,yfinance Adj Close vs our rebuild
COCHINSHIP,2026-01-15,E_calendar,row on a non-trading day,date absent from the Nifty 50 trading calendar,dropped,price data
COCHINSHIP,2026-05-01,E_calendar,row on a non-trading day,date absent from the Nifty 50 trading calendar,dropped,price data
COCHINSHIP,2026-05-28,E_calendar,row on a non-trading day,date absent from the Nifty 50 trading calendar,dropped,price data
COCHINSHIP,2026-06-26,E_calendar,row on a non-trading day,date absent from the Nifty 50 trading calendar,dropped,price data
COCHINSHIP,2026-09-14,E_calendar,row on a non-trading day,date absent from the Nifty 50 trading calendar,dropped,price data
COCHINSHIP,2026-10-02,E_calendar,row on a non-trading day,date absent from the Nifty 50 trading calendar,dropped,price data
COCHINSHIP,2024-01-10,A_split_bonus,split/bonus verified,Face Value Split (Sub-Division) - From Rs 10/- Per Share To Rs 5/- Per Share; Yahoo 2-for-1; price ratio 0.6000,applied,NSE corporate actions; yfinance action history
COCHINSHIP,2025-03-18,A_split_bonus,Adj Close differs from Yahoo by > 0.5%,max gap 3.49% on 2025-03-18,kept our rebuild — dividends from NSE records rather than Yahoo's,yfinance Adj Close vs our rebuild
COFORGE,2008-11-27,E_calendar,row on a non-trading day,date absent from the Nifty 50 trading calendar,dropped,price data
COFORGE,2009-04-30,E_calendar,row on a non-trading day,date absent from the Nifty 50 trading calendar,dropped,price data
COFORGE,2009-10-13,E_calendar,row on a non-trading day,date absent from the Nifty 50 trading calendar,dropped,price data
COFORGE,2011-05-31,E_calendar,row on a non-trading day,date absent from the Nifty 50 trading calendar,dropped,price data
COFORGE,2011-07-14,E_calendar,row on a non-trading day,date absent from the Nifty 50 trading calendar,dropped,price data
COFORGE,2011-11-24,E_calendar,row on a non-trading day,date absent from the Nifty 50 trading calendar,dropped,price data
COFORGE,2011-12-26,E_calendar,row on a non-trading day,date absent from the Nifty 50 trading calendar,dropped,price data
COFORGE,2012-01-02,E_calendar,row on a non-trading day,date absent from the Nifty 50 trading calendar,dropped,price data
COFORGE,2014-04-24,E_calendar,row on a non-trading day,date absent from the Nifty 50 trading calendar,dropped,price data
COFORGE,2014-10-15,E_calendar,row on a non-trading day,date absent from the Nifty 50 trading calendar,dropped,price data
COFORGE,2026-01-15,E_calendar,row on a non-trading day,date absent from the Nifty 50 trading calendar,dropped,price data
COFORGE,2026-05-01,E_calendar,row on a non-trading day,date absent from the Nifty 50 trading calendar,dropped,price data
COFORGE,2026-05-28,E_calendar,row on a non-trading day,date absent from the Nifty 50 trading calendar,dropped,price data
COFORGE,2026-06-26,E_calendar,row on a non-trading day,date absent from the Nifty 50 trading calendar,dropped,price data
COFORGE,2026-09-14,E_calendar,row on a non-trading day,date absent from the Nifty 50 trading calendar,dropped,price data
COFORGE,2026-10-02,E_calendar,row on a non-trading day,date absent from the Nifty 50 trading calendar,dropped,price data
COFORGE,2025-06-04,A_split_bonus,split/bonus verified,Face Value Split (Sub-Division) - From Rs 10/- Per Share To Rs 2/- Per Share; Yahoo 5-for-1; price ratio 0.2029,applied,NSE corporate actions; yfinance action history
COFORGE,2020-03-23,A_split_bonus,split-like move with no corporate action,price ratio 0.7560 ≈ bonus 1:3 (Nifty 50 -13.0% that day); no split/bonus in NSE or Yahoo records within ±7 days,kept as a genuine move,NSE corporate actions; yfinance action history
COFORGE,2025-03-18,A_split_bonus,Adj Close differs from Yahoo by > 0.5%,max gap 2.73% on 2025-03-18,kept our rebuild — dividends from NSE records rather than Yahoo's,yfinance Adj Close vs our rebuild
COFORGE,2008-01-21,D_bad_print,daily move beyond ±20%,r = -21.3%,"kept — genuine move: no corporate action within ±3 days, did not revert; Nifty 50 -8.7% that day",price data
COFORGE,2008-01-22,D_bad_print,daily move beyond ±20%,r = -20.5%,"kept — genuine move: no corporate action within ±3 days, did not revert; Nifty 50 -5.9% that day",price data
COFORGE,2009-08-14,D_bad_print,daily move beyond ±20%,r = +20.0%,"kept — genuine move: no corporate action within ±3 days, did not revert; Nifty 50 -0.5% that day",price data
COFORGE,2020-03-23,D_bad_print,daily move beyond ±20%,r = -24.4%,"kept — genuine move: no corporate action within ±3 days, did not revert; Nifty 50 -13.0% that day",price data
COFORGE,2020-03-25,D_bad_print,daily move beyond ±20%,r = +22.0%,"kept — genuine move: no corporate action within ±3 days, did not revert; Nifty 50 +6.6% that day",price data
COLPAL,2008-11-27,E_calendar,row on a non-trading day,date absent from the Nifty 50 trading calendar,dropped,price data
COLPAL,2009-04-30,E_calendar,row on a non-trading day,date absent from the Nifty 50 trading calendar,dropped,price data
COLPAL,2009-10-13,E_calendar,row on a non-trading day,date absent from the Nifty 50 trading calendar,dropped,price data
COLPAL,2011-05-31,E_calendar,row on a non-trading day,date absent from the Nifty 50 trading calendar,dropped,price data
COLPAL,2011-07-14,E_calendar,row on a non-trading day,date absent from the Nifty 50 trading calendar,dropped,price data
COLPAL,2011-11-24,E_calendar,row on a non-trading day,date absent from the Nifty 50 trading calendar,dropped,price data
COLPAL,2011-12-26,E_calendar,row on a non-trading day,date absent from the Nifty 50 trading calendar,dropped,price data
COLPAL,2012-01-02,E_calendar,row on a non-trading day,date absent from the Nifty 50 trading calendar,dropped,price data
COLPAL,2014-04-24,E_calendar,row on a non-trading day,date absent from the Nifty 50 trading calendar,dropped,price data
COLPAL,2014-10-15,E_calendar,row on a non-trading day,date absent from the Nifty 50 trading calendar,dropped,price data
COLPAL,2026-01-15,E_calendar,row on a non-trading day,date absent from the Nifty 50 trading calendar,dropped,price data
COLPAL,2026-05-01,E_calendar,row on a non-trading day,date absent from the Nifty 50 trading calendar,dropped,price data
COLPAL,2026-05-28,E_calendar,row on a non-trading day,date absent from the Nifty 50 trading calendar,dropped,price data
COLPAL,2026-06-26,E_calendar,row on a non-trading day,date absent from the Nifty 50 trading calendar,dropped,price data
COLPAL,2026-09-14,E_calendar,row on a non-trading day,date absent from the Nifty 50 trading calendar,dropped,price data
COLPAL,2026-10-02,E_calendar,row on a non-trading day,date absent from the Nifty 50 trading calendar,dropped,price data
COLPAL,2007-12-17,C_symbol,symbol change missing from NSE's list,"NSE bhavcopies list COLGATE, whose official closes move exactly with Yahoo's COLPAL on 2007-09-17, 2007-10-01 and 2007-11-01, until COLPAL first appears on 2007-12-17",treated COLGATE → COLPAL as a rename on 2007-12-17,NSE bhavcopies (price match)
COLPAL,2007-11-28,E_calendar,suspension / relisting gap,13 identical closes (2007-11-28 → 2007-12-14); NSE shows no trades on 2007-12-06,usable history starts after 2007-12-14 (fails the continuous-history rule),NSE bhavcopies
COLPAL,2015-09-23,A_split_bonus,split/bonus verified,Bonus 1:1; Yahoo 2-for-1; price ratio 0.4882,applied,NSE corporate actions; yfinance action history
COLPAL,2008-12-01,A_split_bonus,Adj Close differs from Yahoo by > 0.5%,max gap 2.45% on 2008-12-01,kept our rebuild — dividends from NSE records rather than Yahoo's,yfinance Adj Close vs our rebuild
CONCOR,2008-11-27,E_calendar,row on a non-trading day,date absent from the Nifty 50 trading calendar,dropped,price data
CONCOR,2009-04-30,E_calendar,row on a non-trading day,date absent from the Nifty 50 trading calendar,dropped,price data
CONCOR,2009-10-13,E_calendar,row on a non-trading day,date absent from the Nifty 50 trading calendar,dropped,price data
CONCOR,2011-05-31,E_calendar,row on a non-trading day,date absent from the Nifty 50 trading calendar,dropped,price data
CONCOR,2011-07-14,E_calendar,row on a non-trading day,date absent from the Nifty 50 trading calendar,dropped,price data
CONCOR,2011-11-24,E_calendar,row on a non-trading day,date absent from the Nifty 50 trading calendar,dropped,price data
CONCOR,2011-12-26,E_calendar,row on a non-trading day,date absent from the Nifty 50 trading calendar,dropped,price data
CONCOR,2012-01-02,E_calendar,row on a non-trading day,date absent from the Nifty 50 trading calendar,dropped,price data
CONCOR,2014-04-24,E_calendar,row on a non-trading day,date absent from the Nifty 50 trading calendar,dropped,price data
CONCOR,2014-10-15,E_calendar,row on a non-trading day,date absent from the Nifty 50 trading calendar,dropped,price data
CONCOR,2026-01-15,E_calendar,row on a non-trading day,date absent from the Nifty 50 trading calendar,dropped,price data
CONCOR,2026-05-01,E_calendar,row on a non-trading day,date absent from the Nifty 50 trading calendar,dropped,price data
CONCOR,2026-05-28,E_calendar,row on a non-trading day,date absent from the Nifty 50 trading calendar,dropped,price data
CONCOR,2026-06-26,E_calendar,row on a non-trading day,date absent from the Nifty 50 trading calendar,dropped,price data
CONCOR,2026-09-14,E_calendar,row on a non-trading day,date absent from the Nifty 50 trading calendar,dropped,price data
CONCOR,2025-01-01,A_split_bonus,Yahoo price level inconsistent with NSE,NSE close ÷ Yahoo close steps from 0.8000 to 1.0000 (Yahoo applied an unrecorded factor 0.8000 to earlier prices). NSE actions: no NSE corporate action within ±7 days,rescaled Yahoo's history to NSE's official closes; adjustment rebuilt from NSE actions below,NSE bhavcopies (bisection to 2025-01-01)
CONCOR,2008-04-16,A_split_bonus,split/bonus verified,Bonus - 1:1; Yahoo 2-for-1; price ratio 0.5176,applied,NSE corporate actions; yfinance action history
CONCOR,2013-09-06,A_split_bonus,split/bonus verified,Bonus 1:2; Yahoo 1.5-for-1; price ratio 0.6708,applied,NSE corporate actions; yfinance action history
CONCOR,2017-04-05,A_split_bonus,split/bonus verified,Bonus 1:4; Yahoo 1.25-for-1; price ratio 0.8013,applied,NSE corporate actions; yfinance action history
CONCOR,2018-06-26,A_split_bonus,split/bonus verified,Face Value Split (Sub-Division) - From Rs 10/- Per Share To Rs 5/- Per Share; Yahoo 2-for-1; price ratio 0.5014,applied,NSE corporate actions; yfinance action history
CONCOR,2019-02-04,A_split_bonus,split/bonus verified,Bonus 1:4; Yahoo 1.25-for-1; price ratio 0.7873,applied,NSE corporate actions; yfinance action history
CONCOR,2025-07-04,A_split_bonus,split/bonus verified,Bonus 1:4; Yahoo 1.25-for-1; price ratio 0.8046,applied,NSE corporate actions; yfinance action history
CONCOR,2010-01-28,A_split_bonus,Adj Close differs from Yahoo by > 0.5%,max gap 22.78% on 2010-01-28,kept our rebuild — 1 Yahoo level error(s) corrected against NSE; dividends from NSE records rather than Yahoo's,yfinance Adj Close vs our rebuild
CUMMINSIND,2008-11-27,E_calendar,row on a non-trading day,date absent from the Nifty 50 trading calendar,dropped,price data
CUMMINSIND,2009-04-30,E_calendar,row on a non-trading day,date absent from the Nifty 50 trading calendar,dropped,price data
CUMMINSIND,2009-10-13,E_calendar,row on a non-trading day,date absent from the Nifty 50 trading calendar,dropped,price data
CUMMINSIND,2011-05-31,E_calendar,row on a non-trading day,date absent from the Nifty 50 trading calendar,dropped,price data
CUMMINSIND,2011-07-14,E_calendar,row on a non-trading day,date absent from the Nifty 50 trading calendar,dropped,price data
CUMMINSIND,2011-11-24,E_calendar,row on a non-trading day,date absent from the Nifty 50 trading calendar,dropped,price data
CUMMINSIND,2011-12-26,E_calendar,row on a non-trading day,date absent from the Nifty 50 trading calendar,dropped,price data
CUMMINSIND,2012-01-02,E_calendar,row on a non-trading day,date absent from the Nifty 50 trading calendar,dropped,price data
CUMMINSIND,2014-04-24,E_calendar,row on a non-trading day,date absent from the Nifty 50 trading calendar,dropped,price data
CUMMINSIND,2014-10-15,E_calendar,row on a non-trading day,date absent from the Nifty 50 trading calendar,dropped,price data
CUMMINSIND,2026-01-15,E_calendar,row on a non-trading day,date absent from the Nifty 50 trading calendar,dropped,price data
CUMMINSIND,2026-05-01,E_calendar,row on a non-trading day,date absent from the Nifty 50 trading calendar,dropped,price data
CUMMINSIND,2026-05-28,E_calendar,row on a non-trading day,date absent from the Nifty 50 trading calendar,dropped,price data
CUMMINSIND,2026-06-26,E_calendar,row on a non-trading day,date absent from the Nifty 50 trading calendar,dropped,price data
CUMMINSIND,2026-09-14,E_calendar,row on a non-trading day,date absent from the Nifty 50 trading calendar,dropped,price data
CUMMINSIND,2026-10-02,E_calendar,row on a non-trading day,date absent from the Nifty 50 trading calendar,dropped,price data
CUMMINSIND,2011-09-20,A_split_bonus,split/bonus verified,Bonus 2:5; Yahoo 1.4-for-1; price ratio 0.7027,applied,NSE corporate actions; yfinance action history
CUMMINSIND,2025-03-18,A_split_bonus,Adj Close differs from Yahoo by > 0.5%,max gap 2.36% on 2025-03-18,kept our rebuild — dividends from NSE records rather than Yahoo's,yfinance Adj Close vs our rebuild
DLF,2008-11-27,E_calendar,row on a non-trading day,date absent from the Nifty 50 trading calendar,dropped,price data
DLF,2009-04-30,E_calendar,row on a non-trading day,date absent from the Nifty 50 trading calendar,dropped,price data
DLF,2009-10-13,E_calendar,row on a non-trading day,date absent from the Nifty 50 trading calendar,dropped,price data
DLF,2011-05-31,E_calendar,row on a non-trading day,date absent from the Nifty 50 trading calendar,dropped,price data
DLF,2011-07-14,E_calendar,row on a non-trading day,date absent from the Nifty 50 trading calendar,dropped,price data
DLF,2011-11-24,E_calendar,row on a non-trading day,date absent from the Nifty 50 trading calendar,dropped,price data
DLF,2011-12-26,E_calendar,row on a non-trading day,date absent from the Nifty 50 trading calendar,dropped,price data
DLF,2012-01-02,E_calendar,row on a non-trading day,date absent from the Nifty 50 trading calendar,dropped,price data
DLF,2014-04-24,E_calendar,row on a non-trading day,date absent from the Nifty 50 trading calendar,dropped,price data
DLF,2014-10-15,E_calendar,row on a non-trading day,date absent from the Nifty 50 trading calendar,dropped,price data
DLF,2026-01-15,E_calendar,row on a non-trading day,date absent from the Nifty 50 trading calendar,dropped,price data
DLF,2026-05-01,E_calendar,row on a non-trading day,date absent from the Nifty 50 trading calendar,dropped,price data
DLF,2026-05-28,E_calendar,row on a non-trading day,date absent from the Nifty 50 trading calendar,dropped,price data
DLF,2026-06-26,E_calendar,row on a non-trading day,date absent from the Nifty 50 trading calendar,dropped,price data
DLF,2026-09-14,E_calendar,row on a non-trading day,date absent from the Nifty 50 trading calendar,dropped,price data
DLF,2026-10-02,E_calendar,row on a non-trading day,date absent from the Nifty 50 trading calendar,dropped,price data
DLF,2008-10-24,A_split_bonus,split-like move with no corporate action,price ratio 0.7633 ≈ bonus 1:3 (Nifty 50 -12.2% that day); no split/bonus in NSE or Yahoo records within ±7 days,kept as a genuine move,NSE corporate actions; yfinance action history
DLF,2015-08-24,D_bad_print,spike-and-revert confirmed genuine,"r_t = -15.2%, r_t+1 = +16.0%; the exchange's official close agrees",kept (real move),NSE bhavcopy
DLF,2025-03-18,A_split_bonus,Adj Close differs from Yahoo by > 0.5%,max gap 2.94% on 2025-03-18,kept our rebuild — dividends from NSE records rather than Yahoo's,yfinance Adj Close vs our rebuild
DLF,2008-10-24,D_bad_print,daily move beyond ±20%,r = -23.7%,"kept — genuine move: no corporate action within ±3 days, did not revert; Nifty 50 -12.2% that day",price data
DLF,2009-05-18,D_bad_print,daily move beyond ±20%,r = +25.0%,"kept — genuine move: no corporate action within ±3 days, did not revert; Nifty 50 +17.7% that day",price data
DLF,2014-10-14,D_bad_print,daily move beyond ±20%,r = -28.6%,"kept — genuine move: no corporate action within ±3 days, did not revert; Nifty 50 -0.3% that day",price data
DABUR,2008-11-27,E_calendar,row on a non-trading day,date absent from the Nifty 50 trading calendar,dropped,price data
DABUR,2009-04-30,E_calendar,row on a non-trading day,date absent from the Nifty 50 trading calendar,dropped,price data
DABUR,2009-10-13,E_calendar,row on a non-trading day,date absent from the Nifty 50 trading calendar,dropped,price data
DABUR,2011-05-31,E_calendar,row on a non-trading day,date absent from the Nifty 50 trading calendar,dropped,price data
DABUR,2011-07-14,E_calendar,row on a non-trading day,date absent from the Nifty 50 trading calendar,dropped,price data
DABUR,2011-11-24,E_calendar,row on a non-trading day,date absent from the Nifty 50 trading calendar,dropped,price data
DABUR,2011-12-26,E_calendar,row on a non-trading day,date absent from the Nifty 50 trading calendar,dropped,price data
DABUR,2012-01-02,E_calendar,row on a non-trading day,date absent from the Nifty 50 trading calendar,dropped,price data
DABUR,2014-04-24,E_calendar,row on a non-trading day,date absent from the Nifty 50 trading calendar,dropped,price data
DABUR,2014-10-15,E_calendar,row on a non-trading day,date absent from the Nifty 50 trading calendar,dropped,price data
DABUR,2026-01-15,E_calendar,row on a non-trading day,date absent from the Nifty 50 trading calendar,dropped,price data
DABUR,2026-05-01,E_calendar,row on a non-trading day,date absent from the Nifty 50 trading calendar,dropped,price data
DABUR,2026-05-28,E_calendar,row on a non-trading day,date absent from the Nifty 50 trading calendar,dropped,price data
DABUR,2026-06-26,E_calendar,row on a non-trading day,date absent from the Nifty 50 trading calendar,dropped,price data
DABUR,2026-09-14,E_calendar,row on a non-trading day,date absent from the Nifty 50 trading calendar,dropped,price data
DABUR,2026-10-02,E_calendar,row on a non-trading day,date absent from the Nifty 50 trading calendar,dropped,price data
DABUR,2010-09-08,A_split_bonus,split/bonus verified,Bonus 1:1; Yahoo 2-for-1; price ratio 0.4975,applied,NSE corporate actions; yfinance action history
DABUR,2025-03-18,A_split_bonus,Adj Close differs from Yahoo by > 0.5%,max gap 0.81% on 2025-03-18,kept our rebuild — dividends from NSE records rather than Yahoo's,yfinance Adj Close vs our rebuild
DABUR,2008-10-31,D_bad_print,daily move beyond ±20%,r = +20.2%,"kept — genuine move: no corporate action within ±3 days, did not revert; Nifty 50 +7.0% that day",price data
DIVISLAB,2008-11-27,E_calendar,row on a non-trading day,date absent from the Nifty 50 trading calendar,dropped,price data
DIVISLAB,2009-04-30,E_calendar,row on a non-trading day,date absent from the Nifty 50 trading calendar,dropped,price data
DIVISLAB,2009-10-13,E_calendar,row on a non-trading day,date absent from the Nifty 50 trading calendar,dropped,price data
DIVISLAB,2011-05-31,E_calendar,row on a non-trading day,date absent from the Nifty 50 trading calendar,dropped,price data
DIVISLAB,2011-07-14,E_calendar,row on a non-trading day,date absent from the Nifty 50 trading calendar,dropped,price data
DIVISLAB,2011-11-24,E_calendar,row on a non-trading day,date absent from the Nifty 50 trading calendar,dropped,price data
DIVISLAB,2011-12-26,E_calendar,row on a non-trading day,date absent from the Nifty 50 trading calendar,dropped,price data
DIVISLAB,2012-01-02,E_calendar,row on a non-trading day,date absent from the Nifty 50 trading calendar,dropped,price data
DIVISLAB,2014-04-24,E_calendar,row on a non-trading day,date absent from the Nifty 50 trading calendar,dropped,price data
DIVISLAB,2014-10-15,E_calendar,row on a non-trading day,date absent from the Nifty 50 trading calendar,dropped,price data
DIVISLAB,2026-01-15,E_calendar,row on a non-trading day,date absent from the Nifty 50 trading calendar,dropped,price data
DIVISLAB,2026-05-28,E_calendar,row on a non-trading day,date absent from the Nifty 50 trading calendar,dropped,price data
DIVISLAB,2026-06-26,E_calendar,row on a non-trading day,date absent from the Nifty 50 trading calendar,dropped,price data
DIVISLAB,2026-09-14,E_calendar,row on a non-trading day,date absent from the Nifty 50 trading calendar,dropped,price data
DIVISLAB,2026-10-02,E_calendar,row on a non-trading day,date absent from the Nifty 50 trading calendar,dropped,price data
DIVISLAB,2009-07-30,A_split_bonus,split/bonus verified,Bonus-1:1; Yahoo 2-for-1; price ratio 0.4954,applied,NSE corporate actions; yfinance action history
DIVISLAB,2015-09-23,A_split_bonus,split/bonus verified,Bonus 1:1; Yahoo 2-for-1; price ratio 0.5046,applied,NSE corporate actions; yfinance action history
DIVISLAB,2025-03-18,A_split_bonus,Adj Close differs from Yahoo by > 0.5%,max gap 1.80% on 2025-03-18,kept our rebuild — dividends from NSE records rather than Yahoo's,yfinance Adj Close vs our rebuild
DIVISLAB,2016-12-23,D_bad_print,daily move beyond ±20%,r = -22.3%,"kept — genuine move: no corporate action within ±3 days, did not revert; Nifty 50 +0.1% that day",price data
DIXON,2026-01-15,E_calendar,row on a non-trading day,date absent from the Nifty 50 trading calendar,dropped,price data
DIXON,2026-05-01,E_calendar,row on a non-trading day,date absent from the Nifty 50 trading calendar,dropped,price data
DIXON,2026-05-28,E_calendar,row on a non-trading day,date absent from the Nifty 50 trading calendar,dropped,price data
DIXON,2026-06-26,E_calendar,row on a non-trading day,date absent from the Nifty 50 trading calendar,dropped,price data
DIXON,2026-09-14,E_calendar,row on a non-trading day,date absent from the Nifty 50 trading calendar,dropped,price data
DIXON,2026-10-02,E_calendar,row on a non-trading day,date absent from the Nifty 50 trading calendar,dropped,price data
DIXON,2021-03-18,A_split_bonus,split/bonus verified,Face Value Split (Sub-Division) - From Rs 10/- Per Share To Rs 2/- Per Share; Yahoo 5-for-1; price ratio 0.2112,applied,NSE corporate actions; yfinance action history
DIXON,2025-03-18,A_split_bonus,Adj Close differs from Yahoo by > 0.5%,max gap 2.84% on 2025-03-18,kept our rebuild — dividends from NSE records rather than Yahoo's,yfinance Adj Close vs our rebuild
DRREDDY,2008-11-27,E_calendar,row on a non-trading day,date absent from the Nifty 50 trading calendar,dropped,price data
DRREDDY,2009-04-30,E_calendar,row on a non-trading day,date absent from the Nifty 50 trading calendar,dropped,price data
DRREDDY,2009-10-13,E_calendar,row on a non-trading day,date absent from the Nifty 50 trading calendar,dropped,price data
DRREDDY,2011-05-31,E_calendar,row on a non-trading day,date absent from the Nifty 50 trading calendar,dropped,price data
DRREDDY,2011-07-14,E_calendar,row on a non-trading day,date absent from the Nifty 50 trading calendar,dropped,price data
DRREDDY,2011-11-24,E_calendar,row on a non-trading day,date absent from the Nifty 50 trading calendar,dropped,price data
DRREDDY,2011-12-26,E_calendar,row on a non-trading day,date absent from the Nifty 50 trading calendar,dropped,price data
DRREDDY,2012-01-02,E_calendar,row on a non-trading day,date absent from the Nifty 50 trading calendar,dropped,price data
DRREDDY,2014-04-24,E_calendar,row on a non-trading day,date absent from the Nifty 50 trading calendar,dropped,price data
DRREDDY,2014-10-15,E_calendar,row on a non-trading day,date absent from the Nifty 50 trading calendar,dropped,price data
DRREDDY,2026-01-15,E_calendar,row on a non-trading day,date absent from the Nifty 50 trading calendar,dropped,price data
DRREDDY,2026-05-01,E_calendar,row on a non-trading day,date absent from the Nifty 50 trading calendar,dropped,price data
DRREDDY,2026-05-28,E_calendar,row on a non-trading day,date absent from the Nifty 50 trading calendar,dropped,price data
DRREDDY,2026-06-26,E_calendar,row on a non-trading day,date absent from the Nifty 50 trading calendar,dropped,price data
DRREDDY,2026-09-14,E_calendar,row on a non-trading day,date absent from the Nifty 50 trading calendar,dropped,price data
DRREDDY,2026-10-02,E_calendar,row on a non-trading day,date absent from the Nifty 50 trading calendar,dropped,price data
DRREDDY,2024-10-28,A_split_bonus,split/bonus verified,Face Value Split (Sub-Division) - From Rs 5/- Per Share To Re 1/- Per Share; Yahoo 5-for-1; price ratio 0.2013,applied,NSE corporate actions; yfinance action history
DRREDDY,2025-03-18,A_split_bonus,Adj Close differs from Yahoo by > 0.5%,max gap 1.13% on 2025-03-18,kept our rebuild — dividends from NSE records rather than Yahoo's,yfinance Adj Close vs our rebuild
EICHERMOT,2008-11-27,E_calendar,row on a non-trading day,date absent from the Nifty 50 trading calendar,dropped,price data
EICHERMOT,2009-04-30,E_calendar,row on a non-trading day,date absent from the Nifty 50 trading calendar,dropped,price data
EICHERMOT,2009-10-13,E_calendar,row on a non-trading day,date absent from the Nifty 50 trading calendar,dropped,price data
EICHERMOT,2011-05-31,E_calendar,row on a non-trading day,date absent from the Nifty 50 trading calendar,dropped,price data
EICHERMOT,2011-07-14,E_calendar,row on a non-trading day,date absent from the Nifty 50 trading calendar,dropped,price data
EICHERMOT,2011-11-24,E_calendar,row on a non-trading day,date absent from the Nifty 50 trading calendar,dropped,price data
EICHERMOT,2011-12-26,E_calendar,row on a non-trading day,date absent from the Nifty 50 trading calendar,dropped,price data
EICHERMOT,2012-01-02,E_calendar,row on a non-trading day,date absent from the Nifty 50 trading calendar,dropped,price data
EICHERMOT,2014-04-24,E_calendar,row on a non-trading day,date absent from the Nifty 50 trading calendar,dropped,price data
EICHERMOT,2014-10-15,E_calendar,row on a non-trading day,date absent from the Nifty 50 trading calendar,dropped,price data
EICHERMOT,2026-01-15,E_calendar,row on a non-trading day,date absent from the Nifty 50 trading calendar,dropped,price data
EICHERMOT,2026-05-01,E_calendar,row on a non-trading day,date absent from the Nifty 50 trading calendar,dropped,price data
EICHERMOT,2026-05-28,E_calendar,row on a non-trading day,date absent from the Nifty 50 trading calendar,dropped,price data
EICHERMOT,2026-06-26,E_calendar,row on a non-trading day,date absent from the Nifty 50 trading calendar,dropped,price data
EICHERMOT,2026-09-14,E_calendar,row on a non-trading day,date absent from the Nifty 50 trading calendar,dropped,price data
EICHERMOT,2026-10-02,E_calendar,row on a non-trading day,date absent from the Nifty 50 trading calendar,dropped,price data
EICHERMOT,2020-08-24,A_split_bonus,split/bonus verified,Face Value Split (Sub-Division) - From Rs 10/- Per Share To Re 1/- Per Share; Yahoo 10-for-1; price ratio 0.1003,applied,NSE corporate actions; yfinance action history
EICHERMOT,2007-12-04,A_split_bonus,Adj Close differs from Yahoo by > 0.5%,max gap 3.28% on 2007-12-04,kept our rebuild — dividends from NSE records rather than Yahoo's,yfinance Adj Close vs our rebuild
EICHERMOT,2008-10-31,D_bad_print,daily move beyond ±20%,r = +20.0%,"kept — genuine move: no corporate action within ±3 days, did not revert; Nifty 50 +7.0% that day",price data
ETERNAL,2026-01-15,E_calendar,row on a non-trading day,date absent from the Nifty 50 trading calendar,dropped,price data
ETERNAL,2026-05-01,E_calendar,row on a non-trading day,date absent from the Nifty 50 trading calendar,dropped,price data
ETERNAL,2026-05-28,E_calendar,row on a non-trading day,date absent from the Nifty 50 trading calendar,dropped,price data
ETERNAL,2026-06-26,E_calendar,row on a non-trading day,date absent from the Nifty 50 trading calendar,dropped,price data
ETERNAL,2026-09-14,E_calendar,row on a non-trading day,date absent from the Nifty 50 trading calendar,dropped,price data
ETERNAL,2026-10-02,E_calendar,row on a non-trading day,date absent from the Nifty 50 trading calendar,dropped,price data
ETERNAL,2025-03-18,A_split_bonus,Adj Close differs from Yahoo by > 0.5%,max gap 7.12% on 2025-03-18,kept our rebuild — dividend timing / rounding differences,yfinance Adj Close vs our rebuild
EXIDEIND,2008-11-27,E_calendar,row on a non-trading day,date absent from the Nifty 50 trading calendar,dropped,price data
EXIDEIND,2009-04-30,E_calendar,row on a non-trading day,date absent from the Nifty 50 trading calendar,dropped,price data
EXIDEIND,2009-10-13,E_calendar,row on a non-trading day,date absent from the Nifty 50 trading calendar,dropped,price data
EXIDEIND,2011-05-31,E_calendar,row on a non-trading day,date absent from the Nifty 50 trading calendar,dropped,price data
EXIDEIND,2011-07-14,E_calendar,row on a non-trading day,date absent from the Nifty 50 trading calendar,dropped,price data
EXIDEIND,2011-11-24,E_calendar,row on a non-trading day,date absent from the Nifty 50 trading calendar,dropped,price data
EXIDEIND,2011-12-26,E_calendar,row on a non-trading day,date absent from the Nifty 50 trading calendar,dropped,price data
EXIDEIND,2012-01-02,E_calendar,row on a non-trading day,date absent from the Nifty 50 trading calendar,dropped,price data
EXIDEIND,2014-04-24,E_calendar,row on a non-trading day,date absent from the Nifty 50 trading calendar,dropped,price data
EXIDEIND,2014-10-15,E_calendar,row on a non-trading day,date absent from the Nifty 50 trading calendar,dropped,price data
EXIDEIND,2026-01-15,E_calendar,row on a non-trading day,date absent from the Nifty 50 trading calendar,dropped,price data
EXIDEIND,2026-05-01,E_calendar,row on a non-trading day,date absent from the Nifty 50 trading calendar,dropped,price data
EXIDEIND,2026-05-28,E_calendar,row on a non-trading day,date absent from the Nifty 50 trading calendar,dropped,price data
EXIDEIND,2026-06-26,E_calendar,row on a non-trading day,date absent from the Nifty 50 trading calendar,dropped,price data
EXIDEIND,2026-09-14,E_calendar,row on a non-trading day,date absent from the Nifty 50 trading calendar,dropped,price data
EXIDEIND,2026-10-02,E_calendar,row on a non-trading day,date absent from the Nifty 50 trading calendar,dropped,price data
EXIDEIND,2007-12-10,A_split_bonus,Yahoo price level inconsistent with NSE,NSE close ÷ Yahoo close steps from 1.0391 to 1.0000 (Yahoo applied an unrecorded factor 1.0391 to earlier prices). NSE actions: Rights-Eq 1:15@Prem Rs.29,rescaled Yahoo's history to NSE's official closes; adjustment rebuilt from NSE actions below,NSE bhavcopies (bisection to 2007-12-10)
EXIDEIND,2007-12-10,A_split_bonus,rights issue adjusted,Rights-Eq 1:15@Prem Rs.29; cum-rights close ₹72.85; subscription ₹30.00; factor 0.9632,pre-event history multiplied by the theoretical ex-rights factor,NSE corporate actions (Rights-Eq 1:15@Prem Rs.29)
EXIDEIND,2025-03-18,A_split_bonus,Adj Close differs from Yahoo by > 0.5%,max gap 2.57% on 2025-03-18,kept our rebuild — 1 Yahoo level error(s) corrected against NSE; demerger handled differently from Yahoo; dividends from NSE records rather than Yahoo's,yfinance Adj Close vs our rebuild
NYKAA,2026-01-15,E_calendar,row on a non-trading day,date absent from the Nifty 50 trading calendar,dropped,price data
NYKAA,2026-05-01,E_calendar,row on a non-trading day,date absent from the Nifty 50 trading calendar,dropped,price data
NYKAA,2026-05-28,E_calendar,row on a non-trading day,date absent from the Nifty 50 trading calendar,dropped,price data
NYKAA,2026-06-26,E_calendar,row on a non-trading day,date absent from the Nifty 50 trading calendar,dropped,price data
NYKAA,2026-09-14,E_calendar,row on a non-trading day,date absent from the Nifty 50 trading calendar,dropped,price data
NYKAA,2026-10-02,E_calendar,row on a non-trading day,date absent from the Nifty 50 trading calendar,dropped,price data
NYKAA,2022-11-10,A_split_bonus,split/bonus verified,Bonus 5:1; Yahoo 6-for-1; price ratio 0.1775,applied,NSE corporate actions; yfinance action history
NYKAA,2025-03-18,A_split_bonus,Adj Close differs from Yahoo by > 0.5%,max gap 1.36% on 2025-03-18,kept our rebuild — dividend timing / rounding differences,yfinance Adj Close vs our rebuild
FEDERALBNK,2008-11-27,E_calendar,row on a non-trading day,date absent from the Nifty 50 trading calendar,dropped,price data
FEDERALBNK,2009-04-30,E_calendar,row on a non-trading day,date absent from the Nifty 50 trading calendar,dropped,price data
FEDERALBNK,2009-10-13,E_calendar,row on a non-trading day,date absent from the Nifty 50 trading calendar,dropped,price data
FEDERALBNK,2011-05-31,E_calendar,row on a non-trading day,date absent from the Nifty 50 trading calendar,dropped,price data
FEDERALBNK,2011-07-14,E_calendar,row on a non-trading day,date absent from the Nifty 50 trading calendar,dropped,price data
FEDERALBNK,2011-11-24,E_calendar,row on a non-trading day,date absent from the Nifty 50 trading calendar,dropped,price data
FEDERALBNK,2011-12-26,E_calendar,row on a non-trading day,date absent from the Nifty 50 trading calendar,dropped,price data
FEDERALBNK,2012-01-02,E_calendar,row on a non-trading day,date absent from the Nifty 50 trading calendar,dropped,price data
FEDERALBNK,2014-04-24,E_calendar,row on a non-trading day,date absent from the Nifty 50 trading calendar,dropped,price data
FEDERALBNK,2014-10-15,E_calendar,row on a non-trading day,date absent from the Nifty 50 trading calendar,dropped,price data
FEDERALBNK,2026-01-15,E_calendar,row on a non-trading day,date absent from the Nifty 50 trading calendar,dropped,price data
FEDERALBNK,2026-05-01,E_calendar,row on a non-trading day,date absent from the Nifty 50 trading calendar,dropped,price data
FEDERALBNK,2026-05-28,E_calendar,row on a non-trading day,date absent from the Nifty 50 trading calendar,dropped,price data
FEDERALBNK,2026-06-26,E_calendar,row on a non-trading day,date absent from the Nifty 50 trading calendar,dropped,price data
FEDERALBNK,2026-09-14,E_calendar,row on a non-trading day,date absent from the Nifty 50 trading calendar,dropped,price data
FEDERALBNK,2026-10-02,E_calendar,row on a non-trading day,date absent from the Nifty 50 trading calendar,dropped,price data
FEDERALBNK,2007-11-19,A_split_bonus,Yahoo price level inconsistent with NSE,NSE close ÷ Yahoo close steps from 1.3065 to 1.0000 (Yahoo applied an unrecorded factor 1.3065 to earlier prices). NSE actions: Rights-Eq 1:1@Prem Rs.240,rescaled Yahoo's history to NSE's official closes; adjustment rebuilt from NSE actions below,NSE bhavcopies (bisection to 2007-11-19)
FEDERALBNK,2013-10-17,A_split_bonus,split/bonus verified,Face Value Split From Rs.10/- To Rs.2/-; Yahoo 5-for-1; price ratio 0.2054,applied,NSE corporate actions; yfinance action history
FEDERALBNK,2015-07-08,A_split_bonus,split/bonus verified,Bonus 1:1; Yahoo 2-for-1; price ratio 0.4902,applied,NSE corporate actions; yfinance action history
FEDERALBNK,2007-11-19,A_split_bonus,rights issue adjusted,Rights-Eq 1:1@Prem Rs.240; cum-rights close ₹473.65; subscription ₹242.00; factor 0.7555,pre-event history multiplied by the theoretical ex-rights factor,NSE corporate actions (Rights-Eq 1:1@Prem Rs.240)
FEDERALBNK,2020-03-23,A_split_bonus,split-like move with no corporate action,price ratio 0.7580 ≈ bonus 1:3 (Nifty 50 -13.0% that day); no split/bonus in NSE or Yahoo records within ±7 days,kept as a genuine move,NSE corporate actions; yfinance action history
FEDERALBNK,2008-06-11,A_split_bonus,Adj Close differs from Yahoo by > 0.5%,max gap 1.81% on 2008-06-11,kept our rebuild — 1 Yahoo level error(s) corrected against NSE; demerger handled differently from Yahoo; dividends from NSE records rather than Yahoo's,yfinance Adj Close vs our rebuild
FEDERALBNK,2020-03-23,D_bad_print,daily move beyond ±20%,r = -24.2%,"kept — genuine move: no corporate action within ±3 days, did not revert; Nifty 50 -13.0% that day",price data
FORTIS,2008-11-27,E_calendar,row on a non-trading day,date absent from the Nifty 50 trading calendar,dropped,price data
FORTIS,2009-04-30,E_calendar,row on a non-trading day,date absent from the Nifty 50 trading calendar,dropped,price data
FORTIS,2009-10-13,E_calendar,row on a non-trading day,date absent from the Nifty 50 trading calendar,dropped,price data
FORTIS,2011-05-31,E_calendar,row on a non-trading day,date absent from the Nifty 50 trading calendar,dropped,price data
FORTIS,2011-07-14,E_calendar,row on a non-trading day,date absent from the Nifty 50 trading calendar,dropped,price data
FORTIS,2011-11-24,E_calendar,row on a non-trading day,date absent from the Nifty 50 trading calendar,dropped,price data
FORTIS,2011-12-26,E_calendar,row on a non-trading day,date absent from the Nifty 50 trading calendar,dropped,price data
FORTIS,2012-01-02,E_calendar,row on a non-trading day,date absent from the Nifty 50 trading calendar,dropped,price data
FORTIS,2014-04-24,E_calendar,row on a non-trading day,date absent from the Nifty 50 trading calendar,dropped,price data
FORTIS,2014-10-15,E_calendar,row on a non-trading day,date absent from the Nifty 50 trading calendar,dropped,price data
FORTIS,2026-01-15,E_calendar,row on a non-trading day,date absent from the Nifty 50 trading calendar,dropped,price data
FORTIS,2026-05-01,E_calendar,row on a non-trading day,date absent from the Nifty 50 trading calendar,dropped,price data
FORTIS,2026-05-28,E_calendar,row on a non-trading day,date absent from the Nifty 50 trading calendar,dropped,price data
FORTIS,2026-06-26,E_calendar,row on a non-trading day,date absent from the Nifty 50 trading calendar,dropped,price data
FORTIS,2026-09-14,E_calendar,row on a non-trading day,date absent from the Nifty 50 trading calendar,dropped,price data
FORTIS,2026-10-02,E_calendar,row on a non-trading day,date absent from the Nifty 50 trading calendar,dropped,price data
FORTIS,2025-03-18,A_split_bonus,Adj Close differs from Yahoo by > 0.5%,max gap 2.82% on 2025-03-18,kept our rebuild — dividends from NSE records rather than Yahoo's,yfinance Adj Close vs our rebuild
GAIL,2008-11-27,E_calendar,row on a non-trading day,date absent from the Nifty 50 trading calendar,dropped,price data
GAIL,2009-04-30,E_calendar,row on a non-trading day,date absent from the Nifty 50 trading calendar,dropped,price data
GAIL,2009-10-13,E_calendar,row on a non-trading day,date absent from the Nifty 50 trading calendar,dropped,price data
GAIL,2011-05-31,E_calendar,row on a non-trading day,date absent from the Nifty 50 trading calendar,dropped,price data
GAIL,2011-07-14,E_calendar,row on a non-trading day,date absent from the Nifty 50 trading calendar,dropped,price data
GAIL,2011-11-24,E_calendar,row on a non-trading day,date absent from the Nifty 50 trading calendar,dropped,price data
GAIL,2011-12-26,E_calendar,row on a non-trading day,date absent from the Nifty 50 trading calendar,dropped,price data
GAIL,2012-01-02,E_calendar,row on a non-trading day,date absent from the Nifty 50 trading calendar,dropped,price data
GAIL,2014-04-24,E_calendar,row on a non-trading day,date absent from the Nifty 50 trading calendar,dropped,price data
GAIL,2014-10-15,E_calendar,row on a non-trading day,date absent from the Nifty 50 trading calendar,dropped,price data
GAIL,2026-01-15,E_calendar,row on a non-trading day,date absent from the Nifty 50 trading calendar,dropped,price data
GAIL,2026-05-01,E_calendar,row on a non-trading day,date absent from the Nifty 50 trading calendar,dropped,price data
GAIL,2026-05-28,E_calendar,row on a non-trading day,date absent from the Nifty 50 trading calendar,dropped,price data
GAIL,2026-06-26,E_calendar,row on a non-trading day,date absent from the Nifty 50 trading calendar,dropped,price data
GAIL,2026-09-14,E_calendar,row on a non-trading day,date absent from the Nifty 50 trading calendar,dropped,price data
GAIL,2026-10-02,E_calendar,row on a non-trading day,date absent from the Nifty 50 trading calendar,dropped,price data
GAIL,2008-10-06,A_split_bonus,split/bonus verified,Bonus 1:2; Yahoo 1.5-for-1; price ratio 0.6395,applied,NSE corporate actions; yfinance action history
GAIL,2017-03-09,A_split_bonus,split/bonus verified,Bonus 1:3; Yahoo 1.33333-for-1; price ratio 0.7311,applied,NSE corporate actions; yfinance action history
GAIL,2018-03-27,A_split_bonus,split/bonus verified,Bonus 1:3; Yahoo 1.33333-for-1; price ratio 0.7549,applied,NSE corporate actions; yfinance action history
GAIL,2019-07-09,A_split_bonus,split/bonus verified,Bonus 1:1; Yahoo 2-for-1; price ratio 0.4869,applied,NSE corporate actions; yfinance action history
GAIL,2022-09-06,A_split_bonus,split/bonus verified,Bonus 1:2; Yahoo 1.5-for-1; price ratio 0.6804,applied,NSE corporate actions; yfinance action history
GAIL,2025-03-18,A_split_bonus,Adj Close differs from Yahoo by > 0.5%,max gap 4.10% on 2025-03-18,kept our rebuild — dividends from NSE records rather than Yahoo's,yfinance Adj Close vs our rebuild
GVT&D,2008-11-27,E_calendar,row on a non-trading day,date absent from the Nifty 50 trading calendar,dropped,price data
GVT&D,2009-04-30,E_calendar,row on a non-trading day,date absent from the Nifty 50 trading calendar,dropped,price data
GVT&D,2009-10-13,E_calendar,row on a non-trading day,date absent from the Nifty 50 trading calendar,dropped,price data
GVT&D,2011-05-31,E_calendar,row on a non-trading day,date absent from the Nifty 50 trading calendar,dropped,price data
GVT&D,2011-07-14,E_calendar,row on a non-trading day,date absent from the Nifty 50 trading calendar,dropped,price data
GVT&D,2011-11-24,E_calendar,row on a non-trading day,date absent from the Nifty 50 trading calendar,dropped,price data
GVT&D,2011-12-26,E_calendar,row on a non-trading day,date absent from the Nifty 50 trading calendar,dropped,price data
GVT&D,2012-01-02,E_calendar,row on a non-trading day,date absent from the Nifty 50 trading calendar,dropped,price data
GVT&D,2014-04-24,E_calendar,row on a non-trading day,date absent from the Nifty 50 trading calendar,dropped,price data
GVT&D,2014-10-15,E_calendar,row on a non-trading day,date absent from the Nifty 50 trading calendar,dropped,price data
GVT&D,2026-01-15,E_calendar,row on a non-trading day,date absent from the Nifty 50 trading calendar,dropped,price data
GVT&D,2026-05-01,E_calendar,row on a non-trading day,date absent from the Nifty 50 trading calendar,dropped,price data
GVT&D,2026-05-28,E_calendar,row on a non-trading day,date absent from the Nifty 50 trading calendar,dropped,price data
GVT&D,2026-06-26,E_calendar,row on a non-trading day,date absent from the Nifty 50 trading calendar,dropped,price data
GVT&D,2026-09-14,E_calendar,row on a non-trading day,date absent from the Nifty 50 trading calendar,dropped,price data
GVT&D,2026-10-02,E_calendar,row on a non-trading day,date absent from the Nifty 50 trading calendar,dropped,price data
GVT&D,2025-02-01,F_integrity,single-day disagreement with NSE,NSE close ÷ Yahoo close = 0.9700 on one checkpoint only,no level change; day kept,NSE bhavcopy 2025-02-01
GVT&D,2025-05-02,F_integrity,single-day disagreement with NSE,NSE close ÷ Yahoo close = 1.0116 on one checkpoint only,no level change; day kept,NSE bhavcopy 2025-05-02
GVT&D,2016-09-16,A_split_bonus,Yahoo price level inconsistent with NSE,NSE close ÷ Yahoo close steps from 1.0000 to 1.0600 (Yahoo applied an unrecorded factor 0.9434 to earlier prices). NSE actions: no NSE corporate action within ±7 days,rescaled Yahoo's history to NSE's official closes; adjustment rebuilt from NSE actions below,NSE bhavcopies (bisection to 2016-09-16)
GVT&D,2016-11-01,A_split_bonus,Yahoo price level inconsistent with NSE,NSE close ÷ Yahoo close steps from 1.0600 to 1.0291 (Yahoo applied an unrecorded factor 1.0300 to earlier prices). NSE actions: no NSE corporate action within ±7 days,rescaled Yahoo's history to NSE's official closes; adjustment rebuilt from NSE actions below,NSE bhavcopies (bisection to 2016-11-01)
GVT&D,2016-11-24,A_split_bonus,Yahoo price level inconsistent with NSE,NSE close ÷ Yahoo close steps from 1.0291 to 0.9910 (Yahoo applied an unrecorded factor 1.0385 to earlier prices). NSE actions: no NSE corporate action within ±7 days,rescaled Yahoo's history to NSE's official closes; adjustment rebuilt from NSE actions below,NSE bhavcopies (bisection to 2016-11-24)
GVT&D,2016-12-20,A_split_bonus,Yahoo price level inconsistent with NSE,NSE close ÷ Yahoo close steps from 0.9910 to 0.9224 (Yahoo applied an unrecorded factor 1.0744 to earlier prices). NSE actions: no NSE corporate action within ±7 days,rescaled Yahoo's history to NSE's official closes; adjustment rebuilt from NSE actions below,NSE bhavcopies (bisection to 2016-12-20)
GVT&D,2017-01-10,A_split_bonus,Yahoo price level inconsistent with NSE,NSE close ÷ Yahoo close steps from 0.9224 to 0.9560 (Yahoo applied an unrecorded factor 0.9648 to earlier prices). NSE actions: no NSE corporate action within ±7 days,rescaled Yahoo's history to NSE's official closes; adjustment rebuilt from NSE actions below,NSE bhavcopies (bisection to 2017-01-10)
GVT&D,2017-02-27,A_split_bonus,Yahoo price level inconsistent with NSE,NSE close ÷ Yahoo close steps from 0.9560 to 1.0000 (Yahoo applied an unrecorded factor 0.9560 to earlier prices). NSE actions: no NSE corporate action within ±7 days,rescaled Yahoo's history to NSE's official closes; adjustment rebuilt from NSE actions below,NSE bhavcopies (bisection to 2017-02-27)
GVT&D,2008-06-30,C_symbol,Yahoo history before NSE listing,"Yahoo has prices from 2007-01-02, but NSE's bhavcopy first lists AREVA on 2008-06-30",dropped Yahoo rows before 2008-06-30,NSE bhavcopies
GVT&D,2016-09-16,E_calendar,stale prices are a Yahoo data error,29 identical Yahoo closes of 341.95 (2016-09-16 → 2016-10-28); NSE shows the stock trading at ₹354.65 on 2016-10-06,replaced 28 day(s) with NSE official closes,NSE bhavcopies
GVT&D,2016-11-01,E_calendar,stale prices are a Yahoo data error,16 identical Yahoo closes of 332.00 (2016-11-01 → 2016-11-23); NSE shows the stock trading at ₹345.10 on 2016-11-11,replaced 15 day(s) with NSE official closes,NSE bhavcopies
GVT&D,2016-11-24,E_calendar,stale prices are a Yahoo data error,18 identical Yahoo closes of 319.70 (2016-11-24 → 2016-12-19); NSE shows the stock trading at ₹311.60 on 2016-12-07,replaced 17 day(s) with NSE official closes,NSE bhavcopies
GVT&D,2016-12-20,E_calendar,suspension / relisting gap,15 identical closes (2016-12-20 → 2017-01-09); NSE shows no trades on 2016-12-29,usable history starts after 2017-01-09 (fails the continuous-history rule),NSE bhavcopies
GVT&D,2017-01-10,E_calendar,stale prices are a Yahoo data error,32 identical Yahoo closes of 308.40 (2017-01-10 → 2017-02-23); NSE shows the stock trading at ₹305.25 on 2017-02-02,replaced 31 day(s) with NSE official closes,NSE bhavcopies
GVT&D,2008-10-22,A_split_bonus,NSE action not visible in prices,"Fv Split Rs.10/- To Rs.2: expected price ratio 0.2000, observed nan on 2008-10-22",not applied — flagged for review,NSE corporate actions (Fv Split Rs.10/- To Rs.2)
GVT&D,2017-02-16,A_split_bonus,Adj Close differs from Yahoo by > 0.5%,max gap 8.51% on 2017-02-16,kept our rebuild — 6 Yahoo level error(s) corrected against NSE; dividends from NSE records rather than Yahoo's,yfinance Adj Close vs our rebuild
GMRAIRPORT,2008-11-27,E_calendar,row on a non-trading day,date absent from the Nifty 50 trading calendar,dropped,price data
GMRAIRPORT,2009-04-30,E_calendar,row on a non-trading day,date absent from the Nifty 50 trading calendar,dropped,price data
GMRAIRPORT,2009-10-13,E_calendar,row on a non-trading day,date absent from the Nifty 50 trading calendar,dropped,price data
GMRAIRPORT,2011-05-31,E_calendar,row on a non-trading day,date absent from the Nifty 50 trading calendar,dropped,price data
GMRAIRPORT,2011-07-14,E_calendar,row on a non-trading day,date absent from the Nifty 50 trading calendar,dropped,price data
GMRAIRPORT,2011-11-24,E_calendar,row on a non-trading day,date absent from the Nifty 50 trading calendar,dropped,price data
GMRAIRPORT,2011-12-26,E_calendar,row on a non-trading day,date absent from the Nifty 50 trading calendar,dropped,price data
GMRAIRPORT,2012-01-02,E_calendar,row on a non-trading day,date absent from the Nifty 50 trading calendar,dropped,price data
GMRAIRPORT,2014-04-24,E_calendar,row on a non-trading day,date absent from the Nifty 50 trading calendar,dropped,price data
GMRAIRPORT,2014-10-15,E_calendar,row on a non-trading day,date absent from the Nifty 50 trading calendar,dropped,price data
GMRAIRPORT,2026-01-15,E_calendar,row on a non-trading day,date absent from the Nifty 50 trading calendar,dropped,price data
GMRAIRPORT,2026-05-01,E_calendar,row on a non-trading day,date absent from the Nifty 50 trading calendar,dropped,price data
GMRAIRPORT,2026-05-28,E_calendar,row on a non-trading day,date absent from the Nifty 50 trading calendar,dropped,price data
GMRAIRPORT,2026-06-26,E_calendar,row on a non-trading day,date absent from the Nifty 50 trading calendar,dropped,price data
GMRAIRPORT,2026-09-14,E_calendar,row on a non-trading day,date absent from the Nifty 50 trading calendar,dropped,price data
GMRAIRPORT,2026-10-02,E_calendar,row on a non-trading day,date absent from the Nifty 50 trading calendar,dropped,price data
GMRAIRPORT,2019-12-02,F_integrity,single-day disagreement with NSE,NSE close ÷ Yahoo close = 1.0821 on one checkpoint only,no level change; day kept,NSE bhavcopy 2019-12-02
GMRAIRPORT,2015-03-11,A_split_bonus,Yahoo price level inconsistent with NSE,NSE close ÷ Yahoo close steps from 1.1314 to 1.1100 (Yahoo applied an unrecorded factor 1.0193 to earlier prices). NSE actions: Rights 3:14 @ Premium Rs 14/- Per Share,rescaled Yahoo's history to NSE's official closes; adjustment rebuilt from NSE actions below,NSE bhavcopies (bisection to 2015-03-11)
GMRAIRPORT,2022-01-11,A_split_bonus,Yahoo price level inconsistent with NSE,NSE close ÷ Yahoo close steps from 1.1100 to 1.0000 (Yahoo applied an unrecorded factor 1.1100 to earlier prices). NSE actions: Demerger,rescaled Yahoo's history to NSE's official closes; adjustment rebuilt from NSE actions below,NSE bhavcopies (bisection to 2022-01-11)
GMRAIRPORT,2007-09-28,A_split_bonus,split/bonus verified,Fv Split Rs.10/- To Rs.2; Yahoo 5-for-1; price ratio 0.2043,applied,NSE corporate actions; yfinance action history
GMRAIRPORT,2009-10-01,A_split_bonus,split/bonus verified,Fv Split Rs.2/- To Re.1/-; Yahoo 2-for-1; price ratio 0.5107,applied,NSE corporate actions; yfinance action history
GMRAIRPORT,2022-01-11,B_demerger,demerger: no official ratio found,"one-day price ratio 0.9257, -7.7% vs Nifty 50","dropped that single day's return (missing, not a loss)",NSE corporate actions (Demerger)
GMRAIRPORT,2015-03-11,A_split_bonus,rights issue adjusted,Rights 3:14 @ Premium Rs 14/- Per Share; cum-rights close ₹16.80; subscription ₹15.00; factor 0.9811,pre-event history multiplied by the theoretical ex-rights factor,NSE corporate actions (Rights 3:14 @ Premium Rs 14/- Per Share)
GMRAIRPORT,2008-03-14,A_split_bonus,Adj Close differs from Yahoo by > 0.5%,max gap 2.88% on 2008-03-14,kept our rebuild — 2 Yahoo level error(s) corrected against NSE; demerger handled differently from Yahoo; dividends from NSE records rather than Yahoo's,yfinance Adj Close vs our rebuild
GMRAIRPORT,2008-01-21,D_bad_print,daily move beyond ±20%,r = -22.2%,"kept — genuine move: no corporate action within ±3 days, did not revert; Nifty 50 -8.7% that day",price data
GMRAIRPORT,2009-05-18,D_bad_print,daily move beyond ±20%,r = +21.1%,"kept — genuine move: no corporate action within ±3 days, did not revert; Nifty 50 +17.7% that day",price data
GLENMARK,2008-11-27,E_calendar,row on a non-trading day,date absent from the Nifty 50 trading calendar,dropped,price data
GLENMARK,2009-04-30,E_calendar,row on a non-trading day,date absent from the Nifty 50 trading calendar,dropped,price data
GLENMARK,2009-10-13,E_calendar,row on a non-trading day,date absent from the Nifty 50 trading calendar,dropped,price data
GLENMARK,2011-05-31,E_calendar,row on a non-trading day,date absent from the Nifty 50 trading calendar,dropped,price data
GLENMARK,2011-07-14,E_calendar,row on a non-trading day,date absent from the Nifty 50 trading calendar,dropped,price data
GLENMARK,2011-11-24,E_calendar,row on a non-trading day,date absent from the Nifty 50 trading calendar,dropped,price data
GLENMARK,2011-12-26,E_calendar,row on a non-trading day,date absent from the Nifty 50 trading calendar,dropped,price data
GLENMARK,2012-01-02,E_calendar,row on a non-trading day,date absent from the Nifty 50 trading calendar,dropped,price data
GLENMARK,2014-04-24,E_calendar,row on a non-trading day,date absent from the Nifty 50 trading calendar,dropped,price data
GLENMARK,2014-10-15,E_calendar,row on a non-trading day,date absent from the Nifty 50 trading calendar,dropped,price data
GLENMARK,2026-01-15,E_calendar,row on a non-trading day,date absent from the Nifty 50 trading calendar,dropped,price data
GLENMARK,2026-05-01,E_calendar,row on a non-trading day,date absent from the Nifty 50 trading calendar,dropped,price data
GLENMARK,2026-05-28,E_calendar,row on a non-trading day,date absent from the Nifty 50 trading calendar,dropped,price data
GLENMARK,2026-06-26,E_calendar,row on a non-trading day,date absent from the Nifty 50 trading calendar,dropped,price data
GLENMARK,2026-09-14,E_calendar,row on a non-trading day,date absent from the Nifty 50 trading calendar,dropped,price data
GLENMARK,2026-10-02,E_calendar,row on a non-trading day,date absent from the Nifty 50 trading calendar,dropped,price data
GLENMARK,2009-01-28,A_split_bonus,split-like move with no corporate action,price ratio 0.7517 ≈ bonus 1:3 (Nifty 50 +2.8% that day); no split/bonus in NSE or Yahoo records within ±7 days,kept as a genuine move,NSE corporate actions; yfinance action history
GLENMARK,2020-03-12,A_split_bonus,split-like move with no corporate action,price ratio 0.7694 ≈ bonus 1:3 (Nifty 50 -8.3% that day); no split/bonus in NSE or Yahoo records within ±7 days,kept as a genuine move,NSE corporate actions; yfinance action history
GLENMARK,2025-03-18,A_split_bonus,Adj Close differs from Yahoo by > 0.5%,max gap 1.87% on 2025-03-18,kept our rebuild — dividends from NSE records rather than Yahoo's,yfinance Adj Close vs our rebuild
GLENMARK,2009-01-28,D_bad_print,daily move beyond ±20%,r = -24.8%,"kept — genuine move: no corporate action within ±3 days, did not revert; Nifty 50 +2.8% that day",price data
GLENMARK,2019-11-18,D_bad_print,daily move beyond ±20%,r = +21.4%,"kept — genuine move: no corporate action within ±3 days, did not revert; Nifty 50 -0.1% that day",price data
GLENMARK,2020-03-12,D_bad_print,daily move beyond ±20%,r = -23.1%,"kept — genuine move: no corporate action within ±3 days, did not revert; Nifty 50 -8.3% that day",price data
GLENMARK,2020-04-13,D_bad_print,daily move beyond ±20%,r = +20.8%,"kept — genuine move: no corporate action within ±3 days, did not revert; Nifty 50 -1.3% that day",price data
GLENMARK,2020-06-22,D_bad_print,daily move beyond ±20%,r = +27.0%,"kept — genuine move: no corporate action within ±3 days, did not revert; Nifty 50 +0.7% that day",price data
GODFRYPHLP,2008-11-27,E_calendar,row on a non-trading day,date absent from the Nifty 50 trading calendar,dropped,price data
GODFRYPHLP,2009-04-30,E_calendar,row on a non-trading day,date absent from the Nifty 50 trading calendar,dropped,price data
GODFRYPHLP,2009-10-13,E_calendar,row on a non-trading day,date absent from the Nifty 50 trading calendar,dropped,price data
GODFRYPHLP,2011-05-31,E_calendar,row on a non-trading day,date absent from the Nifty 50 trading calendar,dropped,price data
GODFRYPHLP,2011-07-14,E_calendar,row on a non-trading day,date absent from the Nifty 50 trading calendar,dropped,price data
GODFRYPHLP,2011-11-24,E_calendar,row on a non-trading day,date absent from the Nifty 50 trading calendar,dropped,price data
GODFRYPHLP,2011-12-26,E_calendar,row on a non-trading day,date absent from the Nifty 50 trading calendar,dropped,price data
GODFRYPHLP,2012-01-02,E_calendar,row on a non-trading day,date absent from the Nifty 50 trading calendar,dropped,price data
GODFRYPHLP,2014-04-24,E_calendar,row on a non-trading day,date absent from the Nifty 50 trading calendar,dropped,price data
GODFRYPHLP,2014-10-15,E_calendar,row on a non-trading day,date absent from the Nifty 50 trading calendar,dropped,price data
GODFRYPHLP,2026-01-15,E_calendar,row on a non-trading day,date absent from the Nifty 50 trading calendar,dropped,price data
GODFRYPHLP,2026-05-01,E_calendar,row on a non-trading day,date absent from the Nifty 50 trading calendar,dropped,price data
GODFRYPHLP,2026-05-28,E_calendar,row on a non-trading day,date absent from the Nifty 50 trading calendar,dropped,price data
GODFRYPHLP,2026-06-26,E_calendar,row on a non-trading day,date absent from the Nifty 50 trading calendar,dropped,price data
GODFRYPHLP,2026-09-14,E_calendar,row on a non-trading day,date absent from the Nifty 50 trading calendar,dropped,price data
GODFRYPHLP,2026-10-02,E_calendar,row on a non-trading day,date absent from the Nifty 50 trading calendar,dropped,price data
GODFRYPHLP,2014-11-28,A_split_bonus,split/bonus verified,Face Value Split From Rs 10/- Per Share To Rs 2/- Per Share; Yahoo 5-for-1; price ratio 0.2019,applied,NSE corporate actions; yfinance action history
GODFRYPHLP,2025-09-16,A_split_bonus,split/bonus verified,Bonus 2:1; Yahoo 3-for-1; price ratio 0.3562,applied,NSE corporate actions; yfinance action history
GODFRYPHLP,2025-03-18,A_split_bonus,Adj Close differs from Yahoo by > 0.5%,max gap 4.23% on 2025-03-18,kept our rebuild — dividends from NSE records rather than Yahoo's,yfinance Adj Close vs our rebuild
GODFRYPHLP,2010-04-21,E_calendar,stale price run,5 identical closes of 99.70 from 2010-04-21 to 2010-04-27,flagged; kept (possible suspension or illiquidity),price data
GODFRYPHLP,2009-04-27,D_bad_print,daily move beyond ±20%,r = +20.0%,"kept — genuine move: no corporate action within ±3 days, did not revert; Nifty 50 -0.3% that day",price data
GODREJCP,2008-11-27,E_calendar,row on a non-trading day,date absent from the Nifty 50 trading calendar,dropped,price data
GODREJCP,2009-04-30,E_calendar,row on a non-trading day,date absent from the Nifty 50 trading calendar,dropped,price data
GODREJCP,2009-10-13,E_calendar,row on a non-trading day,date absent from the Nifty 50 trading calendar,dropped,price data
GODREJCP,2011-05-31,E_calendar,row on a non-trading day,date absent from the Nifty 50 trading calendar,dropped,price data
GODREJCP,2011-07-14,E_calendar,row on a non-trading day,date absent from the Nifty 50 trading calendar,dropped,price data
GODREJCP,2011-11-24,E_calendar,row on a non-trading day,date absent from the Nifty 50 trading calendar,dropped,price data
GODREJCP,2011-12-26,E_calendar,row on a non-trading day,date absent from the Nifty 50 trading calendar,dropped,price data
GODREJCP,2012-01-02,E_calendar,row on a non-trading day,date absent from the Nifty 50 trading calendar,dropped,price data
GODREJCP,2014-04-24,E_calendar,row on a non-trading day,date absent from the Nifty 50 trading calendar,dropped,price data
GODREJCP,2014-10-15,E_calendar,row on a non-trading day,date absent from the Nifty 50 trading calendar,dropped,price data
GODREJCP,2026-01-15,E_calendar,row on a non-trading day,date absent from the Nifty 50 trading calendar,dropped,price data
GODREJCP,2026-05-01,E_calendar,row on a non-trading day,date absent from the Nifty 50 trading calendar,dropped,price data
GODREJCP,2026-05-28,E_calendar,row on a non-trading day,date absent from the Nifty 50 trading calendar,dropped,price data
GODREJCP,2026-06-26,E_calendar,row on a non-trading day,date absent from the Nifty 50 trading calendar,dropped,price data
GODREJCP,2026-09-14,E_calendar,row on a non-trading day,date absent from the Nifty 50 trading calendar,dropped,price data
GODREJCP,2026-10-02,E_calendar,row on a non-trading day,date absent from the Nifty 50 trading calendar,dropped,price data
GODREJCP,2017-06-22,A_split_bonus,split/bonus verified,Bonus 1:1; Yahoo 2-for-1; price ratio 0.4912,applied,NSE corporate actions; yfinance action history
GODREJCP,2018-09-12,A_split_bonus,split/bonus verified,Bonus 1:2; Yahoo 1.5-for-1; price ratio 0.6933,applied,NSE corporate actions; yfinance action history
GODREJCP,2008-03-12,A_split_bonus,rights issue adjusted,Rights-Eq 1:7@Prem Rs122; cum-rights close ₹138.30; subscription ₹123.00; factor 0.9862,pre-event history multiplied by the theoretical ex-rights factor,NSE corporate actions (Rights-Eq 1:7@Prem Rs122)
GODREJCP,2025-03-18,A_split_bonus,Adj Close differs from Yahoo by > 0.5%,max gap 2.98% on 2025-03-18,kept our rebuild — demerger handled differently from Yahoo; dividends from NSE records rather than Yahoo's,yfinance Adj Close vs our rebuild
GODREJCP,2021-05-12,D_bad_print,daily move beyond ±20%,r = +21.9%,"kept — genuine move: no corporate action within ±3 days, did not revert; Nifty 50 -1.0% that day",price data
GODREJPROP,2010-02-06,E_calendar,weekend row,date absent from the Nifty 50 trading calendar,dropped,price data
GODREJPROP,2011-05-31,E_calendar,row on a non-trading day,date absent from the Nifty 50 trading calendar,dropped,price data
GODREJPROP,2011-07-14,E_calendar,row on a non-trading day,date absent from the Nifty 50 trading calendar,dropped,price data
GODREJPROP,2011-11-24,E_calendar,row on a non-trading day,date absent from the Nifty 50 trading calendar,dropped,price data
GODREJPROP,2011-12-26,E_calendar,row on a non-trading day,date absent from the Nifty 50 trading calendar,dropped,price data
GODREJPROP,2012-01-02,E_calendar,row on a non-trading day,date absent from the Nifty 50 trading calendar,dropped,price data
GODREJPROP,2014-04-24,E_calendar,row on a non-trading day,date absent from the Nifty 50 trading calendar,dropped,price data
GODREJPROP,2014-10-15,E_calendar,row on a non-trading day,date absent from the Nifty 50 trading calendar,dropped,price data
GODREJPROP,2026-01-15,E_calendar,row on a non-trading day,date absent from the Nifty 50 trading calendar,dropped,price data
GODREJPROP,2026-05-01,E_calendar,row on a non-trading day,date absent from the Nifty 50 trading calendar,dropped,price data
GODREJPROP,2026-05-28,E_calendar,row on a non-trading day,date absent from the Nifty 50 trading calendar,dropped,price data
GODREJPROP,2026-06-26,E_calendar,row on a non-trading day,date absent from the Nifty 50 trading calendar,dropped,price data
GODREJPROP,2026-09-14,E_calendar,row on a non-trading day,date absent from the Nifty 50 trading calendar,dropped,price data
GODREJPROP,2026-10-02,E_calendar,row on a non-trading day,date absent from the Nifty 50 trading calendar,dropped,price data
GODREJPROP,2025-05-02,F_integrity,single-day disagreement with NSE,NSE close ÷ Yahoo close = 1.0148 on one checkpoint only,no level change; day kept,NSE bhavcopy 2025-05-02
GODREJPROP,2013-08-19,A_split_bonus,Yahoo price level inconsistent with NSE,NSE close ÷ Yahoo close steps from 1.0752 to 1.0000 (Yahoo applied an unrecorded factor 1.0752 to earlier prices). NSE actions: Rights 8:29 @ Premium Rs.315/- Per Equity Share,rescaled Yahoo's history to NSE's official closes; adjustment rebuilt from NSE actions below,NSE bhavcopies (bisection to 2013-08-19)
GODREJPROP,2013-11-21,A_split_bonus,split/bonus verified,Face Value Split From Rs.10/- To Rs.5/-; Yahoo 2-for-1; price ratio 0.4990,applied,NSE corporate actions; yfinance action history
GODREJPROP,2013-08-19,A_split_bonus,rights issue adjusted,Rights 8:29 @ Premium Rs.315/- Per Equity Share; cum-rights close ₹480.50; subscription ₹320.00; factor 0.9278,pre-event history multiplied by the theoretical ex-rights factor,NSE corporate actions (Rights 8:29 @ Premium Rs.315/- Per Equity Share)
GODREJPROP,2025-03-18,A_split_bonus,Adj Close differs from Yahoo by > 0.5%,max gap 2.76% on 2025-03-18,kept our rebuild — 1 Yahoo level error(s) corrected against NSE; demerger handled differently from Yahoo; dividends from NSE records rather than Yahoo's,yfinance Adj Close vs our rebuild
GRASIM,2008-11-27,E_calendar,row on a non-trading day,date absent from the Nifty 50 trading calendar,dropped,price data
GRASIM,2009-04-30,E_calendar,row on a non-trading day,date absent from the Nifty 50 trading calendar,dropped,price data
GRASIM,2009-10-13,E_calendar,row on a non-trading day,date absent from the Nifty 50 trading calendar,dropped,price data
GRASIM,2011-05-31,E_calendar,row on a non-trading day,date absent from the Nifty 50 trading calendar,dropped,price data
GRASIM,2011-07-14,E_calendar,row on a non-trading day,date absent from the Nifty 50 trading calendar,dropped,price data
GRASIM,2011-11-24,E_calendar,row on a non-trading day,date absent from the Nifty 50 trading calendar,dropped,price data
GRASIM,2011-12-26,E_calendar,row on a non-trading day,date absent from the Nifty 50 trading calendar,dropped,price data
GRASIM,2012-01-02,E_calendar,row on a non-trading day,date absent from the Nifty 50 trading calendar,dropped,price data
GRASIM,2014-04-24,E_calendar,row on a non-trading day,date absent from the Nifty 50 trading calendar,dropped,price data
GRASIM,2014-10-15,E_calendar,row on a non-trading day,date absent from the Nifty 50 trading calendar,dropped,price data
GRASIM,2026-01-15,E_calendar,row on a non-trading day,date absent from the Nifty 50 trading calendar,dropped,price data
GRASIM,2026-05-01,E_calendar,row on a non-trading day,date absent from the Nifty 50 trading calendar,dropped,price data
GRASIM,2026-05-28,E_calendar,row on a non-trading day,date absent from the Nifty 50 trading calendar,dropped,price data
GRASIM,2026-06-26,E_calendar,row on a non-trading day,date absent from the Nifty 50 trading calendar,dropped,price data
GRASIM,2026-09-14,E_calendar,row on a non-trading day,date absent from the Nifty 50 trading calendar,dropped,price data
GRASIM,2026-10-02,E_calendar,row on a non-trading day,date absent from the Nifty 50 trading calendar,dropped,price data
GRASIM,2017-07-19,A_split_bonus,Yahoo price level inconsistent with NSE,NSE close ÷ Yahoo close steps from 1.2961 to 1.0040 (Yahoo applied an unrecorded factor 1.2910 to earlier prices). NSE actions: Scheme Of Arrangement,rescaled Yahoo's history to NSE's official closes; adjustment rebuilt from NSE actions below,NSE bhavcopies (bisection to 2017-07-19)
GRASIM,2016-10-06,A_split_bonus,split/bonus verified,Face Value Split From Rs 10 To Re 2; Yahoo 5-for-1; price ratio 0.2046,applied,NSE corporate actions; yfinance action history
GRASIM,2010-05-26,B_demerger,demerger: no official ratio found,"one-day price ratio 0.7929, -23.0% vs Nifty 50","dropped that single day's return (missing, not a loss)",NSE corporate actions (Scheme Of Arrangement)
GRASIM,2017-07-19,B_demerger,demerger: no official ratio found,"one-day price ratio 0.7997, -20.8% vs Nifty 50","dropped that single day's return (missing, not a loss)",NSE corporate actions (Scheme Of Arrangement)
GRASIM,2024-01-10,A_split_bonus,rights issue adjusted,"Rights 6:179 @ Premium Rs 1810/-; cum-rights close ₹2,055.88; subscription ₹1,812.00; factor 0.9962",pre-event history multiplied by the theoretical ex-rights factor,NSE corporate actions (Rights 6:179 @ Premium Rs 1810/-)
GRASIM,2009-11-16,A_split_bonus,Adj Close differs from Yahoo by > 0.5%,max gap 16.76% on 2009-11-16,kept our rebuild — 1 Yahoo level error(s) corrected against NSE; demerger handled differently from Yahoo; dividends from NSE records rather than Yahoo's,yfinance Adj Close vs our rebuild
HCLTECH,2008-11-27,E_calendar,row on a non-trading day,date absent from the Nifty 50 trading calendar,dropped,price data
HCLTECH,2009-04-30,E_calendar,row on a non-trading day,date absent from the Nifty 50 trading calendar,dropped,price data
HCLTECH,2009-10-13,E_calendar,row on a non-trading day,date absent from the Nifty 50 trading calendar,dropped,price data
HCLTECH,2010-02-06,E_calendar,weekend row,date absent from the Nifty 50 trading calendar,dropped,price data
HCLTECH,2011-05-31,E_calendar,row on a non-trading day,date absent from the Nifty 50 trading calendar,dropped,price data
HCLTECH,2011-07-14,E_calendar,row on a non-trading day,date absent from the Nifty 50 trading calendar,dropped,price data
HCLTECH,2011-11-24,E_calendar,row on a non-trading day,date absent from the Nifty 50 trading calendar,dropped,price data
HCLTECH,2011-12-26,E_calendar,row on a non-trading day,date absent from the Nifty 50 trading calendar,dropped,price data
HCLTECH,2012-01-02,E_calendar,row on a non-trading day,date absent from the Nifty 50 trading calendar,dropped,price data
HCLTECH,2014-04-24,E_calendar,row on a non-trading day,date absent from the Nifty 50 trading calendar,dropped,price data
HCLTECH,2014-10-15,E_calendar,row on a non-trading day,date absent from the Nifty 50 trading calendar,dropped,price data
HCLTECH,2026-01-15,E_calendar,row on a non-trading day,date absent from the Nifty 50 trading calendar,dropped,price data
HCLTECH,2026-05-01,E_calendar,row on a non-trading day,date absent from the Nifty 50 trading calendar,dropped,price data
HCLTECH,2026-05-28,E_calendar,row on a non-trading day,date absent from the Nifty 50 trading calendar,dropped,price data
HCLTECH,2026-06-26,E_calendar,row on a non-trading day,date absent from the Nifty 50 trading calendar,dropped,price data
HCLTECH,2026-09-14,E_calendar,row on a non-trading day,date absent from the Nifty 50 trading calendar,dropped,price data
HCLTECH,2026-10-02,E_calendar,row on a non-trading day,date absent from the Nifty 50 trading calendar,dropped,price data
HCLTECH,2015-03-19,A_split_bonus,split/bonus verified,Bonus 1 : 1; Yahoo 2-for-1; price ratio 0.4882,applied,NSE corporate actions; yfinance action history
HCLTECH,2019-12-05,A_split_bonus,split/bonus verified,Bonus 1:1; Yahoo 2-for-1; price ratio 0.4984,applied,NSE corporate actions; yfinance action history
HCLTECH,2025-03-18,A_split_bonus,Adj Close differs from Yahoo by > 0.5%,max gap 0.84% on 2025-03-18,kept our rebuild — dividends from NSE records rather than Yahoo's,yfinance Adj Close vs our rebuild
HDFCAMC,2026-01-15,E_calendar,row on a non-trading day,date absent from the Nifty 50 trading calendar,dropped,price data
HDFCAMC,2026-05-01,E_calendar,row on a non-trading day,date absent from the Nifty 50 trading calendar,dropped,price data
HDFCAMC,2026-05-28,E_calendar,row on a non-trading day,date absent from the Nifty 50 trading calendar,dropped,price data
HDFCAMC,2026-06-26,E_calendar,row on a non-trading day,date absent from the Nifty 50 trading calendar,dropped,price data
HDFCAMC,2026-09-14,E_calendar,row on a non-trading day,date absent from the Nifty 50 trading calendar,dropped,price data
HDFCAMC,2026-10-02,E_calendar,row on a non-trading day,date absent from the Nifty 50 trading calendar,dropped,price data
HDFCAMC,2025-11-26,A_split_bonus,split/bonus verified,Bonus 1:1; Yahoo 2-for-1; price ratio 0.5020,applied,NSE corporate actions; yfinance action history
HDFCAMC,2025-03-18,A_split_bonus,Adj Close differs from Yahoo by > 0.5%,max gap 2.16% on 2025-03-18,kept our rebuild — dividends from NSE records rather than Yahoo's,yfinance Adj Close vs our rebuild
HDFCBANK,2008-11-27,E_calendar,row on a non-trading day,date absent from the Nifty 50 trading calendar,dropped,price data
HDFCBANK,2009-04-30,E_calendar,row on a non-trading day,date absent from the Nifty 50 trading calendar,dropped,price data
HDFCBANK,2009-10-13,E_calendar,row on a non-trading day,date absent from the Nifty 50 trading calendar,dropped,price data
HDFCBANK,2011-05-31,E_calendar,row on a non-trading day,date absent from the Nifty 50 trading calendar,dropped,price data
HDFCBANK,2011-07-14,E_calendar,row on a non-trading day,date absent from the Nifty 50 trading calendar,dropped,price data
HDFCBANK,2011-11-24,E_calendar,row on a non-trading day,date absent from the Nifty 50 trading calendar,dropped,price data
HDFCBANK,2011-12-26,E_calendar,row on a non-trading day,date absent from the Nifty 50 trading calendar,dropped,price data
HDFCBANK,2012-01-02,E_calendar,row on a non-trading day,date absent from the Nifty 50 trading calendar,dropped,price data
HDFCBANK,2014-04-24,E_calendar,row on a non-trading day,date absent from the Nifty 50 trading calendar,dropped,price data
HDFCBANK,2014-10-15,E_calendar,row on a non-trading day,date absent from the Nifty 50 trading calendar,dropped,price data
HDFCBANK,2026-01-15,E_calendar,row on a non-trading day,date absent from the Nifty 50 trading calendar,dropped,price data
HDFCBANK,2026-05-01,E_calendar,row on a non-trading day,date absent from the Nifty 50 trading calendar,dropped,price data
HDFCBANK,2026-05-28,E_calendar,row on a non-trading day,date absent from the Nifty 50 trading calendar,dropped,price data
HDFCBANK,2026-06-26,E_calendar,row on a non-trading day,date absent from the Nifty 50 trading calendar,dropped,price data
HDFCBANK,2026-09-14,E_calendar,row on a non-trading day,date absent from the Nifty 50 trading calendar,dropped,price data
HDFCBANK,2026-10-02,E_calendar,row on a non-trading day,date absent from the Nifty 50 trading calendar,dropped,price data
HDFCBANK,2011-07-15,A_split_bonus,Yahoo price level inconsistent with NSE,NSE close ÷ Yahoo close steps from 5.0000 to 1.0000 (Yahoo applied an unrecorded factor 5.0000 to earlier prices). NSE actions: Face Value Split From Rs.10/- To Rs.2/-,rescaled Yahoo's history to NSE's official closes; adjustment rebuilt from NSE actions below,NSE bhavcopies (bisection to 2011-07-15)
HDFCBANK,2011-07-14,A_split_bonus,split/bonus missing from Yahoo's action history,Face Value Split From Rs.10/- To Rs.2/-; price ratio 0.2020 on 2011-07-15 vs factor 0.2000,added to data/corporate_actions.csv and applied,NSE corporate actions (Face Value Split From Rs.10/- To Rs.2/-)
HDFCBANK,2019-09-19,A_split_bonus,split/bonus verified,Face Value Split (Sub-Division) - From Rs 2 Per Share To Rs 1 Per Share; Yahoo 2-for-1; price ratio 0.5033,applied,NSE corporate actions; yfinance action history
HDFCBANK,2025-08-26,A_split_bonus,split/bonus verified,Bonus 1:1; Yahoo 2-for-1; price ratio 0.4956,applied,NSE corporate actions; yfinance action history
HDFCBANK,2025-03-18,A_split_bonus,Adj Close differs from Yahoo by > 0.5%,max gap 1.27% on 2025-03-18,kept our rebuild — 1 Yahoo level error(s) corrected against NSE; dividends from NSE records rather than Yahoo's,yfinance Adj Close vs our rebuild
HDFCLIFE,2026-01-15,E_calendar,row on a non-trading day,date absent from the Nifty 50 trading calendar,dropped,price data
HDFCLIFE,2026-05-01,E_calendar,row on a non-trading day,date absent from the Nifty 50 trading calendar,dropped,price data
HDFCLIFE,2026-05-28,E_calendar,row on a non-trading day,date absent from the Nifty 50 trading calendar,dropped,price data
HDFCLIFE,2026-06-26,E_calendar,row on a non-trading day,date absent from the Nifty 50 trading calendar,dropped,price data
HDFCLIFE,2026-09-14,E_calendar,row on a non-trading day,date absent from the Nifty 50 trading calendar,dropped,price data
HDFCLIFE,2026-10-02,E_calendar,row on a non-trading day,date absent from the Nifty 50 trading calendar,dropped,price data
HDFCLIFE,2025-03-18,A_split_bonus,Adj Close differs from Yahoo by > 0.5%,max gap 1.71% on 2025-03-18,kept our rebuild — dividends from NSE records rather than Yahoo's,yfinance Adj Close vs our rebuild
HAVELLS,2008-11-27,E_calendar,row on a non-trading day,date absent from the Nifty 50 trading calendar,dropped,price data
HAVELLS,2009-04-30,E_calendar,row on a non-trading day,date absent from the Nifty 50 trading calendar,dropped,price data
HAVELLS,2009-10-13,E_calendar,row on a non-trading day,date absent from the Nifty 50 trading calendar,dropped,price data
HAVELLS,2011-05-31,E_calendar,row on a non-trading day,date absent from the Nifty 50 trading calendar,dropped,price data
HAVELLS,2011-07-14,E_calendar,row on a non-trading day,date absent from the Nifty 50 trading calendar,dropped,price data
HAVELLS,2011-11-24,E_calendar,row on a non-trading day,date absent from the Nifty 50 trading calendar,dropped,price data
HAVELLS,2011-12-26,E_calendar,row on a non-trading day,date absent from the Nifty 50 trading calendar,dropped,price data
HAVELLS,2012-01-02,E_calendar,row on a non-trading day,date absent from the Nifty 50 trading calendar,dropped,price data
HAVELLS,2014-04-24,E_calendar,row on a non-trading day,date absent from the Nifty 50 trading calendar,dropped,price data
HAVELLS,2014-10-15,E_calendar,row on a non-trading day,date absent from the Nifty 50 trading calendar,dropped,price data
HAVELLS,2026-01-15,E_calendar,row on a non-trading day,date absent from the Nifty 50 trading calendar,dropped,price data
HAVELLS,2026-05-01,E_calendar,row on a non-trading day,date absent from the Nifty 50 trading calendar,dropped,price data
HAVELLS,2026-05-28,E_calendar,row on a non-trading day,date absent from the Nifty 50 trading calendar,dropped,price data
HAVELLS,2026-06-26,E_calendar,row on a non-trading day,date absent from the Nifty 50 trading calendar,dropped,price data
HAVELLS,2026-09-14,E_calendar,row on a non-trading day,date absent from the Nifty 50 trading calendar,dropped,price data
HAVELLS,2026-10-02,E_calendar,row on a non-trading day,date absent from the Nifty 50 trading calendar,dropped,price data
HAVELLS,2010-10-08,A_split_bonus,split/bonus verified,Bonus 1:1; Yahoo 2-for-1; price ratio 0.5013,applied,NSE corporate actions; yfinance action history
HAVELLS,2014-08-26,A_split_bonus,split/bonus verified,Face Value Split From Rs 5/- Per Share To Re 1/- Per Share; Yahoo 5-for-1; price ratio 0.2190,applied,NSE corporate actions; yfinance action history
HAVELLS,2025-03-18,A_split_bonus,Adj Close differs from Yahoo by > 0.5%,max gap 3.83% on 2025-03-18,kept our rebuild — dividends from NSE records rather than Yahoo's,yfinance Adj Close vs our rebuild
HAVELLS,2009-05-06,D_bad_print,daily move beyond ±20%,r = +36.2%,"kept — genuine move: no corporate action within ±3 days, did not revert; Nifty 50 -1.0% that day",price data
HEROMOTOCO,2008-11-27,E_calendar,row on a non-trading day,date absent from the Nifty 50 trading calendar,dropped,price data
HEROMOTOCO,2009-04-30,E_calendar,row on a non-trading day,date absent from the Nifty 50 trading calendar,dropped,price data
HEROMOTOCO,2009-10-13,E_calendar,row on a non-trading day,date absent from the Nifty 50 trading calendar,dropped,price data
HEROMOTOCO,2011-05-31,E_calendar,row on a non-trading day,date absent from the Nifty 50 trading calendar,dropped,price data
HEROMOTOCO,2011-07-14,E_calendar,row on a non-trading day,date absent from the Nifty 50 trading calendar,dropped,price data
HEROMOTOCO,2011-11-24,E_calendar,row on a non-trading day,date absent from the Nifty 50 trading calendar,dropped,price data
HEROMOTOCO,2011-12-26,E_calendar,row on a non-trading day,date absent from the Nifty 50 trading calendar,dropped,price data
HEROMOTOCO,2012-01-02,E_calendar,row on a non-trading day,date absent from the Nifty 50 trading calendar,dropped,price data
HEROMOTOCO,2014-04-24,E_calendar,row on a non-trading day,date absent from the Nifty 50 trading calendar,dropped,price data
HEROMOTOCO,2014-10-15,E_calendar,row on a non-trading day,date absent from the Nifty 50 trading calendar,dropped,price data
HEROMOTOCO,2026-01-15,E_calendar,row on a non-trading day,date absent from the Nifty 50 trading calendar,dropped,price data
HEROMOTOCO,2026-05-01,E_calendar,row on a non-trading day,date absent from the Nifty 50 trading calendar,dropped,price data
HEROMOTOCO,2026-05-28,E_calendar,row on a non-trading day,date absent from the Nifty 50 trading calendar,dropped,price data
HEROMOTOCO,2026-06-26,E_calendar,row on a non-trading day,date absent from the Nifty 50 trading calendar,dropped,price data
HEROMOTOCO,2026-09-14,E_calendar,row on a non-trading day,date absent from the Nifty 50 trading calendar,dropped,price data
HEROMOTOCO,2026-10-02,E_calendar,row on a non-trading day,date absent from the Nifty 50 trading calendar,dropped,price data
HEROMOTOCO,2025-03-18,A_split_bonus,Adj Close differs from Yahoo by > 0.5%,max gap 2.05% on 2025-03-18,kept our rebuild — dividends from NSE records rather than Yahoo's,yfinance Adj Close vs our rebuild
HEROMOTOCO,2009-05-18,D_bad_print,daily move beyond ±20%,r = +21.7%,"kept — genuine move: no corporate action within ±3 days, did not revert; Nifty 50 +17.7% that day",price data
HINDALCO,2008-11-27,E_calendar,row on a non-trading day,date absent from the Nifty 50 trading calendar,dropped,price data
HINDALCO,2009-04-30,E_calendar,row on a non-trading day,date absent from the Nifty 50 trading calendar,dropped,price data
HINDALCO,2009-10-13,E_calendar,row on a non-trading day,date absent from the Nifty 50 trading calendar,dropped,price data
HINDALCO,2011-05-31,E_calendar,row on a non-trading day,date absent from the Nifty 50 trading calendar,dropped,price data
HINDALCO,2011-07-14,E_calendar,row on a non-trading day,date absent from the Nifty 50 trading calendar,dropped,price data
HINDALCO,2011-11-24,E_calendar,row on a non-trading day,date absent from the Nifty 50 trading calendar,dropped,price data
HINDALCO,2011-12-26,E_calendar,row on a non-trading day,date absent from the Nifty 50 trading calendar,dropped,price data
HINDALCO,2012-01-02,E_calendar,row on a non-trading day,date absent from the Nifty 50 trading calendar,dropped,price data
HINDALCO,2014-04-24,E_calendar,row on a non-trading day,date absent from the Nifty 50 trading calendar,dropped,price data
HINDALCO,2014-10-15,E_calendar,row on a non-trading day,date absent from the Nifty 50 trading calendar,dropped,price data
HINDALCO,2026-01-15,E_calendar,row on a non-trading day,date absent from the Nifty 50 trading calendar,dropped,price data
HINDALCO,2026-05-01,E_calendar,row on a non-trading day,date absent from the Nifty 50 trading calendar,dropped,price data
HINDALCO,2026-05-28,E_calendar,row on a non-trading day,date absent from the Nifty 50 trading calendar,dropped,price data
HINDALCO,2026-06-26,E_calendar,row on a non-trading day,date absent from the Nifty 50 trading calendar,dropped,price data
HINDALCO,2026-09-14,E_calendar,row on a non-trading day,date absent from the Nifty 50 trading calendar,dropped,price data
HINDALCO,2026-10-02,E_calendar,row on a non-trading day,date absent from the Nifty 50 trading calendar,dropped,price data
HINDALCO,2008-08-28,A_split_bonus,Yahoo price level inconsistent with NSE,NSE close ÷ Yahoo close steps from 1.1034 to 1.0000 (Yahoo applied an unrecorded factor 1.1034 to earlier prices). NSE actions: Rhs 3:7@Prem Rs95; Div185%,rescaled Yahoo's history to NSE's official closes; adjustment rebuilt from NSE actions below,NSE bhavcopies (bisection to 2008-08-28)
HINDALCO,2007-09-28,A_split_bonus,Adj Close differs from Yahoo by > 0.5%,max gap 10.49% on 2007-09-28,kept our rebuild — 1 Yahoo level error(s) corrected against NSE; dividends from NSE records rather than Yahoo's,yfinance Adj Close vs our rebuild
HINDALCO,2008-10-29,D_bad_print,daily move beyond ±20%,r = +31.6%,"kept — genuine move: no corporate action within ±3 days, did not revert; Nifty 50 +6.8% that day",price data
HAL,2026-01-15,E_calendar,row on a non-trading day,date absent from the Nifty 50 trading calendar,dropped,price data
HAL,2026-05-01,E_calendar,row on a non-trading day,date absent from the Nifty 50 trading calendar,dropped,price data
HAL,2026-05-28,E_calendar,row on a non-trading day,date absent from the Nifty 50 trading calendar,dropped,price data
HAL,2026-06-26,E_calendar,row on a non-trading day,date absent from the Nifty 50 trading calendar,dropped,price data
HAL,2026-09-14,E_calendar,row on a non-trading day,date absent from the Nifty 50 trading calendar,dropped,price data
HAL,2026-10-02,E_calendar,row on a non-trading day,date absent from the Nifty 50 trading calendar,dropped,price data
HAL,2023-09-28,A_split_bonus,split/bonus verified,Face Value Split (Sub-Division) - From Rs 10/- Per Share To Rs 5/- Per Share; Yahoo 2-for-1; price ratio 0.4923,applied,NSE corporate actions; yfinance action history
HAL,2025-03-18,A_split_bonus,Adj Close differs from Yahoo by > 0.5%,max gap 4.07% on 2025-03-18,kept our rebuild — dividends from NSE records rather than Yahoo's,yfinance Adj Close vs our rebuild
HINDCOPPER,2010-02-06,E_calendar,weekend row,date absent from the Nifty 50 trading calendar,dropped,price data
HINDCOPPER,2011-05-31,E_calendar,row on a non-trading day,date absent from the Nifty 50 trading calendar,dropped,price data
HINDCOPPER,2011-07-14,E_calendar,row on a non-trading day,date absent from the Nifty 50 trading calendar,dropped,price data
HINDCOPPER,2011-11-24,E_calendar,row on a non-trading day,date absent from the Nifty 50 trading calendar,dropped,price data
HINDCOPPER,2011-12-26,E_calendar,row on a non-trading day,date absent from the Nifty 50 trading calendar,dropped,price data
HINDCOPPER,2012-01-02,E_calendar,row on a non-trading day,date absent from the Nifty 50 trading calendar,dropped,price data
HINDCOPPER,2014-04-24,E_calendar,row on a non-trading day,date absent from the Nifty 50 trading calendar,dropped,price data
HINDCOPPER,2014-10-15,E_calendar,row on a non-trading day,date absent from the Nifty 50 trading calendar,dropped,price data
HINDCOPPER,2026-01-15,E_calendar,row on a non-trading day,date absent from the Nifty 50 trading calendar,dropped,price data
HINDCOPPER,2026-05-01,E_calendar,row on a non-trading day,date absent from the Nifty 50 trading calendar,dropped,price data
HINDCOPPER,2026-05-28,E_calendar,row on a non-trading day,date absent from the Nifty 50 trading calendar,dropped,price data
HINDCOPPER,2026-06-26,E_calendar,row on a non-trading day,date absent from the Nifty 50 trading calendar,dropped,price data
HINDCOPPER,2026-09-14,E_calendar,row on a non-trading day,date absent from the Nifty 50 trading calendar,dropped,price data
HINDCOPPER,2026-10-02,E_calendar,row on a non-trading day,date absent from the Nifty 50 trading calendar,dropped,price data
HINDCOPPER,2025-03-18,A_split_bonus,Adj Close differs from Yahoo by > 0.5%,max gap 2.77% on 2025-03-18,kept our rebuild — dividends from NSE records rather than Yahoo's,yfinance Adj Close vs our rebuild
HINDCOPPER,2010-01-18,D_bad_print,daily move beyond ±20%,r = +20.0%,"kept — genuine move: no corporate action within ±3 days, did not revert; Nifty 50 +0.4% that day",price data
HINDPETRO,2008-11-27,E_calendar,row on a non-trading day,date absent from the Nifty 50 trading calendar,dropped,price data
HINDPETRO,2009-04-30,E_calendar,row on a non-trading day,date absent from the Nifty 50 trading calendar,dropped,price data
HINDPETRO,2009-10-13,E_calendar,row on a non-trading day,date absent from the Nifty 50 trading calendar,dropped,price data
HINDPETRO,2011-05-31,E_calendar,row on a non-trading day,date absent from the Nifty 50 trading calendar,dropped,price data
HINDPETRO,2011-07-14,E_calendar,row on a non-trading day,date absent from the Nifty 50 trading calendar,dropped,price data
HINDPETRO,2011-11-24,E_calendar,row on a non-trading day,date absent from the Nifty 50 trading calendar,dropped,price data
HINDPETRO,2011-12-26,E_calendar,row on a non-trading day,date absent from the Nifty 50 trading calendar,dropped,price data
HINDPETRO,2012-01-02,E_calendar,row on a non-trading day,date absent from the Nifty 50 trading calendar,dropped,price data
HINDPETRO,2014-04-24,E_calendar,row on a non-trading day,date absent from the Nifty 50 trading calendar,dropped,price data
HINDPETRO,2014-10-15,E_calendar,row on a non-trading day,date absent from the Nifty 50 trading calendar,dropped,price data
HINDPETRO,2026-01-15,E_calendar,row on a non-trading day,date absent from the Nifty 50 trading calendar,dropped,price data
HINDPETRO,2026-05-01,E_calendar,row on a non-trading day,date absent from the Nifty 50 trading calendar,dropped,price data
HINDPETRO,2026-05-28,E_calendar,row on a non-trading day,date absent from the Nifty 50 trading calendar,dropped,price data
HINDPETRO,2026-06-26,E_calendar,row on a non-trading day,date absent from the Nifty 50 trading calendar,dropped,price data
HINDPETRO,2026-09-14,E_calendar,row on a non-trading day,date absent from the Nifty 50 trading calendar,dropped,price data
HINDPETRO,2026-10-02,E_calendar,row on a non-trading day,date absent from the Nifty 50 trading calendar,dropped,price data
HINDPETRO,2016-09-14,A_split_bonus,split/bonus verified,Bonus 2:1; Yahoo 3-for-1; price ratio 0.3327,applied,NSE corporate actions; yfinance action history
HINDPETRO,2017-07-11,A_split_bonus,split/bonus verified,Bonus 1:2; Yahoo 1.5-for-1; price ratio 0.6641,applied,NSE corporate actions; yfinance action history
HINDPETRO,2024-06-21,A_split_bonus,split/bonus verified,Bonus 1:2; Yahoo 1.5-for-1; price ratio 0.6507,applied,NSE corporate actions; yfinance action history
HINDPETRO,2018-10-05,A_split_bonus,split-like move with no corporate action,price ratio 0.7603 ≈ bonus 1:3 (Nifty 50 -2.7% that day); no split/bonus in NSE or Yahoo records within ±7 days,kept as a genuine move,NSE corporate actions; yfinance action history
HINDPETRO,2008-09-24,A_split_bonus,Adj Close differs from Yahoo by > 0.5%,max gap 7.01% on 2008-09-24,kept our rebuild — dividends from NSE records rather than Yahoo's,yfinance Adj Close vs our rebuild
HINDPETRO,2018-10-05,D_bad_print,daily move beyond ±20%,r = -24.0%,"kept — genuine move: no corporate action within ±3 days, did not revert; Nifty 50 -2.7% that day",price data
HINDUNILVR,2008-11-27,E_calendar,row on a non-trading day,date absent from the Nifty 50 trading calendar,dropped,price data
HINDUNILVR,2009-04-30,E_calendar,row on a non-trading day,date absent from the Nifty 50 trading calendar,dropped,price data
HINDUNILVR,2009-10-13,E_calendar,row on a non-trading day,date absent from the Nifty 50 trading calendar,dropped,price data
HINDUNILVR,2011-05-31,E_calendar,row on a non-trading day,date absent from the Nifty 50 trading calendar,dropped,price data
HINDUNILVR,2011-07-14,E_calendar,row on a non-trading day,date absent from the Nifty 50 trading calendar,dropped,price data
HINDUNILVR,2011-11-24,E_calendar,row on a non-trading day,date absent from the Nifty 50 trading calendar,dropped,price data
HINDUNILVR,2011-12-26,E_calendar,row on a non-trading day,date absent from the Nifty 50 trading calendar,dropped,price data
HINDUNILVR,2012-01-02,E_calendar,row on a non-trading day,date absent from the Nifty 50 trading calendar,dropped,price data
HINDUNILVR,2014-04-24,E_calendar,row on a non-trading day,date absent from the Nifty 50 trading calendar,dropped,price data
HINDUNILVR,2014-10-15,E_calendar,row on a non-trading day,date absent from the Nifty 50 trading calendar,dropped,price data
HINDUNILVR,2026-01-15,E_calendar,row on a non-trading day,date absent from the Nifty 50 trading calendar,dropped,price data
HINDUNILVR,2026-05-01,E_calendar,row on a non-trading day,date absent from the Nifty 50 trading calendar,dropped,price data
HINDUNILVR,2026-05-28,E_calendar,row on a non-trading day,date absent from the Nifty 50 trading calendar,dropped,price data
HINDUNILVR,2026-06-26,E_calendar,row on a non-trading day,date absent from the Nifty 50 trading calendar,dropped,price data
HINDUNILVR,2026-09-14,E_calendar,row on a non-trading day,date absent from the Nifty 50 trading calendar,dropped,price data
HINDUNILVR,2026-10-02,E_calendar,row on a non-trading day,date absent from the Nifty 50 trading calendar,dropped,price data
HINDUNILVR,2025-12-05,B_demerger,demerger adjusted with official ratio,one-day price ratio 0.9498 (Nifty 50 +0.6%); official factor 0.9837,pre-event history multiplied by the official factor,"NSE special pre-open session price discovery: opening price ₹2,422.00 on 2025-12-05 vs previous close ₹2,462.20 on 2025-12-04 (NSE bhavcopies; SPOS framework https://www.nseindia.com/products-services/equity-market-special-pre-open-session)"
HINDUNILVR,2011-01-07,A_split_bonus,Adj Close differs from Yahoo by > 0.5%,max gap 1.63% on 2011-01-07,kept our rebuild — demerger handled differently from Yahoo; dividends from NSE records rather than Yahoo's,yfinance Adj Close vs our rebuild
HINDZINC,2008-11-27,E_calendar,row on a non-trading day,date absent from the Nifty 50 trading calendar,dropped,price data
HINDZINC,2009-04-30,E_calendar,row on a non-trading day,date absent from the Nifty 50 trading calendar,dropped,price data
HINDZINC,2009-10-13,E_calendar,row on a non-trading day,date absent from the Nifty 50 trading calendar,dropped,price data
HINDZINC,2011-05-31,E_calendar,row on a non-trading day,date absent from the Nifty 50 trading calendar,dropped,price data
HINDZINC,2011-07-14,E_calendar,row on a non-trading day,date absent from the Nifty 50 trading calendar,dropped,price data
HINDZINC,2011-11-24,E_calendar,row on a non-trading day,date absent from the Nifty 50 trading calendar,dropped,price data
HINDZINC,2011-12-26,E_calendar,row on a non-trading day,date absent from the Nifty 50 trading calendar,dropped,price data
HINDZINC,2012-01-02,E_calendar,row on a non-trading day,date absent from the Nifty 50 trading calendar,dropped,price data
HINDZINC,2014-04-24,E_calendar,row on a non-trading day,date absent from the Nifty 50 trading calendar,dropped,price data
HINDZINC,2014-10-15,E_calendar,row on a non-trading day,date absent from the Nifty 50 trading calendar,dropped,price data
HINDZINC,2026-01-15,E_calendar,row on a non-trading day,date absent from the Nifty 50 trading calendar,dropped,price data
HINDZINC,2026-05-01,E_calendar,row on a non-trading day,date absent from the Nifty 50 trading calendar,dropped,price data
HINDZINC,2026-05-28,E_calendar,row on a non-trading day,date absent from the Nifty 50 trading calendar,dropped,price data
HINDZINC,2026-06-26,E_calendar,row on a non-trading day,date absent from the Nifty 50 trading calendar,dropped,price data
HINDZINC,2026-09-14,E_calendar,row on a non-trading day,date absent from the Nifty 50 trading calendar,dropped,price data
HINDZINC,2026-10-02,E_calendar,row on a non-trading day,date absent from the Nifty 50 trading calendar,dropped,price data
HINDZINC,2011-03-07,A_split_bonus,Yahoo price level inconsistent with NSE,NSE close ÷ Yahoo close steps from 2.0000 to 1.0000 (Yahoo applied an unrecorded factor 2.0000 to earlier prices). NSE actions: Bonus - 1:1 And Face Value Split From Rs. 10 To Rs. 2,rescaled Yahoo's history to NSE's official closes; adjustment rebuilt from NSE actions below,NSE bhavcopies (bisection to 2011-03-07)
HINDZINC,2011-03-07,A_split_bonus,Yahoo split ratio differs from NSE,Yahoo 5-for-1 vs NSE price factor 0.1000,used NSE's ratio,NSE corporate actions; yfinance action history
HINDZINC,2008-01-23,D_bad_print,spike-and-revert confirmed genuine,"r_t = +16.8%, r_t+1 = -12.3%; the exchange's official close agrees",kept (real move),NSE bhavcopy
HINDZINC,2010-05-06,A_split_bonus,Adj Close differs from Yahoo by > 0.5%,max gap 2.93% on 2010-05-06,kept our rebuild — 1 Yahoo level error(s) corrected against NSE; dividends from NSE records rather than Yahoo's,yfinance Adj Close vs our rebuild
HINDZINC,2008-10-29,D_bad_print,daily move beyond ±20%,r = +24.6%,"kept — genuine move: no corporate action within ±3 days, did not revert; Nifty 50 +6.8% that day",price data
HINDZINC,2024-05-21,D_bad_print,daily move beyond ±20%,r = +25.6%,"kept — genuine move: no corporate action within ±3 days, did not revert; Nifty 50 +0.3% that day",price data
POWERINDIA,2026-01-15,E_calendar,row on a non-trading day,date absent from the Nifty 50 trading calendar,dropped,price data
POWERINDIA,2026-05-01,E_calendar,row on a non-trading day,date absent from the Nifty 50 trading calendar,dropped,price data
POWERINDIA,2026-05-28,E_calendar,row on a non-trading day,date absent from the Nifty 50 trading calendar,dropped,price data
POWERINDIA,2026-06-26,E_calendar,row on a non-trading day,date absent from the Nifty 50 trading calendar,dropped,price data
POWERINDIA,2026-09-14,E_calendar,row on a non-trading day,date absent from the Nifty 50 trading calendar,dropped,price data
POWERINDIA,2026-10-02,E_calendar,row on a non-trading day,date absent from the Nifty 50 trading calendar,dropped,price data
POWERINDIA,2020-04-17,C_symbol,Yahoo history before NSE listing,"Yahoo has prices from 2020-03-30, but NSE's bhavcopy first lists POWERINDIA on 2020-04-17",dropped Yahoo rows before 2020-04-17,NSE bhavcopies
POWERINDIA,2025-03-18,A_split_bonus,Adj Close differs from Yahoo by > 0.5%,max gap 5.60% on 2025-03-18,kept our rebuild — dividends from NSE records rather than Yahoo's,yfinance Adj Close vs our rebuild
HYUNDAI,2026-01-15,E_calendar,row on a non-trading day,date absent from the Nifty 50 trading calendar,dropped,price data
HYUNDAI,2026-05-01,E_calendar,row on a non-trading day,date absent from the Nifty 50 trading calendar,dropped,price data
HYUNDAI,2026-05-28,E_calendar,row on a non-trading day,date absent from the Nifty 50 trading calendar,dropped,price data
HYUNDAI,2026-06-26,E_calendar,row on a non-trading day,date absent from the Nifty 50 trading calendar,dropped,price data
HYUNDAI,2026-09-14,E_calendar,row on a non-trading day,date absent from the Nifty 50 trading calendar,dropped,price data
HYUNDAI,2026-10-02,E_calendar,row on a non-trading day,date absent from the Nifty 50 trading calendar,dropped,price data
HYUNDAI,2025-03-18,A_split_bonus,Adj Close differs from Yahoo by > 0.5%,max gap 1.14% on 2025-03-18,kept our rebuild — dividends from NSE records rather than Yahoo's,yfinance Adj Close vs our rebuild
ICICIBANK,2008-11-27,E_calendar,row on a non-trading day,date absent from the Nifty 50 trading calendar,dropped,price data
ICICIBANK,2009-04-30,E_calendar,row on a non-trading day,date absent from the Nifty 50 trading calendar,dropped,price data
ICICIBANK,2009-10-13,E_calendar,row on a non-trading day,date absent from the Nifty 50 trading calendar,dropped,price data
ICICIBANK,2011-05-31,E_calendar,row on a non-trading day,date absent from the Nifty 50 trading calendar,dropped,price data
ICICIBANK,2011-07-14,E_calendar,row on a non-trading day,date absent from the Nifty 50 trading calendar,dropped,price data
ICICIBANK,2011-11-24,E_calendar,row on a non-trading day,date absent from the Nifty 50 trading calendar,dropped,price data
ICICIBANK,2011-12-26,E_calendar,row on a non-trading day,date absent from the Nifty 50 trading calendar,dropped,price data
ICICIBANK,2012-01-02,E_calendar,row on a non-trading day,date absent from the Nifty 50 trading calendar,dropped,price data
ICICIBANK,2014-04-24,E_calendar,row on a non-trading day,date absent from the Nifty 50 trading calendar,dropped,price data
ICICIBANK,2014-10-15,E_calendar,row on a non-trading day,date absent from the Nifty 50 trading calendar,dropped,price data
ICICIBANK,2026-01-15,E_calendar,row on a non-trading day,date absent from the Nifty 50 trading calendar,dropped,price data
ICICIBANK,2026-05-01,E_calendar,row on a non-trading day,date absent from the Nifty 50 trading calendar,dropped,price data
ICICIBANK,2026-05-28,E_calendar,row on a non-trading day,date absent from the Nifty 50 trading calendar,dropped,price data
ICICIBANK,2026-06-26,E_calendar,row on a non-trading day,date absent from the Nifty 50 trading calendar,dropped,price data
ICICIBANK,2026-09-14,E_calendar,row on a non-trading day,date absent from the Nifty 50 trading calendar,dropped,price data
ICICIBANK,2026-10-02,E_calendar,row on a non-trading day,date absent from the Nifty 50 trading calendar,dropped,price data
ICICIBANK,2014-12-04,A_split_bonus,split/bonus verified,Face Value Split (Sub-Division) - From Rs 10/- Per Share To Rs 2/- Per Share; Yahoo 5-for-1; price ratio 0.2019,applied,NSE corporate actions; yfinance action history
ICICIBANK,2017-06-20,A_split_bonus,split/bonus verified,Bonus 1:10 (Revised); Yahoo 1.1-for-1; price ratio 0.9122,applied,NSE corporate actions; yfinance action history
ICICIBANK,2025-03-18,A_split_bonus,Adj Close differs from Yahoo by > 0.5%,max gap 3.22% on 2025-03-18,kept our rebuild — dividends from NSE records rather than Yahoo's,yfinance Adj Close vs our rebuild
ICICIBANK,2009-05-18,D_bad_print,daily move beyond ±20%,r = +23.0%,"kept — genuine move: no corporate action within ±3 days, did not revert; Nifty 50 +17.7% that day",price data
ICICIGI,2026-01-15,E_calendar,row on a non-trading day,date absent from the Nifty 50 trading calendar,dropped,price data
ICICIGI,2026-05-01,E_calendar,row on a non-trading day,date absent from the Nifty 50 trading calendar,dropped,price data
ICICIGI,2026-05-28,E_calendar,row on a non-trading day,date absent from the Nifty 50 trading calendar,dropped,price data
ICICIGI,2026-06-26,E_calendar,row on a non-trading day,date absent from the Nifty 50 trading calendar,dropped,price data
ICICIGI,2026-09-14,E_calendar,row on a non-trading day,date absent from the Nifty 50 trading calendar,dropped,price data
ICICIGI,2026-10-02,E_calendar,row on a non-trading day,date absent from the Nifty 50 trading calendar,dropped,price data
ICICIGI,2025-03-18,A_split_bonus,Adj Close differs from Yahoo by > 0.5%,max gap 1.55% on 2025-03-18,kept our rebuild — dividends from NSE records rather than Yahoo's,yfinance Adj Close vs our rebuild
ICICIAMC,2026-01-15,E_calendar,row on a non-trading day,date absent from the Nifty 50 trading calendar,dropped,price data
ICICIAMC,2026-05-01,E_calendar,row on a non-trading day,date absent from the Nifty 50 trading calendar,dropped,price data
ICICIAMC,2026-05-28,E_calendar,row on a non-trading day,date absent from the Nifty 50 trading calendar,dropped,price data
ICICIAMC,2026-06-26,E_calendar,row on a non-trading day,date absent from the Nifty 50 trading calendar,dropped,price data
ICICIAMC,2026-09-14,E_calendar,row on a non-trading day,date absent from the Nifty 50 trading calendar,dropped,price data
ICICIAMC,2026-10-02,E_calendar,row on a non-trading day,date absent from the Nifty 50 trading calendar,dropped,price data
IDFCFIRSTB,2026-01-15,E_calendar,row on a non-trading day,date absent from the Nifty 50 trading calendar,dropped,price data
IDFCFIRSTB,2026-05-01,E_calendar,row on a non-trading day,date absent from the Nifty 50 trading calendar,dropped,price data
IDFCFIRSTB,2026-05-28,E_calendar,row on a non-trading day,date absent from the Nifty 50 trading calendar,dropped,price data
IDFCFIRSTB,2026-06-26,E_calendar,row on a non-trading day,date absent from the Nifty 50 trading calendar,dropped,price data
IDFCFIRSTB,2026-09-14,E_calendar,row on a non-trading day,date absent from the Nifty 50 trading calendar,dropped,price data
IDFCFIRSTB,2026-10-02,E_calendar,row on a non-trading day,date absent from the Nifty 50 trading calendar,dropped,price data
IDFCFIRSTB,2025-03-18,A_split_bonus,Adj Close differs from Yahoo by > 0.5%,max gap 3.27% on 2025-03-18,kept our rebuild — dividends from NSE records rather than Yahoo's,yfinance Adj Close vs our rebuild
ITC,2008-11-27,E_calendar,row on a non-trading day,date absent from the Nifty 50 trading calendar,dropped,price data
ITC,2009-04-30,E_calendar,row on a non-trading day,date absent from the Nifty 50 trading calendar,dropped,price data
ITC,2009-10-13,E_calendar,row on a non-trading day,date absent from the Nifty 50 trading calendar,dropped,price data
ITC,2011-05-31,E_calendar,row on a non-trading day,date absent from the Nifty 50 trading calendar,dropped,price data
ITC,2011-07-14,E_calendar,row on a non-trading day,date absent from the Nifty 50 trading calendar,dropped,price data
ITC,2011-11-24,E_calendar,row on a non-trading day,date absent from the Nifty 50 trading calendar,dropped,price data
ITC,2011-12-26,E_calendar,row on a non-trading day,date absent from the Nifty 50 trading calendar,dropped,price data
ITC,2012-01-02,E_calendar,row on a non-trading day,date absent from the Nifty 50 trading calendar,dropped,price data
ITC,2014-04-24,E_calendar,row on a non-trading day,date absent from the Nifty 50 trading calendar,dropped,price data
ITC,2014-10-15,E_calendar,row on a non-trading day,date absent from the Nifty 50 trading calendar,dropped,price data
ITC,2026-01-15,E_calendar,row on a non-trading day,date absent from the Nifty 50 trading calendar,dropped,price data
ITC,2026-05-01,E_calendar,row on a non-trading day,date absent from the Nifty 50 trading calendar,dropped,price data
ITC,2026-05-28,E_calendar,row on a non-trading day,date absent from the Nifty 50 trading calendar,dropped,price data
ITC,2026-06-26,E_calendar,row on a non-trading day,date absent from the Nifty 50 trading calendar,dropped,price data
ITC,2026-09-14,E_calendar,row on a non-trading day,date absent from the Nifty 50 trading calendar,dropped,price data
ITC,2026-10-02,E_calendar,row on a non-trading day,date absent from the Nifty 50 trading calendar,dropped,price data
ITC,2025-01-06,A_split_bonus,Yahoo price level inconsistent with NSE,NSE close ÷ Yahoo close steps from 1.0385 to 1.0000 (Yahoo applied an unrecorded factor 1.0385 to earlier prices). NSE actions: Demerger,rescaled Yahoo's history to NSE's official closes; adjustment rebuilt from NSE actions below,NSE bhavcopies (bisection to 2025-01-06)
ITC,2010-08-03,A_split_bonus,split/bonus verified,Bonus 1:1; Yahoo 2-for-1; price ratio 0.4936,applied,NSE corporate actions; yfinance action history
ITC,2016-07-01,A_split_bonus,split/bonus verified,Bonus 1:2; Yahoo 1.5-for-1; price ratio 0.6850,applied,NSE corporate actions; yfinance action history
ITC,2025-01-06,B_demerger,demerger adjusted with official ratio,one-day price ratio 0.9191 (Nifty 50 -1.6%); official factor 0.9460,pre-event history multiplied by the official factor,NSE special pre-open session price discovery: opening price ₹455.60 on 2025-01-06 vs previous close ₹481.60 on 2025-01-03 (NSE bhavcopies; SPOS framework https://www.nseindia.com/products-services/equity-market-special-pre-open-session)
ITC,2024-07-03,A_split_bonus,Adj Close differs from Yahoo by > 0.5%,max gap 1.76% on 2024-07-03,kept our rebuild — 1 Yahoo level error(s) corrected against NSE; demerger handled differently from Yahoo; dividends from NSE records rather than Yahoo's,yfinance Adj Close vs our rebuild
INDIANB,2008-11-27,E_calendar,row on a non-trading day,date absent from the Nifty 50 trading calendar,dropped,price data
INDIANB,2009-04-30,E_calendar,row on a non-trading day,date absent from the Nifty 50 trading calendar,dropped,price data
INDIANB,2009-10-13,E_calendar,row on a non-trading day,date absent from the Nifty 50 trading calendar,dropped,price data
INDIANB,2011-05-31,E_calendar,row on a non-trading day,date absent from the Nifty 50 trading calendar,dropped,price data
INDIANB,2011-07-14,E_calendar,row on a non-trading day,date absent from the Nifty 50 trading calendar,dropped,price data
INDIANB,2011-11-24,E_calendar,row on a non-trading day,date absent from the Nifty 50 trading calendar,dropped,price data
INDIANB,2011-12-26,E_calendar,row on a non-trading day,date absent from the Nifty 50 trading calendar,dropped,price data
INDIANB,2012-01-02,E_calendar,row on a non-trading day,date absent from the Nifty 50 trading calendar,dropped,price data
INDIANB,2014-04-24,E_calendar,row on a non-trading day,date absent from the Nifty 50 trading calendar,dropped,price data
INDIANB,2014-10-15,E_calendar,row on a non-trading day,date absent from the Nifty 50 trading calendar,dropped,price data
INDIANB,2026-01-15,E_calendar,row on a non-trading day,date absent from the Nifty 50 trading calendar,dropped,price data
INDIANB,2026-05-01,E_calendar,row on a non-trading day,date absent from the Nifty 50 trading calendar,dropped,price data
INDIANB,2026-05-28,E_calendar,row on a non-trading day,date absent from the Nifty 50 trading calendar,dropped,price data
INDIANB,2026-06-26,E_calendar,row on a non-trading day,date absent from the Nifty 50 trading calendar,dropped,price data
INDIANB,2026-09-14,E_calendar,row on a non-trading day,date absent from the Nifty 50 trading calendar,dropped,price data
INDIANB,2026-10-02,E_calendar,row on a non-trading day,date absent from the Nifty 50 trading calendar,dropped,price data
INDIANB,2025-03-18,A_split_bonus,Adj Close differs from Yahoo by > 0.5%,max gap 2.66% on 2025-03-18,kept our rebuild — dividends from NSE records rather than Yahoo's,yfinance Adj Close vs our rebuild
INDIANB,2017-10-25,D_bad_print,daily move beyond ±20%,r = +21.1%,"kept — genuine move: no corporate action within ±3 days, did not revert; Nifty 50 +0.9% that day",price data
INDHOTEL,2008-11-27,E_calendar,row on a non-trading day,date absent from the Nifty 50 trading calendar,dropped,price data
INDHOTEL,2009-04-30,E_calendar,row on a non-trading day,date absent from the Nifty 50 trading calendar,dropped,price data
INDHOTEL,2009-10-13,E_calendar,row on a non-trading day,date absent from the Nifty 50 trading calendar,dropped,price data
INDHOTEL,2011-05-31,E_calendar,row on a non-trading day,date absent from the Nifty 50 trading calendar,dropped,price data
INDHOTEL,2011-07-14,E_calendar,row on a non-trading day,date absent from the Nifty 50 trading calendar,dropped,price data
INDHOTEL,2011-11-24,E_calendar,row on a non-trading day,date absent from the Nifty 50 trading calendar,dropped,price data
INDHOTEL,2011-12-26,E_calendar,row on a non-trading day,date absent from the Nifty 50 trading calendar,dropped,price data
INDHOTEL,2012-01-02,E_calendar,row on a non-trading day,date absent from the Nifty 50 trading calendar,dropped,price data
INDHOTEL,2014-04-24,E_calendar,row on a non-trading day,date absent from the Nifty 50 trading calendar,dropped,price data
INDHOTEL,2014-10-15,E_calendar,row on a non-trading day,date absent from the Nifty 50 trading calendar,dropped,price data
INDHOTEL,2026-01-15,E_calendar,row on a non-trading day,date absent from the Nifty 50 trading calendar,dropped,price data
INDHOTEL,2026-05-01,E_calendar,row on a non-trading day,date absent from the Nifty 50 trading calendar,dropped,price data
INDHOTEL,2026-05-28,E_calendar,row on a non-trading day,date absent from the Nifty 50 trading calendar,dropped,price data
INDHOTEL,2026-06-26,E_calendar,row on a non-trading day,date absent from the Nifty 50 trading calendar,dropped,price data
INDHOTEL,2026-09-14,E_calendar,row on a non-trading day,date absent from the Nifty 50 trading calendar,dropped,price data
INDHOTEL,2026-10-02,E_calendar,row on a non-trading day,date absent from the Nifty 50 trading calendar,dropped,price data
INDHOTEL,2017-10-04,A_split_bonus,Yahoo price level inconsistent with NSE,NSE close ÷ Yahoo close steps from 1.1019 to 1.0313 (Yahoo applied an unrecorded factor 1.0685 to earlier prices). NSE actions: Rights 1:5 @ Premium Rs 74/-,rescaled Yahoo's history to NSE's official closes; adjustment rebuilt from NSE actions below,NSE bhavcopies (bisection to 2017-10-04)
INDHOTEL,2021-11-11,A_split_bonus,Yahoo price level inconsistent with NSE,NSE close ÷ Yahoo close steps from 1.0313 to 1.0000 (Yahoo applied an unrecorded factor 1.0313 to earlier prices). NSE actions: Rights 1:9 @ Premium Rs 149/-,rescaled Yahoo's history to NSE's official closes; adjustment rebuilt from NSE actions below,NSE bhavcopies (bisection to 2021-11-11)
INDHOTEL,2017-10-04,A_split_bonus,rights issue adjusted,Rights 1:5 @ Premium Rs 74/-; cum-rights close ₹121.90; subscription ₹75.00; factor 0.9359,pre-event history multiplied by the theoretical ex-rights factor,NSE corporate actions (Rights 1:5 @ Premium Rs 74/-)
INDHOTEL,2021-11-11,A_split_bonus,rights issue adjusted,Rights 1:9 @ Premium Rs 149/-; cum-rights close ₹215.30; subscription ₹150.00; factor 0.9697,pre-event history multiplied by the theoretical ex-rights factor,NSE corporate actions (Rights 1:9 @ Premium Rs 149/-)
INDHOTEL,2025-03-18,A_split_bonus,Adj Close differs from Yahoo by > 0.5%,max gap 4.37% on 2025-03-18,kept our rebuild — 2 Yahoo level error(s) corrected against NSE; demerger handled differently from Yahoo; dividends from NSE records rather than Yahoo's,yfinance Adj Close vs our rebuild
IOC,2008-11-27,E_calendar,row on a non-trading day,date absent from the Nifty 50 trading calendar,dropped,price data
IOC,2009-04-30,E_calendar,row on a non-trading day,date absent from the Nifty 50 trading calendar,dropped,price data
IOC,2009-10-13,E_calendar,row on a non-trading day,date absent from the Nifty 50 trading calendar,dropped,price data
IOC,2011-05-31,E_calendar,row on a non-trading day,date absent from the Nifty 50 trading calendar,dropped,price data
IOC,2011-07-14,E_calendar,row on a non-trading day,date absent from the Nifty 50 trading calendar,dropped,price data
IOC,2011-11-24,E_calendar,row on a non-trading day,date absent from the Nifty 50 trading calendar,dropped,price data
IOC,2011-12-26,E_calendar,row on a non-trading day,date absent from the Nifty 50 trading calendar,dropped,price data
IOC,2012-01-02,E_calendar,row on a non-trading day,date absent from the Nifty 50 trading calendar,dropped,price data
IOC,2014-04-24,E_calendar,row on a non-trading day,date absent from the Nifty 50 trading calendar,dropped,price data
IOC,2014-10-15,E_calendar,row on a non-trading day,date absent from the Nifty 50 trading calendar,dropped,price data
IOC,2026-01-15,E_calendar,row on a non-trading day,date absent from the Nifty 50 trading calendar,dropped,price data
IOC,2026-05-01,E_calendar,row on a non-trading day,date absent from the Nifty 50 trading calendar,dropped,price data
IOC,2026-05-28,E_calendar,row on a non-trading day,date absent from the Nifty 50 trading calendar,dropped,price data
IOC,2026-06-26,E_calendar,row on a non-trading day,date absent from the Nifty 50 trading calendar,dropped,price data
IOC,2026-09-14,E_calendar,row on a non-trading day,date absent from the Nifty 50 trading calendar,dropped,price data
IOC,2026-10-02,E_calendar,row on a non-trading day,date absent from the Nifty 50 trading calendar,dropped,price data
IOC,2009-10-29,A_split_bonus,split/bonus verified,Bonus 1:1; Yahoo 2-for-1; price ratio 0.4896,applied,NSE corporate actions; yfinance action history
IOC,2016-10-18,A_split_bonus,split/bonus verified,Bonus 1:1; Yahoo 2-for-1; price ratio 0.5009,applied,NSE corporate actions; yfinance action history
IOC,2018-03-15,A_split_bonus,split/bonus verified,Bonus 1:1; Yahoo 2-for-1; price ratio 0.4861,applied,NSE corporate actions; yfinance action history
IOC,2022-06-30,A_split_bonus,split/bonus verified,Bonus 1:2; Yahoo 1.5-for-1; price ratio 0.6762,applied,NSE corporate actions; yfinance action history
IOC,2025-03-18,A_split_bonus,Adj Close differs from Yahoo by > 0.5%,max gap 0.84% on 2025-03-18,kept our rebuild — dividends from NSE records rather than Yahoo's,yfinance Adj Close vs our rebuild
IRCTC,2026-01-15,E_calendar,row on a non-trading day,date absent from the Nifty 50 trading calendar,dropped,price data
IRCTC,2026-05-01,E_calendar,row on a non-trading day,date absent from the Nifty 50 trading calendar,dropped,price data
IRCTC,2026-05-28,E_calendar,row on a non-trading day,date absent from the Nifty 50 trading calendar,dropped,price data
IRCTC,2026-06-26,E_calendar,row on a non-trading day,date absent from the Nifty 50 trading calendar,dropped,price data
IRCTC,2026-09-14,E_calendar,row on a non-trading day,date absent from the Nifty 50 trading calendar,dropped,price data
IRCTC,2026-10-02,E_calendar,row on a non-trading day,date absent from the Nifty 50 trading calendar,dropped,price data
IRCTC,2021-10-28,A_split_bonus,split/bonus verified,Face Value Split (Sub-Division) - From Rs 10/- Per Share To Rs 2/- Per Share; Yahoo 5-for-1; price ratio 0.2212,applied,NSE corporate actions; yfinance action history
IRCTC,2025-03-18,A_split_bonus,Adj Close differs from Yahoo by > 0.5%,max gap 2.21% on 2025-03-18,kept our rebuild — dividends from NSE records rather than Yahoo's,yfinance Adj Close vs our rebuild
IRFC,2026-01-15,E_calendar,row on a non-trading day,date absent from the Nifty 50 trading calendar,dropped,price data
IRFC,2026-05-01,E_calendar,row on a non-trading day,date absent from the Nifty 50 trading calendar,dropped,price data
IRFC,2026-05-28,E_calendar,row on a non-trading day,date absent from the Nifty 50 trading calendar,dropped,price data
IRFC,2026-06-26,E_calendar,row on a non-trading day,date absent from the Nifty 50 trading calendar,dropped,price data
IRFC,2026-09-14,E_calendar,row on a non-trading day,date absent from the Nifty 50 trading calendar,dropped,price data
IRFC,2026-10-02,E_calendar,row on a non-trading day,date absent from the Nifty 50 trading calendar,dropped,price data
IRFC,2025-03-18,A_split_bonus,Adj Close differs from Yahoo by > 0.5%,max gap 2.55% on 2025-03-18,kept our rebuild — dividends from NSE records rather than Yahoo's,yfinance Adj Close vs our rebuild
IRFC,2024-01-16,D_bad_print,daily move beyond ±20%,r = +25.1%,"kept — genuine move: no corporate action within ±3 days, did not revert; Nifty 50 -0.3% that day",price data
IREDA,2026-01-15,E_calendar,row on a non-trading day,date absent from the Nifty 50 trading calendar,dropped,price data
IREDA,2026-05-01,E_calendar,row on a non-trading day,date absent from the Nifty 50 trading calendar,dropped,price data
IREDA,2026-05-28,E_calendar,row on a non-trading day,date absent from the Nifty 50 trading calendar,dropped,price data
IREDA,2026-06-26,E_calendar,row on a non-trading day,date absent from the Nifty 50 trading calendar,dropped,price data
IREDA,2026-09-14,E_calendar,row on a non-trading day,date absent from the Nifty 50 trading calendar,dropped,price data
IREDA,2026-10-02,E_calendar,row on a non-trading day,date absent from the Nifty 50 trading calendar,dropped,price data
IREDA,2025-03-18,A_split_bonus,Adj Close differs from Yahoo by > 0.5%,max gap 5.64% on 2025-03-18,kept our rebuild — dividends from NSE records rather than Yahoo's,yfinance Adj Close vs our rebuild
INDUSTOWER,2014-04-24,E_calendar,row on a non-trading day,date absent from the Nifty 50 trading calendar,dropped,price data
INDUSTOWER,2014-10-15,E_calendar,row on a non-trading day,date absent from the Nifty 50 trading calendar,dropped,price data
INDUSTOWER,2026-01-15,E_calendar,row on a non-trading day,date absent from the Nifty 50 trading calendar,dropped,price data
INDUSTOWER,2026-05-01,E_calendar,row on a non-trading day,date absent from the Nifty 50 trading calendar,dropped,price data
INDUSTOWER,2026-05-28,E_calendar,row on a non-trading day,date absent from the Nifty 50 trading calendar,dropped,price data
INDUSTOWER,2026-06-26,E_calendar,row on a non-trading day,date absent from the Nifty 50 trading calendar,dropped,price data
INDUSTOWER,2026-09-14,E_calendar,row on a non-trading day,date absent from the Nifty 50 trading calendar,dropped,price data
INDUSTOWER,2026-10-02,E_calendar,row on a non-trading day,date absent from the Nifty 50 trading calendar,dropped,price data
INDUSTOWER,2020-03-18,A_split_bonus,split-like move with no corporate action,price ratio 0.7711 ≈ bonus 1:3 (Nifty 50 -5.6% that day); no split/bonus in NSE or Yahoo records within ±7 days,kept as a genuine move,NSE corporate actions; yfinance action history
INDUSTOWER,2020-03-19,D_bad_print,spike-and-revert confirmed genuine,"r_t = -17.2%, r_t+1 = +19.4%; the exchange's official close agrees",kept (real move),NSE bhavcopy
INDUSTOWER,2025-03-18,A_split_bonus,Adj Close differs from Yahoo by > 0.5%,max gap 1.89% on 2025-03-18,kept our rebuild — dividends from NSE records rather than Yahoo's,yfinance Adj Close vs our rebuild
INDUSTOWER,2020-03-18,D_bad_print,daily move beyond ±20%,r = -22.9%,"kept — genuine move: no corporate action within ±3 days, did not revert; Nifty 50 -5.6% that day",price data
INDUSINDBK,2008-11-27,E_calendar,row on a non-trading day,date absent from the Nifty 50 trading calendar,dropped,price data
INDUSINDBK,2009-04-30,E_calendar,row on a non-trading day,date absent from the Nifty 50 trading calendar,dropped,price data
INDUSINDBK,2009-10-13,E_calendar,row on a non-trading day,date absent from the Nifty 50 trading calendar,dropped,price data
INDUSINDBK,2011-05-31,E_calendar,row on a non-trading day,date absent from the Nifty 50 trading calendar,dropped,price data
INDUSINDBK,2011-07-14,E_calendar,row on a non-trading day,date absent from the Nifty 50 trading calendar,dropped,price data
INDUSINDBK,2011-11-24,E_calendar,row on a non-trading day,date absent from the Nifty 50 trading calendar,dropped,price data
INDUSINDBK,2011-12-26,E_calendar,row on a non-trading day,date absent from the Nifty 50 trading calendar,dropped,price data
INDUSINDBK,2012-01-02,E_calendar,row on a non-trading day,date absent from the Nifty 50 trading calendar,dropped,price data
INDUSINDBK,2014-04-24,E_calendar,row on a non-trading day,date absent from the Nifty 50 trading calendar,dropped,price data
INDUSINDBK,2014-10-15,E_calendar,row on a non-trading day,date absent from the Nifty 50 trading calendar,dropped,price data
INDUSINDBK,2026-01-15,E_calendar,row on a non-trading day,date absent from the Nifty 50 trading calendar,dropped,price data
INDUSINDBK,2026-05-01,E_calendar,row on a non-trading day,date absent from the Nifty 50 trading calendar,dropped,price data
INDUSINDBK,2026-05-28,E_calendar,row on a non-trading day,date absent from the Nifty 50 trading calendar,dropped,price data
INDUSINDBK,2026-06-26,E_calendar,row on a non-trading day,date absent from the Nifty 50 trading calendar,dropped,price data
INDUSINDBK,2026-09-14,E_calendar,row on a non-trading day,date absent from the Nifty 50 trading calendar,dropped,price data
INDUSINDBK,2026-10-02,E_calendar,row on a non-trading day,date absent from the Nifty 50 trading calendar,dropped,price data
INDUSINDBK,2020-03-18,A_split_bonus,split-like move with no corporate action,price ratio 0.7627 ≈ bonus 1:3 (Nifty 50 -5.6% that day); no split/bonus in NSE or Yahoo records within ±7 days,kept as a genuine move,NSE corporate actions; yfinance action history
INDUSINDBK,2020-03-23,A_split_bonus,split-like move with no corporate action,price ratio 0.7641 ≈ bonus 1:3 (Nifty 50 -13.0% that day); no split/bonus in NSE or Yahoo records within ±7 days,kept as a genuine move,NSE corporate actions; yfinance action history
INDUSINDBK,2025-03-11,A_split_bonus,split-like move with no corporate action,price ratio 0.7284 ≈ bonus 1:3 (Nifty 50 +0.2% that day); no split/bonus in NSE or Yahoo records within ±7 days,kept as a genuine move,NSE corporate actions; yfinance action history
INDUSINDBK,2025-03-18,A_split_bonus,Adj Close differs from Yahoo by > 0.5%,max gap 0.60% on 2025-03-18,kept our rebuild — dividends from NSE records rather than Yahoo's,yfinance Adj Close vs our rebuild
INDUSINDBK,2020-03-18,D_bad_print,daily move beyond ±20%,r = -23.7%,"kept — genuine move: no corporate action within ±3 days, did not revert; Nifty 50 -5.6% that day",price data
INDUSINDBK,2020-03-23,D_bad_print,daily move beyond ±20%,r = -23.6%,"kept — genuine move: no corporate action within ±3 days, did not revert; Nifty 50 -13.0% that day",price data
INDUSINDBK,2020-03-26,D_bad_print,daily move beyond ±20%,r = +44.7%,"kept — genuine move: no corporate action within ±3 days, did not revert; Nifty 50 +3.9% that day",price data
INDUSINDBK,2020-04-07,D_bad_print,daily move beyond ±20%,r = +22.6%,"kept — genuine move: no corporate action within ±3 days, did not revert; Nifty 50 +8.8% that day",price data
INDUSINDBK,2025-03-11,D_bad_print,daily move beyond ±20%,r = -27.2%,"kept — genuine move: no corporate action within ±3 days, did not revert; Nifty 50 +0.2% that day",price data
NAUKRI,2008-11-27,E_calendar,row on a non-trading day,date absent from the Nifty 50 trading calendar,dropped,price data
NAUKRI,2009-04-30,E_calendar,row on a non-trading day,date absent from the Nifty 50 trading calendar,dropped,price data
NAUKRI,2009-10-13,E_calendar,row on a non-trading day,date absent from the Nifty 50 trading calendar,dropped,price data
NAUKRI,2011-05-31,E_calendar,row on a non-trading day,date absent from the Nifty 50 trading calendar,dropped,price data
NAUKRI,2011-07-14,E_calendar,row on a non-trading day,date absent from the Nifty 50 trading calendar,dropped,price data
NAUKRI,2011-11-24,E_calendar,row on a non-trading day,date absent from the Nifty 50 trading calendar,dropped,price data
NAUKRI,2011-12-26,E_calendar,row on a non-trading day,date absent from the Nifty 50 trading calendar,dropped,price data
NAUKRI,2012-01-02,E_calendar,row on a non-trading day,date absent from the Nifty 50 trading calendar,dropped,price data
NAUKRI,2014-04-24,E_calendar,row on a non-trading day,date absent from the Nifty 50 trading calendar,dropped,price data
NAUKRI,2014-10-15,E_calendar,row on a non-trading day,date absent from the Nifty 50 trading calendar,dropped,price data
NAUKRI,2026-01-15,E_calendar,row on a non-trading day,date absent from the Nifty 50 trading calendar,dropped,price data
NAUKRI,2026-05-01,E_calendar,row on a non-trading day,date absent from the Nifty 50 trading calendar,dropped,price data
NAUKRI,2026-05-28,E_calendar,row on a non-trading day,date absent from the Nifty 50 trading calendar,dropped,price data
NAUKRI,2026-06-26,E_calendar,row on a non-trading day,date absent from the Nifty 50 trading calendar,dropped,price data
NAUKRI,2026-10-02,E_calendar,row on a non-trading day,date absent from the Nifty 50 trading calendar,dropped,price data
NAUKRI,2010-09-27,A_split_bonus,split/bonus verified,Bonus 1:1; Yahoo 2-for-1; price ratio 0.5344,applied,NSE corporate actions; yfinance action history
NAUKRI,2012-06-22,A_split_bonus,split/bonus verified,Bonus 1:1; Yahoo 2-for-1; price ratio 0.5065,applied,NSE corporate actions; yfinance action history
NAUKRI,2025-05-07,A_split_bonus,split/bonus verified,Face Value Split (Sub-Division) - From Rs 10/- Per Share To Rs 2/- Per Share; Yahoo 5-for-1; price ratio 0.1983,applied,NSE corporate actions; yfinance action history
NAUKRI,2025-03-18,A_split_bonus,Adj Close differs from Yahoo by > 0.5%,max gap 3.19% on 2025-03-18,kept our rebuild — dividends from NSE records rather than Yahoo's,yfinance Adj Close vs our rebuild
INFY,2008-11-27,E_calendar,row on a non-trading day,date absent from the Nifty 50 trading calendar,dropped,price data
INFY,2009-04-30,E_calendar,row on a non-trading day,date absent from the Nifty 50 trading calendar,dropped,price data
INFY,2009-10-13,E_calendar,row on a non-trading day,date absent from the Nifty 50 trading calendar,dropped,price data
INFY,2011-05-31,E_calendar,row on a non-trading day,date absent from the Nifty 50 trading calendar,dropped,price data
INFY,2011-07-14,E_calendar,row on a non-trading day,date absent from the Nifty 50 trading calendar,dropped,price data
INFY,2011-11-24,E_calendar,row on a non-trading day,date absent from the Nifty 50 trading calendar,dropped,price data
INFY,2011-12-26,E_calendar,row on a non-trading day,date absent from the Nifty 50 trading calendar,dropped,price data
INFY,2012-01-02,E_calendar,row on a non-trading day,date absent from the Nifty 50 trading calendar,dropped,price data
INFY,2014-04-24,E_calendar,row on a non-trading day,date absent from the Nifty 50 trading calendar,dropped,price data
INFY,2014-10-15,E_calendar,row on a non-trading day,date absent from the Nifty 50 trading calendar,dropped,price data
INFY,2026-01-15,E_calendar,row on a non-trading day,date absent from the Nifty 50 trading calendar,dropped,price data
INFY,2026-05-01,E_calendar,row on a non-trading day,date absent from the Nifty 50 trading calendar,dropped,price data
INFY,2026-05-28,E_calendar,row on a non-trading day,date absent from the Nifty 50 trading calendar,dropped,price data
INFY,2026-06-26,E_calendar,row on a non-trading day,date absent from the Nifty 50 trading calendar,dropped,price data
INFY,2026-09-14,E_calendar,row on a non-trading day,date absent from the Nifty 50 trading calendar,dropped,price data
INFY,2026-10-02,E_calendar,row on a non-trading day,date absent from the Nifty 50 trading calendar,dropped,price data
INFY,2014-12-02,A_split_bonus,split/bonus verified,Bonus 1:1; Yahoo 2-for-1; price ratio 0.4889,applied,NSE corporate actions; yfinance action history
INFY,2015-06-15,A_split_bonus,split/bonus verified,Dividend - Rs 29.50/- Per Share And Bonus 1:1; Yahoo 2-for-1; price ratio 0.5015,applied,NSE corporate actions; yfinance action history
INFY,2018-09-04,A_split_bonus,split/bonus verified,Bonus 1:1; Yahoo 2-for-1; price ratio 0.5140,applied,NSE corporate actions; yfinance action history
INFY,2010-08-26,A_split_bonus,Adj Close differs from Yahoo by > 0.5%,max gap 1.52% on 2010-08-26,kept our rebuild — dividends from NSE records rather than Yahoo's,yfinance Adj Close vs our rebuild
INFY,2013-04-12,D_bad_print,daily move beyond ±20%,r = -21.3%,"kept — genuine move: no corporate action within ±3 days, did not revert; Nifty 50 -1.2% that day",price data
INDIGO,2026-01-15,E_calendar,row on a non-trading day,date absent from the Nifty 50 trading calendar,dropped,price data
INDIGO,2026-05-28,E_calendar,row on a non-trading day,date absent from the Nifty 50 trading calendar,dropped,price data
INDIGO,2026-06-26,E_calendar,row on a non-trading day,date absent from the Nifty 50 trading calendar,dropped,price data
INDIGO,2026-09-14,E_calendar,row on a non-trading day,date absent from the Nifty 50 trading calendar,dropped,price data
INDIGO,2026-10-02,E_calendar,row on a non-trading day,date absent from the Nifty 50 trading calendar,dropped,price data
INDIGO,2025-03-18,A_split_bonus,Adj Close differs from Yahoo by > 0.5%,max gap 0.54% on 2025-03-18,kept our rebuild — dividends from NSE records rather than Yahoo's,yfinance Adj Close vs our rebuild
JSWENERGY,2011-05-31,E_calendar,row on a non-trading day,date absent from the Nifty 50 trading calendar,dropped,price data
JSWENERGY,2011-07-14,E_calendar,row on a non-trading day,date absent from the Nifty 50 trading calendar,dropped,price data
JSWENERGY,2011-11-24,E_calendar,row on a non-trading day,date absent from the Nifty 50 trading calendar,dropped,price data
JSWENERGY,2011-12-26,E_calendar,row on a non-trading day,date absent from the Nifty 50 trading calendar,dropped,price data
JSWENERGY,2012-01-02,E_calendar,row on a non-trading day,date absent from the Nifty 50 trading calendar,dropped,price data
JSWENERGY,2014-04-24,E_calendar,row on a non-trading day,date absent from the Nifty 50 trading calendar,dropped,price data
JSWENERGY,2014-10-15,E_calendar,row on a non-trading day,date absent from the Nifty 50 trading calendar,dropped,price data
JSWENERGY,2026-01-15,E_calendar,row on a non-trading day,date absent from the Nifty 50 trading calendar,dropped,price data
JSWENERGY,2026-05-01,E_calendar,row on a non-trading day,date absent from the Nifty 50 trading calendar,dropped,price data
JSWENERGY,2026-05-28,E_calendar,row on a non-trading day,date absent from the Nifty 50 trading calendar,dropped,price data
JSWENERGY,2026-06-26,E_calendar,row on a non-trading day,date absent from the Nifty 50 trading calendar,dropped,price data
JSWENERGY,2026-09-14,E_calendar,row on a non-trading day,date absent from the Nifty 50 trading calendar,dropped,price data
JSWENERGY,2026-10-02,E_calendar,row on a non-trading day,date absent from the Nifty 50 trading calendar,dropped,price data
JSWENERGY,2025-03-18,A_split_bonus,Adj Close differs from Yahoo by > 0.5%,max gap 3.87% on 2025-03-18,kept our rebuild — dividends from NSE records rather than Yahoo's,yfinance Adj Close vs our rebuild
JSWSTEEL,2008-11-27,E_calendar,row on a non-trading day,date absent from the Nifty 50 trading calendar,dropped,price data
JSWSTEEL,2009-04-30,E_calendar,row on a non-trading day,date absent from the Nifty 50 trading calendar,dropped,price data
JSWSTEEL,2009-10-13,E_calendar,row on a non-trading day,date absent from the Nifty 50 trading calendar,dropped,price data
JSWSTEEL,2011-05-31,E_calendar,row on a non-trading day,date absent from the Nifty 50 trading calendar,dropped,price data
JSWSTEEL,2011-07-14,E_calendar,row on a non-trading day,date absent from the Nifty 50 trading calendar,dropped,price data
JSWSTEEL,2011-11-24,E_calendar,row on a non-trading day,date absent from the Nifty 50 trading calendar,dropped,price data
JSWSTEEL,2011-12-26,E_calendar,row on a non-trading day,date absent from the Nifty 50 trading calendar,dropped,price data
JSWSTEEL,2012-01-02,E_calendar,row on a non-trading day,date absent from the Nifty 50 trading calendar,dropped,price data
JSWSTEEL,2014-04-24,E_calendar,row on a non-trading day,date absent from the Nifty 50 trading calendar,dropped,price data
JSWSTEEL,2014-10-15,E_calendar,row on a non-trading day,date absent from the Nifty 50 trading calendar,dropped,price data
JSWSTEEL,2026-01-15,E_calendar,row on a non-trading day,date absent from the Nifty 50 trading calendar,dropped,price data
JSWSTEEL,2026-05-01,E_calendar,row on a non-trading day,date absent from the Nifty 50 trading calendar,dropped,price data
JSWSTEEL,2026-05-28,E_calendar,row on a non-trading day,date absent from the Nifty 50 trading calendar,dropped,price data
JSWSTEEL,2026-06-26,E_calendar,row on a non-trading day,date absent from the Nifty 50 trading calendar,dropped,price data
JSWSTEEL,2026-09-14,E_calendar,row on a non-trading day,date absent from the Nifty 50 trading calendar,dropped,price data
JSWSTEEL,2026-10-02,E_calendar,row on a non-trading day,date absent from the Nifty 50 trading calendar,dropped,price data
JSWSTEEL,2017-01-04,A_split_bonus,split/bonus verified,Fv Splt Frm Rs 10 To Re 1; Yahoo 10-for-1; price ratio 0.0991,applied,NSE corporate actions; yfinance action history
JSWSTEEL,2025-03-18,A_split_bonus,Adj Close differs from Yahoo by > 0.5%,max gap 1.23% on 2025-03-18,kept our rebuild — dividends from NSE records rather than Yahoo's,yfinance Adj Close vs our rebuild
JSWSTEEL,2008-10-31,D_bad_print,daily move beyond ±20%,r = +33.7%,"kept — genuine move: no corporate action within ±3 days, did not revert; Nifty 50 +7.0% that day",price data
JSWSTEEL,2009-04-02,D_bad_print,daily move beyond ±20%,r = +21.5%,"kept — genuine move: no corporate action within ±3 days, did not revert; Nifty 50 +4.9% that day",price data
JINDALSTEL,2008-11-27,E_calendar,row on a non-trading day,date absent from the Nifty 50 trading calendar,dropped,price data
JINDALSTEL,2009-04-30,E_calendar,row on a non-trading day,date absent from the Nifty 50 trading calendar,dropped,price data
JINDALSTEL,2009-10-13,E_calendar,row on a non-trading day,date absent from the Nifty 50 trading calendar,dropped,price data
JINDALSTEL,2011-05-31,E_calendar,row on a non-trading day,date absent from the Nifty 50 trading calendar,dropped,price data
JINDALSTEL,2011-07-14,E_calendar,row on a non-trading day,date absent from the Nifty 50 trading calendar,dropped,price data
JINDALSTEL,2011-11-24,E_calendar,row on a non-trading day,date absent from the Nifty 50 trading calendar,dropped,price data
JINDALSTEL,2011-12-26,E_calendar,row on a non-trading day,date absent from the Nifty 50 trading calendar,dropped,price data
JINDALSTEL,2012-01-02,E_calendar,row on a non-trading day,date absent from the Nifty 50 trading calendar,dropped,price data
JINDALSTEL,2014-04-24,E_calendar,row on a non-trading day,date absent from the Nifty 50 trading calendar,dropped,price data
JINDALSTEL,2014-10-15,E_calendar,row on a non-trading day,date absent from the Nifty 50 trading calendar,dropped,price data
JINDALSTEL,2026-01-15,E_calendar,row on a non-trading day,date absent from the Nifty 50 trading calendar,dropped,price data
JINDALSTEL,2026-05-01,E_calendar,row on a non-trading day,date absent from the Nifty 50 trading calendar,dropped,price data
JINDALSTEL,2026-05-28,E_calendar,row on a non-trading day,date absent from the Nifty 50 trading calendar,dropped,price data
JINDALSTEL,2026-06-26,E_calendar,row on a non-trading day,date absent from the Nifty 50 trading calendar,dropped,price data
JINDALSTEL,2026-09-14,E_calendar,row on a non-trading day,date absent from the Nifty 50 trading calendar,dropped,price data
JINDALSTEL,2026-10-02,E_calendar,row on a non-trading day,date absent from the Nifty 50 trading calendar,dropped,price data
JINDALSTEL,2008-01-21,A_split_bonus,split/bonus verified,Fv Split Rs.5/- To Re.1/-; Yahoo 5-for-1; price ratio 0.1465,applied,NSE corporate actions; yfinance action history
JINDALSTEL,2009-09-14,A_split_bonus,split/bonus verified,Bon 5:1purpose Revised; Yahoo 6-for-1; price ratio 0.1706,applied,NSE corporate actions; yfinance action history
JINDALSTEL,2025-03-18,A_split_bonus,Adj Close differs from Yahoo by > 0.5%,max gap 2.93% on 2025-03-18,kept our rebuild — dividends from NSE records rather than Yahoo's,yfinance Adj Close vs our rebuild
JINDALSTEL,2007-10-31,D_bad_print,daily move beyond ±20%,r = +25.5%,"kept — genuine move: no corporate action within ±3 days, did not revert; Nifty 50 +0.5% that day",price data
JINDALSTEL,2007-11-23,D_bad_print,daily move beyond ±20%,r = +20.1%,"kept — genuine move: no corporate action within ±3 days, did not revert; Nifty 50 +1.6% that day",price data
JINDALSTEL,2008-01-21,D_bad_print,daily move beyond ±20%,r = -26.8%,kept — corporate action: Fv Split Rs.5/- To Re.1/- (factor 0.2000),price data
JINDALSTEL,2008-10-29,D_bad_print,daily move beyond ±20%,r = +24.0%,"kept — genuine move: no corporate action within ±3 days, did not revert; Nifty 50 +6.8% that day",price data
JINDALSTEL,2009-05-18,D_bad_print,daily move beyond ±20%,r = +21.2%,"kept — genuine move: no corporate action within ±3 days, did not revert; Nifty 50 +17.7% that day",price data
JINDALSTEL,2015-02-19,D_bad_print,daily move beyond ±20%,r = +25.7%,"kept — genuine move: no corporate action within ±3 days, did not revert; Nifty 50 +0.3% that day",price data
JINDALSTEL,2020-04-07,D_bad_print,daily move beyond ±20%,r = +28.9%,"kept — genuine move: no corporate action within ±3 days, did not revert; Nifty 50 +8.8% that day",price data
JIOFIN,2026-01-15,E_calendar,row on a non-trading day,date absent from the Nifty 50 trading calendar,dropped,price data
JIOFIN,2026-05-01,E_calendar,row on a non-trading day,date absent from the Nifty 50 trading calendar,dropped,price data
JIOFIN,2026-05-28,E_calendar,row on a non-trading day,date absent from the Nifty 50 trading calendar,dropped,price data
JIOFIN,2026-06-26,E_calendar,row on a non-trading day,date absent from the Nifty 50 trading calendar,dropped,price data
JIOFIN,2026-09-14,E_calendar,row on a non-trading day,date absent from the Nifty 50 trading calendar,dropped,price data
JIOFIN,2026-10-02,E_calendar,row on a non-trading day,date absent from the Nifty 50 trading calendar,dropped,price data
JIOFIN,2023-09-04,C_symbol,Yahoo history before NSE listing,"Yahoo has prices from 2023-08-21, but NSE's bhavcopy first lists JIOFIN on 2023-09-04",dropped Yahoo rows before 2023-09-04,NSE bhavcopies
JIOFIN,2025-03-18,A_split_bonus,Adj Close differs from Yahoo by > 0.5%,max gap 2.58% on 2025-03-18,kept our rebuild — dividends from NSE records rather than Yahoo's,yfinance Adj Close vs our rebuild
JUBLFOOD,2011-05-31,E_calendar,row on a non-trading day,date absent from the Nifty 50 trading calendar,dropped,price data
JUBLFOOD,2011-07-14,E_calendar,row on a non-trading day,date absent from the Nifty 50 trading calendar,dropped,price data
JUBLFOOD,2011-11-24,E_calendar,row on a non-trading day,date absent from the Nifty 50 trading calendar,dropped,price data
JUBLFOOD,2011-12-26,E_calendar,row on a non-trading day,date absent from the Nifty 50 trading calendar,dropped,price data
JUBLFOOD,2012-01-02,E_calendar,row on a non-trading day,date absent from the Nifty 50 trading calendar,dropped,price data
JUBLFOOD,2014-04-24,E_calendar,row on a non-trading day,date absent from the Nifty 50 trading calendar,dropped,price data
JUBLFOOD,2014-10-15,E_calendar,row on a non-trading day,date absent from the Nifty 50 trading calendar,dropped,price data
JUBLFOOD,2026-01-15,E_calendar,row on a non-trading day,date absent from the Nifty 50 trading calendar,dropped,price data
JUBLFOOD,2026-05-01,E_calendar,row on a non-trading day,date absent from the Nifty 50 trading calendar,dropped,price data
JUBLFOOD,2026-05-28,E_calendar,row on a non-trading day,date absent from the Nifty 50 trading calendar,dropped,price data
JUBLFOOD,2026-06-26,E_calendar,row on a non-trading day,date absent from the Nifty 50 trading calendar,dropped,price data
JUBLFOOD,2026-09-14,E_calendar,row on a non-trading day,date absent from the Nifty 50 trading calendar,dropped,price data
JUBLFOOD,2026-10-02,E_calendar,row on a non-trading day,date absent from the Nifty 50 trading calendar,dropped,price data
JUBLFOOD,2018-06-21,A_split_bonus,split/bonus verified,Bonus 1:1; Yahoo 2-for-1; price ratio 0.4982,applied,NSE corporate actions; yfinance action history
JUBLFOOD,2022-04-19,A_split_bonus,split/bonus verified,Face Value Split (Sub-Division) - From Rs 10/- Per Share To Rs 2/- Per Share; Yahoo 5-for-1; price ratio 0.1920,applied,NSE corporate actions; yfinance action history
JUBLFOOD,2025-03-18,A_split_bonus,Adj Close differs from Yahoo by > 0.5%,max gap 1.50% on 2025-03-18,kept our rebuild — dividends from NSE records rather than Yahoo's,yfinance Adj Close vs our rebuild
KEI,2008-11-27,E_calendar,row on a non-trading day,date absent from the Nifty 50 trading calendar,dropped,price data
KEI,2009-04-30,E_calendar,row on a non-trading day,date absent from the Nifty 50 trading calendar,dropped,price data
KEI,2009-10-13,E_calendar,row on a non-trading day,date absent from the Nifty 50 trading calendar,dropped,price data
KEI,2011-05-31,E_calendar,row on a non-trading day,date absent from the Nifty 50 trading calendar,dropped,price data
KEI,2011-07-14,E_calendar,row on a non-trading day,date absent from the Nifty 50 trading calendar,dropped,price data
KEI,2011-11-24,E_calendar,row on a non-trading day,date absent from the Nifty 50 trading calendar,dropped,price data
KEI,2011-12-26,E_calendar,row on a non-trading day,date absent from the Nifty 50 trading calendar,dropped,price data
KEI,2012-01-02,E_calendar,row on a non-trading day,date absent from the Nifty 50 trading calendar,dropped,price data
KEI,2014-04-24,E_calendar,row on a non-trading day,date absent from the Nifty 50 trading calendar,dropped,price data
KEI,2014-10-15,E_calendar,row on a non-trading day,date absent from the Nifty 50 trading calendar,dropped,price data
KEI,2026-01-15,E_calendar,row on a non-trading day,date absent from the Nifty 50 trading calendar,dropped,price data
KEI,2026-05-01,E_calendar,row on a non-trading day,date absent from the Nifty 50 trading calendar,dropped,price data
KEI,2026-05-28,E_calendar,row on a non-trading day,date absent from the Nifty 50 trading calendar,dropped,price data
KEI,2026-06-26,E_calendar,row on a non-trading day,date absent from the Nifty 50 trading calendar,dropped,price data
KEI,2026-09-14,E_calendar,row on a non-trading day,date absent from the Nifty 50 trading calendar,dropped,price data
KEI,2026-10-02,E_calendar,row on a non-trading day,date absent from the Nifty 50 trading calendar,dropped,price data
KEI,2008-03-03,F_integrity,single-day disagreement with NSE,NSE close ÷ Yahoo close = 1.0205 on one checkpoint only,no level change; day kept,NSE bhavcopy 2008-03-03
KEI,2008-12-01,F_integrity,single-day disagreement with NSE,NSE close ÷ Yahoo close = 0.9855 on one checkpoint only,no level change; day kept,NSE bhavcopy 2008-12-01
KEI,2009-03-02,F_integrity,single-day disagreement with NSE,NSE close ÷ Yahoo close = 1.0110 on one checkpoint only,no level change; day kept,NSE bhavcopy 2009-03-02
KEI,2025-03-18,A_split_bonus,Adj Close differs from Yahoo by > 0.5%,max gap 4.54% on 2025-03-18,kept our rebuild — dividends from NSE records rather than Yahoo's,yfinance Adj Close vs our rebuild
KEI,2009-05-04,E_calendar,stale price run,6 identical closes of 12.57 from 2009-05-04 to 2009-05-11,flagged; kept (possible suspension or illiquidity),price data
KEI,2009-08-17,E_calendar,stale price run,5 identical closes of 22.01 from 2009-08-17 to 2009-08-21,flagged; kept (possible suspension or illiquidity),price data
KEI,2008-01-07,D_bad_print,daily move beyond ±20%,r = +20.6%,"kept — genuine move: no corporate action within ±3 days, did not revert; Nifty 50 +0.1% that day",price data
KEI,2025-02-27,D_bad_print,daily move beyond ±20%,r = -21.0%,"kept — genuine move: no corporate action within ±3 days, did not revert; Nifty 50 -0.0% that day",price data
KALYANKJIL,2026-01-15,E_calendar,row on a non-trading day,date absent from the Nifty 50 trading calendar,dropped,price data
KALYANKJIL,2026-05-01,E_calendar,row on a non-trading day,date absent from the Nifty 50 trading calendar,dropped,price data
KALYANKJIL,2026-05-28,E_calendar,row on a non-trading day,date absent from the Nifty 50 trading calendar,dropped,price data
KALYANKJIL,2026-06-26,E_calendar,row on a non-trading day,date absent from the Nifty 50 trading calendar,dropped,price data
KALYANKJIL,2026-09-14,E_calendar,row on a non-trading day,date absent from the Nifty 50 trading calendar,dropped,price data
KALYANKJIL,2026-10-02,E_calendar,row on a non-trading day,date absent from the Nifty 50 trading calendar,dropped,price data
KALYANKJIL,2025-03-18,A_split_bonus,Adj Close differs from Yahoo by > 0.5%,max gap 1.51% on 2025-03-18,kept our rebuild — dividends from NSE records rather than Yahoo's,yfinance Adj Close vs our rebuild
KOTAKBANK,2008-11-27,E_calendar,row on a non-trading day,date absent from the Nifty 50 trading calendar,dropped,price data
KOTAKBANK,2009-04-30,E_calendar,row on a non-trading day,date absent from the Nifty 50 trading calendar,dropped,price data
KOTAKBANK,2009-10-13,E_calendar,row on a non-trading day,date absent from the Nifty 50 trading calendar,dropped,price data
KOTAKBANK,2011-05-31,E_calendar,row on a non-trading day,date absent from the Nifty 50 trading calendar,dropped,price data
KOTAKBANK,2011-07-14,E_calendar,row on a non-trading day,date absent from the Nifty 50 trading calendar,dropped,price data
KOTAKBANK,2011-11-24,E_calendar,row on a non-trading day,date absent from the Nifty 50 trading calendar,dropped,price data
KOTAKBANK,2011-12-26,E_calendar,row on a non-trading day,date absent from the Nifty 50 trading calendar,dropped,price data
KOTAKBANK,2012-01-02,E_calendar,row on a non-trading day,date absent from the Nifty 50 trading calendar,dropped,price data
KOTAKBANK,2014-04-24,E_calendar,row on a non-trading day,date absent from the Nifty 50 trading calendar,dropped,price data
KOTAKBANK,2014-10-15,E_calendar,row on a non-trading day,date absent from the Nifty 50 trading calendar,dropped,price data
KOTAKBANK,2026-01-15,E_calendar,row on a non-trading day,date absent from the Nifty 50 trading calendar,dropped,price data
KOTAKBANK,2026-05-01,E_calendar,row on a non-trading day,date absent from the Nifty 50 trading calendar,dropped,price data
KOTAKBANK,2026-05-28,E_calendar,row on a non-trading day,date absent from the Nifty 50 trading calendar,dropped,price data
KOTAKBANK,2026-06-26,E_calendar,row on a non-trading day,date absent from the Nifty 50 trading calendar,dropped,price data
KOTAKBANK,2026-09-14,E_calendar,row on a non-trading day,date absent from the Nifty 50 trading calendar,dropped,price data
KOTAKBANK,2026-10-02,E_calendar,row on a non-trading day,date absent from the Nifty 50 trading calendar,dropped,price data
KOTAKBANK,2010-09-13,A_split_bonus,split/bonus verified,Face Value Split From Rs.10/- To Rs.5/-; Yahoo 2-for-1; price ratio 0.5259,applied,NSE corporate actions; yfinance action history
KOTAKBANK,2015-07-08,A_split_bonus,split/bonus verified,Bonus 1: 1; Yahoo 2-for-1; price ratio 0.4960,applied,NSE corporate actions; yfinance action history
KOTAKBANK,2026-01-14,A_split_bonus,split/bonus verified,Face Value Split (Sub-Division) - From Rs 5/- Per Share To Re 1/- Per Share; Yahoo 5-for-1; price ratio 0.1974,applied,NSE corporate actions; yfinance action history
KOTAKBANK,2025-03-18,A_split_bonus,Adj Close differs from Yahoo by > 0.5%,max gap 2.05% on 2025-03-18,kept our rebuild — dividends from NSE records rather than Yahoo's,yfinance Adj Close vs our rebuild
KOTAKBANK,2008-10-24,D_bad_print,daily move beyond ±20%,r = -21.0%,"kept — genuine move: no corporate action within ±3 days, did not revert; Nifty 50 -12.2% that day",price data
LTF,2011-11-24,E_calendar,row on a non-trading day,date absent from the Nifty 50 trading calendar,dropped,price data
LTF,2011-12-26,E_calendar,row on a non-trading day,date absent from the Nifty 50 trading calendar,dropped,price data
LTF,2012-01-02,E_calendar,row on a non-trading day,date absent from the Nifty 50 trading calendar,dropped,price data
LTF,2014-04-24,E_calendar,row on a non-trading day,date absent from the Nifty 50 trading calendar,dropped,price data
LTF,2014-10-15,E_calendar,row on a non-trading day,date absent from the Nifty 50 trading calendar,dropped,price data
LTF,2026-01-15,E_calendar,row on a non-trading day,date absent from the Nifty 50 trading calendar,dropped,price data
LTF,2026-05-01,E_calendar,row on a non-trading day,date absent from the Nifty 50 trading calendar,dropped,price data
LTF,2026-05-28,E_calendar,row on a non-trading day,date absent from the Nifty 50 trading calendar,dropped,price data
LTF,2026-06-26,E_calendar,row on a non-trading day,date absent from the Nifty 50 trading calendar,dropped,price data
LTF,2026-09-14,E_calendar,row on a non-trading day,date absent from the Nifty 50 trading calendar,dropped,price data
LTF,2026-10-02,E_calendar,row on a non-trading day,date absent from the Nifty 50 trading calendar,dropped,price data
LTF,2021-01-21,A_split_bonus,Yahoo price level inconsistent with NSE,NSE close ÷ Yahoo close steps from 1.0751 to 1.0000 (Yahoo applied an unrecorded factor 1.0751 to earlier prices). NSE actions: Rights 17:74@ Premium Rs 55 Per Share,rescaled Yahoo's history to NSE's official closes; adjustment rebuilt from NSE actions below,NSE bhavcopies (bisection to 2021-01-21)
LTF,2021-01-21,A_split_bonus,rights issue adjusted,Rights 17:74@ Premium Rs 55 Per Share; cum-rights close ₹103.85; subscription ₹65.00; factor 0.9301,pre-event history multiplied by the theoretical ex-rights factor,NSE corporate actions (Rights 17:74@ Premium Rs 55 Per Share)
LTF,2025-03-18,A_split_bonus,Adj Close differs from Yahoo by > 0.5%,max gap 1.75% on 2025-03-18,kept our rebuild — 1 Yahoo level error(s) corrected against NSE; demerger handled differently from Yahoo; dividends from NSE records rather than Yahoo's,yfinance Adj Close vs our rebuild
LTF,2012-11-15,D_bad_print,daily move beyond ±20%,r = +20.3%,"kept — genuine move: no corporate action within ±3 days, did not revert; Nifty 50 -0.9% that day",price data
LGEINDIA,2026-01-15,E_calendar,row on a non-trading day,date absent from the Nifty 50 trading calendar,dropped,price data
LGEINDIA,2026-05-01,E_calendar,row on a non-trading day,date absent from the Nifty 50 trading calendar,dropped,price data
LGEINDIA,2026-05-28,E_calendar,row on a non-trading day,date absent from the Nifty 50 trading calendar,dropped,price data
LGEINDIA,2026-06-26,E_calendar,row on a non-trading day,date absent from the Nifty 50 trading calendar,dropped,price data
LGEINDIA,2026-09-14,E_calendar,row on a non-trading day,date absent from the Nifty 50 trading calendar,dropped,price data
LGEINDIA,2026-10-02,E_calendar,row on a non-trading day,date absent from the Nifty 50 trading calendar,dropped,price data
LICHSGFIN,2008-11-27,E_calendar,row on a non-trading day,date absent from the Nifty 50 trading calendar,dropped,price data
LICHSGFIN,2009-04-30,E_calendar,row on a non-trading day,date absent from the Nifty 50 trading calendar,dropped,price data
LICHSGFIN,2009-10-13,E_calendar,row on a non-trading day,date absent from the Nifty 50 trading calendar,dropped,price data
LICHSGFIN,2011-05-31,E_calendar,row on a non-trading day,date absent from the Nifty 50 trading calendar,dropped,price data
LICHSGFIN,2011-07-14,E_calendar,row on a non-trading day,date absent from the Nifty 50 trading calendar,dropped,price data
LICHSGFIN,2011-11-24,E_calendar,row on a non-trading day,date absent from the Nifty 50 trading calendar,dropped,price data
LICHSGFIN,2011-12-26,E_calendar,row on a non-trading day,date absent from the Nifty 50 trading calendar,dropped,price data
LICHSGFIN,2012-01-02,E_calendar,row on a non-trading day,date absent from the Nifty 50 trading calendar,dropped,price data
LICHSGFIN,2014-04-24,E_calendar,row on a non-trading day,date absent from the Nifty 50 trading calendar,dropped,price data
LICHSGFIN,2014-10-15,E_calendar,row on a non-trading day,date absent from the Nifty 50 trading calendar,dropped,price data
LICHSGFIN,2026-01-15,E_calendar,row on a non-trading day,date absent from the Nifty 50 trading calendar,dropped,price data
LICHSGFIN,2026-05-01,E_calendar,row on a non-trading day,date absent from the Nifty 50 trading calendar,dropped,price data
LICHSGFIN,2026-05-28,E_calendar,row on a non-trading day,date absent from the Nifty 50 trading calendar,dropped,price data
LICHSGFIN,2026-06-26,E_calendar,row on a non-trading day,date absent from the Nifty 50 trading calendar,dropped,price data
LICHSGFIN,2026-09-14,E_calendar,row on a non-trading day,date absent from the Nifty 50 trading calendar,dropped,price data
LICHSGFIN,2026-10-02,E_calendar,row on a non-trading day,date absent from the Nifty 50 trading calendar,dropped,price data
LICHSGFIN,2010-12-30,A_split_bonus,split/bonus verified,Face Value Split From Rs.10/- To Rs.2/-; Yahoo 5-for-1; price ratio 0.2036,applied,NSE corporate actions; yfinance action history
LICHSGFIN,2025-03-18,A_split_bonus,Adj Close differs from Yahoo by > 0.5%,max gap 3.67% on 2025-03-18,kept our rebuild — dividends from NSE records rather than Yahoo's,yfinance Adj Close vs our rebuild
LICHSGFIN,2007-10-29,D_bad_print,daily move beyond ±20%,r = +32.9%,"kept — genuine move: no corporate action within ±3 days, did not revert; Nifty 50 +3.6% that day",price data
LICHSGFIN,2008-12-03,D_bad_print,daily move beyond ±20%,r = +21.0%,"kept — genuine move: no corporate action within ±3 days, did not revert; Nifty 50 -0.1% that day",price data
LTM,2026-01-15,E_calendar,row on a non-trading day,date absent from the Nifty 50 trading calendar,dropped,price data
LTM,2026-05-01,E_calendar,row on a non-trading day,date absent from the Nifty 50 trading calendar,dropped,price data
LTM,2026-05-28,E_calendar,row on a non-trading day,date absent from the Nifty 50 trading calendar,dropped,price data
LTM,2026-06-26,E_calendar,row on a non-trading day,date absent from the Nifty 50 trading calendar,dropped,price data
LTM,2026-09-14,E_calendar,row on a non-trading day,date absent from the Nifty 50 trading calendar,dropped,price data
LTM,2026-10-02,E_calendar,row on a non-trading day,date absent from the Nifty 50 trading calendar,dropped,price data
LTM,2022-12-01,F_integrity,single-day disagreement with NSE,NSE close ÷ Yahoo close = 1.0355 on one checkpoint only,no level change; day kept,NSE bhavcopy 2022-12-01
LTM,2025-03-18,A_split_bonus,Adj Close differs from Yahoo by > 0.5%,max gap 1.97% on 2025-03-18,kept our rebuild — dividends from NSE records rather than Yahoo's,yfinance Adj Close vs our rebuild
LT,2008-11-27,E_calendar,row on a non-trading day,date absent from the Nifty 50 trading calendar,dropped,price data
LT,2009-04-30,E_calendar,row on a non-trading day,date absent from the Nifty 50 trading calendar,dropped,price data
LT,2009-10-13,E_calendar,row on a non-trading day,date absent from the Nifty 50 trading calendar,dropped,price data
LT,2011-05-31,E_calendar,row on a non-trading day,date absent from the Nifty 50 trading calendar,dropped,price data
LT,2011-07-14,E_calendar,row on a non-trading day,date absent from the Nifty 50 trading calendar,dropped,price data
LT,2011-11-24,E_calendar,row on a non-trading day,date absent from the Nifty 50 trading calendar,dropped,price data
LT,2011-12-26,E_calendar,row on a non-trading day,date absent from the Nifty 50 trading calendar,dropped,price data
LT,2012-01-02,E_calendar,row on a non-trading day,date absent from the Nifty 50 trading calendar,dropped,price data
LT,2014-04-24,E_calendar,row on a non-trading day,date absent from the Nifty 50 trading calendar,dropped,price data
LT,2014-10-15,E_calendar,row on a non-trading day,date absent from the Nifty 50 trading calendar,dropped,price data
LT,2026-01-15,E_calendar,row on a non-trading day,date absent from the Nifty 50 trading calendar,dropped,price data
LT,2026-05-01,E_calendar,row on a non-trading day,date absent from the Nifty 50 trading calendar,dropped,price data
LT,2026-05-28,E_calendar,row on a non-trading day,date absent from the Nifty 50 trading calendar,dropped,price data
LT,2026-06-26,E_calendar,row on a non-trading day,date absent from the Nifty 50 trading calendar,dropped,price data
LT,2026-09-14,E_calendar,row on a non-trading day,date absent from the Nifty 50 trading calendar,dropped,price data
LT,2026-10-02,E_calendar,row on a non-trading day,date absent from the Nifty 50 trading calendar,dropped,price data
LT,2008-10-01,A_split_bonus,split/bonus verified,Bonus 1:1; Yahoo 2-for-1; price ratio 0.4971,applied,NSE corporate actions; yfinance action history
LT,2013-07-11,A_split_bonus,split/bonus verified,Bonus 1:2; Yahoo 1.5-for-1; price ratio 0.6825,applied,NSE corporate actions; yfinance action history
LT,2017-07-13,A_split_bonus,split/bonus verified,Bonus 1:2; Yahoo 1.5-for-1; price ratio 0.6755,applied,NSE corporate actions; yfinance action history
LT,2025-03-18,A_split_bonus,Adj Close differs from Yahoo by > 0.5%,max gap 3.06% on 2025-03-18,kept our rebuild — dividends from NSE records rather than Yahoo's,yfinance Adj Close vs our rebuild
LT,2009-05-18,D_bad_print,daily move beyond ±20%,r = +24.5%,"kept — genuine move: no corporate action within ±3 days, did not revert; Nifty 50 +17.7% that day",price data
LAURUSLABS,2026-01-15,E_calendar,row on a non-trading day,date absent from the Nifty 50 trading calendar,dropped,price data
LAURUSLABS,2026-05-01,E_calendar,row on a non-trading day,date absent from the Nifty 50 trading calendar,dropped,price data
LAURUSLABS,2026-05-28,E_calendar,row on a non-trading day,date absent from the Nifty 50 trading calendar,dropped,price data
LAURUSLABS,2026-06-26,E_calendar,row on a non-trading day,date absent from the Nifty 50 trading calendar,dropped,price data
LAURUSLABS,2026-09-14,E_calendar,row on a non-trading day,date absent from the Nifty 50 trading calendar,dropped,price data
LAURUSLABS,2026-10-02,E_calendar,row on a non-trading day,date absent from the Nifty 50 trading calendar,dropped,price data
LAURUSLABS,2020-09-29,A_split_bonus,split/bonus verified,Face Value Split (Sub-Division) - From Rs 10/- Per Share To Rs 2/- Per Share; Yahoo 5-for-1; price ratio 0.1980,applied,NSE corporate actions; yfinance action history
LAURUSLABS,2025-03-18,A_split_bonus,Adj Close differs from Yahoo by > 0.5%,max gap 1.00% on 2025-03-18,kept our rebuild — dividends from NSE records rather than Yahoo's,yfinance Adj Close vs our rebuild
LENSKART,2026-01-15,E_calendar,row on a non-trading day,date absent from the Nifty 50 trading calendar,dropped,price data
LENSKART,2026-05-01,E_calendar,row on a non-trading day,date absent from the Nifty 50 trading calendar,dropped,price data
LENSKART,2026-05-28,E_calendar,row on a non-trading day,date absent from the Nifty 50 trading calendar,dropped,price data
LENSKART,2026-06-26,E_calendar,row on a non-trading day,date absent from the Nifty 50 trading calendar,dropped,price data
LENSKART,2026-09-14,E_calendar,row on a non-trading day,date absent from the Nifty 50 trading calendar,dropped,price data
LENSKART,2026-10-02,E_calendar,row on a non-trading day,date absent from the Nifty 50 trading calendar,dropped,price data
LICI,2026-01-15,E_calendar,row on a non-trading day,date absent from the Nifty 50 trading calendar,dropped,price data
LICI,2026-05-01,E_calendar,row on a non-trading day,date absent from the Nifty 50 trading calendar,dropped,price data
LICI,2026-05-28,E_calendar,row on a non-trading day,date absent from the Nifty 50 trading calendar,dropped,price data
LICI,2026-06-26,E_calendar,row on a non-trading day,date absent from the Nifty 50 trading calendar,dropped,price data
LICI,2026-09-14,E_calendar,row on a non-trading day,date absent from the Nifty 50 trading calendar,dropped,price data
LICI,2026-10-02,E_calendar,row on a non-trading day,date absent from the Nifty 50 trading calendar,dropped,price data
LICI,2026-05-29,A_split_bonus,split/bonus verified,Bonus 1:1; Yahoo 2-for-1; price ratio 0.4956,applied,NSE corporate actions; yfinance action history
LICI,2025-03-18,A_split_bonus,Adj Close differs from Yahoo by > 0.5%,max gap 1.61% on 2025-03-18,kept our rebuild — dividends from NSE records rather than Yahoo's,yfinance Adj Close vs our rebuild
LODHA,2026-01-15,E_calendar,row on a non-trading day,date absent from the Nifty 50 trading calendar,dropped,price data
LODHA,2026-05-01,E_calendar,row on a non-trading day,date absent from the Nifty 50 trading calendar,dropped,price data
LODHA,2026-05-28,E_calendar,row on a non-trading day,date absent from the Nifty 50 trading calendar,dropped,price data
LODHA,2026-06-26,E_calendar,row on a non-trading day,date absent from the Nifty 50 trading calendar,dropped,price data
LODHA,2026-09-14,E_calendar,row on a non-trading day,date absent from the Nifty 50 trading calendar,dropped,price data
LODHA,2026-10-02,E_calendar,row on a non-trading day,date absent from the Nifty 50 trading calendar,dropped,price data
LODHA,2023-05-31,A_split_bonus,split/bonus verified,Bonus 1:1; Yahoo 2-for-1; price ratio 0.5190,applied,NSE corporate actions; yfinance action history
LODHA,2025-03-18,A_split_bonus,Adj Close differs from Yahoo by > 0.5%,max gap 4.52% on 2025-03-18,kept our rebuild — dividends from NSE records rather than Yahoo's,yfinance Adj Close vs our rebuild
LUPIN,2008-11-27,E_calendar,row on a non-trading day,date absent from the Nifty 50 trading calendar,dropped,price data
LUPIN,2009-04-30,E_calendar,row on a non-trading day,date absent from the Nifty 50 trading calendar,dropped,price data
LUPIN,2009-10-13,E_calendar,row on a non-trading day,date absent from the Nifty 50 trading calendar,dropped,price data
LUPIN,2011-05-31,E_calendar,row on a non-trading day,date absent from the Nifty 50 trading calendar,dropped,price data
LUPIN,2011-07-14,E_calendar,row on a non-trading day,date absent from the Nifty 50 trading calendar,dropped,price data
LUPIN,2011-11-24,E_calendar,row on a non-trading day,date absent from the Nifty 50 trading calendar,dropped,price data
LUPIN,2011-12-26,E_calendar,row on a non-trading day,date absent from the Nifty 50 trading calendar,dropped,price data
LUPIN,2012-01-02,E_calendar,row on a non-trading day,date absent from the Nifty 50 trading calendar,dropped,price data
LUPIN,2014-04-24,E_calendar,row on a non-trading day,date absent from the Nifty 50 trading calendar,dropped,price data
LUPIN,2014-10-15,E_calendar,row on a non-trading day,date absent from the Nifty 50 trading calendar,dropped,price data
LUPIN,2026-01-15,E_calendar,row on a non-trading day,date absent from the Nifty 50 trading calendar,dropped,price data
LUPIN,2026-05-01,E_calendar,row on a non-trading day,date absent from the Nifty 50 trading calendar,dropped,price data
LUPIN,2026-05-28,E_calendar,row on a non-trading day,date absent from the Nifty 50 trading calendar,dropped,price data
LUPIN,2026-06-26,E_calendar,row on a non-trading day,date absent from the Nifty 50 trading calendar,dropped,price data
LUPIN,2026-09-14,E_calendar,row on a non-trading day,date absent from the Nifty 50 trading calendar,dropped,price data
LUPIN,2010-08-27,A_split_bonus,split/bonus verified,Face Value Split From Rs.10/- To Rs.2/-; Yahoo 5-for-1; price ratio 0.1997,applied,NSE corporate actions; yfinance action history
LUPIN,2025-03-18,A_split_bonus,Adj Close differs from Yahoo by > 0.5%,max gap 2.15% on 2025-03-18,kept our rebuild — dividends from NSE records rather than Yahoo's,yfinance Adj Close vs our rebuild
MRF,2008-11-27,E_calendar,row on a non-trading day,date absent from the Nifty 50 trading calendar,dropped,price data
MRF,2009-04-30,E_calendar,row on a non-trading day,date absent from the Nifty 50 trading calendar,dropped,price data
MRF,2009-10-13,E_calendar,row on a non-trading day,date absent from the Nifty 50 trading calendar,dropped,price data
MRF,2011-05-31,E_calendar,row on a non-trading day,date absent from the Nifty 50 trading calendar,dropped,price data
MRF,2011-07-14,E_calendar,row on a non-trading day,date absent from the Nifty 50 trading calendar,dropped,price data
MRF,2011-11-24,E_calendar,row on a non-trading day,date absent from the Nifty 50 trading calendar,dropped,price data
MRF,2011-12-26,E_calendar,row on a non-trading day,date absent from the Nifty 50 trading calendar,dropped,price data
MRF,2012-01-02,E_calendar,row on a non-trading day,date absent from the Nifty 50 trading calendar,dropped,price data
MRF,2014-04-24,E_calendar,row on a non-trading day,date absent from the Nifty 50 trading calendar,dropped,price data
MRF,2014-10-15,E_calendar,row on a non-trading day,date absent from the Nifty 50 trading calendar,dropped,price data
MRF,2026-05-01,E_calendar,row on a non-trading day,date absent from the Nifty 50 trading calendar,dropped,price data
MRF,2026-05-28,E_calendar,row on a non-trading day,date absent from the Nifty 50 trading calendar,dropped,price data
MRF,2026-06-26,E_calendar,row on a non-trading day,date absent from the Nifty 50 trading calendar,dropped,price data
MRF,2026-09-14,E_calendar,row on a non-trading day,date absent from the Nifty 50 trading calendar,dropped,price data
MRF,2025-03-18,A_split_bonus,Adj Close differs from Yahoo by > 0.5%,max gap 2.30% on 2025-03-18,kept our rebuild — dividends from NSE records rather than Yahoo's,yfinance Adj Close vs our rebuild
MRF,2007-10-29,D_bad_print,daily move beyond ±20%,r = +20.0%,"kept — genuine move: no corporate action within ±3 days, did not revert; Nifty 50 +3.6% that day",price data
M&MFIN,2008-11-27,E_calendar,row on a non-trading day,date absent from the Nifty 50 trading calendar,dropped,price data
M&MFIN,2009-04-30,E_calendar,row on a non-trading day,date absent from the Nifty 50 trading calendar,dropped,price data
M&MFIN,2009-10-13,E_calendar,row on a non-trading day,date absent from the Nifty 50 trading calendar,dropped,price data
M&MFIN,2011-05-31,E_calendar,row on a non-trading day,date absent from the Nifty 50 trading calendar,dropped,price data
M&MFIN,2011-07-14,E_calendar,row on a non-trading day,date absent from the Nifty 50 trading calendar,dropped,price data
M&MFIN,2011-11-24,E_calendar,row on a non-trading day,date absent from the Nifty 50 trading calendar,dropped,price data
M&MFIN,2011-12-26,E_calendar,row on a non-trading day,date absent from the Nifty 50 trading calendar,dropped,price data
M&MFIN,2012-01-02,E_calendar,row on a non-trading day,date absent from the Nifty 50 trading calendar,dropped,price data
M&MFIN,2014-04-24,E_calendar,row on a non-trading day,date absent from the Nifty 50 trading calendar,dropped,price data
M&MFIN,2014-10-15,E_calendar,row on a non-trading day,date absent from the Nifty 50 trading calendar,dropped,price data
M&MFIN,2026-01-15,E_calendar,row on a non-trading day,date absent from the Nifty 50 trading calendar,dropped,price data
M&MFIN,2026-05-01,E_calendar,row on a non-trading day,date absent from the Nifty 50 trading calendar,dropped,price data
M&MFIN,2026-05-28,E_calendar,row on a non-trading day,date absent from the Nifty 50 trading calendar,dropped,price data
M&MFIN,2026-06-26,E_calendar,row on a non-trading day,date absent from the Nifty 50 trading calendar,dropped,price data
M&MFIN,2026-09-14,E_calendar,row on a non-trading day,date absent from the Nifty 50 trading calendar,dropped,price data
M&MFIN,2026-10-02,E_calendar,row on a non-trading day,date absent from the Nifty 50 trading calendar,dropped,price data
M&MFIN,2020-07-22,A_split_bonus,Yahoo price level inconsistent with NSE,NSE close ÷ Yahoo close steps from 1.6402 to 1.0000 (Yahoo applied an unrecorded factor 1.6402 to earlier prices). NSE actions: Rights 1:1 @ Premium Rs 48/-,rescaled Yahoo's history to NSE's official closes; adjustment rebuilt from NSE actions below,NSE bhavcopies (bisection to 2020-07-22)
M&MFIN,2013-02-15,A_split_bonus,split/bonus verified,Face Value Split Rs 10 To Rs 2; Yahoo 5-for-1; price ratio 0.2000,applied,NSE corporate actions; yfinance action history
M&MFIN,2020-07-22,A_split_bonus,rights issue adjusted,Rights 1:1 @ Premium Rs 48/-; cum-rights close ₹227.90; subscription ₹50.00; factor 0.6097,pre-event history multiplied by the theoretical ex-rights factor,NSE corporate actions (Rights 1:1 @ Premium Rs 48/-)
M&MFIN,2025-05-14,A_split_bonus,rights issue adjusted,Rights 1:8 @ Premium Rs 192/-; cum-rights close ₹249.38; subscription ₹194.00; factor 0.9753,pre-event history multiplied by the theoretical ex-rights factor,NSE corporate actions (Rights 1:8 @ Premium Rs 192/-)
M&MFIN,2009-02-04,A_split_bonus,Adj Close differs from Yahoo by > 0.5%,max gap 3.05% on 2009-02-04,kept our rebuild — 1 Yahoo level error(s) corrected against NSE; demerger handled differently from Yahoo; dividends from NSE records rather than Yahoo's,yfinance Adj Close vs our rebuild
M&MFIN,2020-03-23,D_bad_print,daily move beyond ±20%,r = -28.6%,"kept — genuine move: no corporate action within ±3 days, did not revert; Nifty 50 -13.0% that day",price data
M&M,2008-11-27,E_calendar,row on a non-trading day,date absent from the Nifty 50 trading calendar,dropped,price data
M&M,2009-04-30,E_calendar,row on a non-trading day,date absent from the Nifty 50 trading calendar,dropped,price data
M&M,2009-10-13,E_calendar,row on a non-trading day,date absent from the Nifty 50 trading calendar,dropped,price data
M&M,2011-05-31,E_calendar,row on a non-trading day,date absent from the Nifty 50 trading calendar,dropped,price data
M&M,2011-07-14,E_calendar,row on a non-trading day,date absent from the Nifty 50 trading calendar,dropped,price data
M&M,2011-11-24,E_calendar,row on a non-trading day,date absent from the Nifty 50 trading calendar,dropped,price data
M&M,2011-12-26,E_calendar,row on a non-trading day,date absent from the Nifty 50 trading calendar,dropped,price data
M&M,2012-01-02,E_calendar,row on a non-trading day,date absent from the Nifty 50 trading calendar,dropped,price data
M&M,2014-04-24,E_calendar,row on a non-trading day,date absent from the Nifty 50 trading calendar,dropped,price data
M&M,2014-10-15,E_calendar,row on a non-trading day,date absent from the Nifty 50 trading calendar,dropped,price data
M&M,2026-01-15,E_calendar,row on a non-trading day,date absent from the Nifty 50 trading calendar,dropped,price data
M&M,2026-05-01,E_calendar,row on a non-trading day,date absent from the Nifty 50 trading calendar,dropped,price data
M&M,2026-05-28,E_calendar,row on a non-trading day,date absent from the Nifty 50 trading calendar,dropped,price data
M&M,2026-06-26,E_calendar,row on a non-trading day,date absent from the Nifty 50 trading calendar,dropped,price data
M&M,2026-09-14,E_calendar,row on a non-trading day,date absent from the Nifty 50 trading calendar,dropped,price data
M&M,2026-10-02,E_calendar,row on a non-trading day,date absent from the Nifty 50 trading calendar,dropped,price data
M&M,2010-03-29,A_split_bonus,split/bonus verified,Fv Split Rs.10 To Rs.5; Yahoo 2-for-1; price ratio 0.5122,applied,NSE corporate actions; yfinance action history
M&M,2017-12-21,A_split_bonus,split/bonus verified,Bonus 1:1; Yahoo 2-for-1; price ratio 0.4814,applied,NSE corporate actions; yfinance action history
M&M,2025-03-18,A_split_bonus,Adj Close differs from Yahoo by > 0.5%,max gap 3.19% on 2025-03-18,kept our rebuild — dividends from NSE records rather than Yahoo's,yfinance Adj Close vs our rebuild
M&M,2008-10-29,D_bad_print,daily move beyond ±20%,r = +20.4%,"kept — genuine move: no corporate action within ±3 days, did not revert; Nifty 50 +6.8% that day",price data
M&M,2008-10-31,D_bad_print,daily move beyond ±20%,r = +24.0%,"kept — genuine move: no corporate action within ±3 days, did not revert; Nifty 50 +7.0% that day",price data
M&M,2009-05-18,D_bad_print,daily move beyond ±20%,r = +23.9%,"kept — genuine move: no corporate action within ±3 days, did not revert; Nifty 50 +17.7% that day",price data
MANKIND,2026-01-15,E_calendar,row on a non-trading day,date absent from the Nifty 50 trading calendar,dropped,price data
MANKIND,2026-05-28,E_calendar,row on a non-trading day,date absent from the Nifty 50 trading calendar,dropped,price data
MANKIND,2026-06-26,E_calendar,row on a non-trading day,date absent from the Nifty 50 trading calendar,dropped,price data
MANKIND,2026-09-14,E_calendar,row on a non-trading day,date absent from the Nifty 50 trading calendar,dropped,price data
MANKIND,2026-10-02,E_calendar,row on a non-trading day,date absent from the Nifty 50 trading calendar,dropped,price data
MANKIND,2025-03-18,A_split_bonus,Adj Close differs from Yahoo by > 0.5%,max gap 1.16% on 2025-03-18,kept our rebuild — dividends from NSE records rather than Yahoo's,yfinance Adj Close vs our rebuild
MARICO,2008-11-27,E_calendar,row on a non-trading day,date absent from the Nifty 50 trading calendar,dropped,price data
MARICO,2009-04-30,E_calendar,row on a non-trading day,date absent from the Nifty 50 trading calendar,dropped,price data
MARICO,2009-10-13,E_calendar,row on a non-trading day,date absent from the Nifty 50 trading calendar,dropped,price data
MARICO,2011-05-31,E_calendar,row on a non-trading day,date absent from the Nifty 50 trading calendar,dropped,price data
MARICO,2011-07-14,E_calendar,row on a non-trading day,date absent from the Nifty 50 trading calendar,dropped,price data
MARICO,2011-11-24,E_calendar,row on a non-trading day,date absent from the Nifty 50 trading calendar,dropped,price data
MARICO,2011-12-26,E_calendar,row on a non-trading day,date absent from the Nifty 50 trading calendar,dropped,price data
MARICO,2012-01-02,E_calendar,row on a non-trading day,date absent from the Nifty 50 trading calendar,dropped,price data
MARICO,2014-04-24,E_calendar,row on a non-trading day,date absent from the Nifty 50 trading calendar,dropped,price data
MARICO,2014-10-15,E_calendar,row on a non-trading day,date absent from the Nifty 50 trading calendar,dropped,price data
MARICO,2026-01-15,E_calendar,row on a non-trading day,date absent from the Nifty 50 trading calendar,dropped,price data
MARICO,2026-05-01,E_calendar,row on a non-trading day,date absent from the Nifty 50 trading calendar,dropped,price data
MARICO,2026-05-28,E_calendar,row on a non-trading day,date absent from the Nifty 50 trading calendar,dropped,price data
MARICO,2026-06-26,E_calendar,row on a non-trading day,date absent from the Nifty 50 trading calendar,dropped,price data
MARICO,2026-09-14,E_calendar,row on a non-trading day,date absent from the Nifty 50 trading calendar,dropped,price data
MARICO,2026-10-02,E_calendar,row on a non-trading day,date absent from the Nifty 50 trading calendar,dropped,price data
MARICO,2015-12-22,A_split_bonus,split/bonus verified,Bonus 1:1; Yahoo 2-for-1; price ratio 0.4778,applied,NSE corporate actions; yfinance action history
MARICO,2013-11-01,B_demerger,demerger: no price impact,one-day price ratio 0.9976 (-0.4% vs Nifty 50),no adjustment,NSE corporate actions (Scheme Of Arrangement And First Interim Dividend)
MARICO,2025-03-18,A_split_bonus,Adj Close differs from Yahoo by > 0.5%,max gap 2.27% on 2025-03-18,kept our rebuild — dividends from NSE records rather than Yahoo's,yfinance Adj Close vs our rebuild
MARUTI,2008-11-27,E_calendar,row on a non-trading day,date absent from the Nifty 50 trading calendar,dropped,price data
MARUTI,2009-04-30,E_calendar,row on a non-trading day,date absent from the Nifty 50 trading calendar,dropped,price data
MARUTI,2009-10-13,E_calendar,row on a non-trading day,date absent from the Nifty 50 trading calendar,dropped,price data
MARUTI,2011-05-31,E_calendar,row on a non-trading day,date absent from the Nifty 50 trading calendar,dropped,price data
MARUTI,2011-07-14,E_calendar,row on a non-trading day,date absent from the Nifty 50 trading calendar,dropped,price data
MARUTI,2011-11-24,E_calendar,row on a non-trading day,date absent from the Nifty 50 trading calendar,dropped,price data
MARUTI,2011-12-26,E_calendar,row on a non-trading day,date absent from the Nifty 50 trading calendar,dropped,price data
MARUTI,2012-01-02,E_calendar,row on a non-trading day,date absent from the Nifty 50 trading calendar,dropped,price data
MARUTI,2014-04-24,E_calendar,row on a non-trading day,date absent from the Nifty 50 trading calendar,dropped,price data
MARUTI,2014-10-15,E_calendar,row on a non-trading day,date absent from the Nifty 50 trading calendar,dropped,price data
MARUTI,2026-01-15,E_calendar,row on a non-trading day,date absent from the Nifty 50 trading calendar,dropped,price data
MARUTI,2026-05-01,E_calendar,row on a non-trading day,date absent from the Nifty 50 trading calendar,dropped,price data
MARUTI,2026-05-28,E_calendar,row on a non-trading day,date absent from the Nifty 50 trading calendar,dropped,price data
MARUTI,2026-06-26,E_calendar,row on a non-trading day,date absent from the Nifty 50 trading calendar,dropped,price data
MARUTI,2026-09-14,E_calendar,row on a non-trading day,date absent from the Nifty 50 trading calendar,dropped,price data
MARUTI,2026-10-02,E_calendar,row on a non-trading day,date absent from the Nifty 50 trading calendar,dropped,price data
MARUTI,2025-03-18,A_split_bonus,Adj Close differs from Yahoo by > 0.5%,max gap 1.39% on 2025-03-18,kept our rebuild — dividends from NSE records rather than Yahoo's,yfinance Adj Close vs our rebuild
MFSL,2008-11-27,E_calendar,row on a non-trading day,date absent from the Nifty 50 trading calendar,dropped,price data
MFSL,2009-04-30,E_calendar,row on a non-trading day,date absent from the Nifty 50 trading calendar,dropped,price data
MFSL,2009-10-13,E_calendar,row on a non-trading day,date absent from the Nifty 50 trading calendar,dropped,price data
MFSL,2011-05-31,E_calendar,row on a non-trading day,date absent from the Nifty 50 trading calendar,dropped,price data
MFSL,2011-07-14,E_calendar,row on a non-trading day,date absent from the Nifty 50 trading calendar,dropped,price data
MFSL,2011-11-24,E_calendar,row on a non-trading day,date absent from the Nifty 50 trading calendar,dropped,price data
MFSL,2011-12-26,E_calendar,row on a non-trading day,date absent from the Nifty 50 trading calendar,dropped,price data
MFSL,2012-01-02,E_calendar,row on a non-trading day,date absent from the Nifty 50 trading calendar,dropped,price data
MFSL,2014-04-24,E_calendar,row on a non-trading day,date absent from the Nifty 50 trading calendar,dropped,price data
MFSL,2014-10-15,E_calendar,row on a non-trading day,date absent from the Nifty 50 trading calendar,dropped,price data
MFSL,2026-01-15,E_calendar,row on a non-trading day,date absent from the Nifty 50 trading calendar,dropped,price data
MFSL,2026-05-01,E_calendar,row on a non-trading day,date absent from the Nifty 50 trading calendar,dropped,price data
MFSL,2026-05-28,E_calendar,row on a non-trading day,date absent from the Nifty 50 trading calendar,dropped,price data
MFSL,2026-06-26,E_calendar,row on a non-trading day,date absent from the Nifty 50 trading calendar,dropped,price data
MFSL,2026-09-14,E_calendar,row on a non-trading day,date absent from the Nifty 50 trading calendar,dropped,price data
MFSL,2016-01-27,B_demerger,demerger: no official ratio found,"one-day price ratio 0.7392, -26.1% vs Nifty 50","dropped that single day's return (missing, not a loss)",NSE corporate actions (Scheme Of Arrangement)
MFSL,2011-03-08,A_split_bonus,Adj Close differs from Yahoo by > 0.5%,max gap 26.08% on 2011-03-08,kept our rebuild — demerger handled differently from Yahoo; dividends from NSE records rather than Yahoo's,yfinance Adj Close vs our rebuild
MFSL,2020-03-23,D_bad_print,daily move beyond ±20%,r = -29.2%,"kept — genuine move: no corporate action within ±3 days, did not revert; Nifty 50 -13.0% that day",price data
MFSL,2020-03-26,D_bad_print,daily move beyond ±20%,r = +20.2%,"kept — genuine move: no corporate action within ±3 days, did not revert; Nifty 50 +3.9% that day",price data
MAXHEALTH,2026-01-15,E_calendar,row on a non-trading day,date absent from the Nifty 50 trading calendar,dropped,price data
MAXHEALTH,2026-05-01,E_calendar,row on a non-trading day,date absent from the Nifty 50 trading calendar,dropped,price data
MAXHEALTH,2026-05-28,E_calendar,row on a non-trading day,date absent from the Nifty 50 trading calendar,dropped,price data
MAXHEALTH,2026-06-26,E_calendar,row on a non-trading day,date absent from the Nifty 50 trading calendar,dropped,price data
MAXHEALTH,2026-09-14,E_calendar,row on a non-trading day,date absent from the Nifty 50 trading calendar,dropped,price data
MAXHEALTH,2026-10-02,E_calendar,row on a non-trading day,date absent from the Nifty 50 trading calendar,dropped,price data
MAXHEALTH,2020-09-04,C_symbol,Yahoo history before NSE listing,"Yahoo has prices from 2020-08-21, but NSE's bhavcopy first lists MAXHEALTH on 2020-09-04",dropped Yahoo rows before 2020-09-04,NSE bhavcopies
MAXHEALTH,2025-03-18,A_split_bonus,Adj Close differs from Yahoo by > 0.5%,max gap 1.91% on 2025-03-18,kept our rebuild — dividends from NSE records rather than Yahoo's,yfinance Adj Close vs our rebuild
MAZDOCK,2026-01-15,E_calendar,row on a non-trading day,date absent from the Nifty 50 trading calendar,dropped,price data
MAZDOCK,2026-05-01,E_calendar,row on a non-trading day,date absent from the Nifty 50 trading calendar,dropped,price data
MAZDOCK,2026-05-28,E_calendar,row on a non-trading day,date absent from the Nifty 50 trading calendar,dropped,price data
MAZDOCK,2026-06-26,E_calendar,row on a non-trading day,date absent from the Nifty 50 trading calendar,dropped,price data
MAZDOCK,2026-09-14,E_calendar,row on a non-trading day,date absent from the Nifty 50 trading calendar,dropped,price data
MAZDOCK,2026-10-02,E_calendar,row on a non-trading day,date absent from the Nifty 50 trading calendar,dropped,price data
MAZDOCK,2024-12-27,A_split_bonus,split/bonus verified,Face Value Split (Sub-Division) - From Rs 10/- Per Share To Rs 5/- Per Share; Yahoo 2-for-1; price ratio 0.4900,applied,NSE corporate actions; yfinance action history
MAZDOCK,2025-03-18,A_split_bonus,Adj Close differs from Yahoo by > 0.5%,max gap 2.34% on 2025-03-18,kept our rebuild — dividends from NSE records rather than Yahoo's,yfinance Adj Close vs our rebuild
MEESHO,2026-01-15,E_calendar,row on a non-trading day,date absent from the Nifty 50 trading calendar,dropped,price data
MEESHO,2026-05-01,E_calendar,row on a non-trading day,date absent from the Nifty 50 trading calendar,dropped,price data
MEESHO,2026-05-28,E_calendar,row on a non-trading day,date absent from the Nifty 50 trading calendar,dropped,price data
MEESHO,2026-06-26,E_calendar,row on a non-trading day,date absent from the Nifty 50 trading calendar,dropped,price data
MEESHO,2026-09-14,E_calendar,row on a non-trading day,date absent from the Nifty 50 trading calendar,dropped,price data
MEESHO,2026-10-02,E_calendar,row on a non-trading day,date absent from the Nifty 50 trading calendar,dropped,price data
MOTILALOFS,2008-11-27,E_calendar,row on a non-trading day,date absent from the Nifty 50 trading calendar,dropped,price data
MOTILALOFS,2009-04-30,E_calendar,row on a non-trading day,date absent from the Nifty 50 trading calendar,dropped,price data
MOTILALOFS,2009-10-13,E_calendar,row on a non-trading day,date absent from the Nifty 50 trading calendar,dropped,price data
MOTILALOFS,2011-05-31,E_calendar,row on a non-trading day,date absent from the Nifty 50 trading calendar,dropped,price data
MOTILALOFS,2011-07-14,E_calendar,row on a non-trading day,date absent from the Nifty 50 trading calendar,dropped,price data
MOTILALOFS,2011-11-24,E_calendar,row on a non-trading day,date absent from the Nifty 50 trading calendar,dropped,price data
MOTILALOFS,2011-12-26,E_calendar,row on a non-trading day,date absent from the Nifty 50 trading calendar,dropped,price data
MOTILALOFS,2012-01-02,E_calendar,row on a non-trading day,date absent from the Nifty 50 trading calendar,dropped,price data
MOTILALOFS,2014-04-24,E_calendar,row on a non-trading day,date absent from the Nifty 50 trading calendar,dropped,price data
MOTILALOFS,2014-10-15,E_calendar,row on a non-trading day,date absent from the Nifty 50 trading calendar,dropped,price data
MOTILALOFS,2026-01-15,E_calendar,row on a non-trading day,date absent from the Nifty 50 trading calendar,dropped,price data
MOTILALOFS,2026-05-01,E_calendar,row on a non-trading day,date absent from the Nifty 50 trading calendar,dropped,price data
MOTILALOFS,2026-05-28,E_calendar,row on a non-trading day,date absent from the Nifty 50 trading calendar,dropped,price data
MOTILALOFS,2026-06-26,E_calendar,row on a non-trading day,date absent from the Nifty 50 trading calendar,dropped,price data
MOTILALOFS,2026-09-14,E_calendar,row on a non-trading day,date absent from the Nifty 50 trading calendar,dropped,price data
MOTILALOFS,2026-10-02,E_calendar,row on a non-trading day,date absent from the Nifty 50 trading calendar,dropped,price data
MOTILALOFS,2024-01-01,A_split_bonus,Yahoo price level inconsistent with NSE,NSE close ÷ Yahoo close steps from 0.2500 to 1.0000 (Yahoo applied an unrecorded factor 0.2500 to earlier prices). NSE actions: no NSE corporate action within ±7 days,rescaled Yahoo's history to NSE's official closes; adjustment rebuilt from NSE actions below,NSE bhavcopies (bisection to 2024-01-01)
MOTILALOFS,2008-07-25,A_split_bonus,split/bonus verified,Fv Split Rs.5/- To Re.1/-; Yahoo 5-for-1; price ratio 0.1995,applied,NSE corporate actions; yfinance action history
MOTILALOFS,2024-06-10,A_split_bonus,split/bonus verified,Bonus 3:1; Yahoo 4-for-1; price ratio 0.2704,applied,NSE corporate actions; yfinance action history
MOTILALOFS,2009-01-09,A_split_bonus,Adj Close differs from Yahoo by > 0.5%,max gap 78.13% on 2009-01-09,kept our rebuild — 1 Yahoo level error(s) corrected against NSE; dividends from NSE records rather than Yahoo's,yfinance Adj Close vs our rebuild
MOTILALOFS,2007-11-15,D_bad_print,daily move beyond ±20%,r = +20.0%,"kept — genuine move: no corporate action within ±3 days, did not revert; Nifty 50 -0.4% that day",price data
MPHASIS,2008-11-27,E_calendar,row on a non-trading day,date absent from the Nifty 50 trading calendar,dropped,price data
MPHASIS,2009-04-30,E_calendar,row on a non-trading day,date absent from the Nifty 50 trading calendar,dropped,price data
MPHASIS,2009-10-13,E_calendar,row on a non-trading day,date absent from the Nifty 50 trading calendar,dropped,price data
MPHASIS,2011-05-31,E_calendar,row on a non-trading day,date absent from the Nifty 50 trading calendar,dropped,price data
MPHASIS,2011-07-14,E_calendar,row on a non-trading day,date absent from the Nifty 50 trading calendar,dropped,price data
MPHASIS,2011-11-24,E_calendar,row on a non-trading day,date absent from the Nifty 50 trading calendar,dropped,price data
MPHASIS,2011-12-26,E_calendar,row on a non-trading day,date absent from the Nifty 50 trading calendar,dropped,price data
MPHASIS,2012-01-02,E_calendar,row on a non-trading day,date absent from the Nifty 50 trading calendar,dropped,price data
MPHASIS,2014-04-24,E_calendar,row on a non-trading day,date absent from the Nifty 50 trading calendar,dropped,price data
MPHASIS,2014-10-15,E_calendar,row on a non-trading day,date absent from the Nifty 50 trading calendar,dropped,price data
MPHASIS,2026-01-15,E_calendar,row on a non-trading day,date absent from the Nifty 50 trading calendar,dropped,price data
MPHASIS,2026-05-01,E_calendar,row on a non-trading day,date absent from the Nifty 50 trading calendar,dropped,price data
MPHASIS,2026-05-28,E_calendar,row on a non-trading day,date absent from the Nifty 50 trading calendar,dropped,price data
MPHASIS,2026-06-26,E_calendar,row on a non-trading day,date absent from the Nifty 50 trading calendar,dropped,price data
MPHASIS,2026-09-14,E_calendar,row on a non-trading day,date absent from the Nifty 50 trading calendar,dropped,price data
MPHASIS,2026-10-02,E_calendar,row on a non-trading day,date absent from the Nifty 50 trading calendar,dropped,price data
MPHASIS,2025-03-18,A_split_bonus,Adj Close differs from Yahoo by > 0.5%,max gap 4.24% on 2025-03-18,kept our rebuild — dividends from NSE records rather than Yahoo's,yfinance Adj Close vs our rebuild
MPHASIS,2011-02-25,D_bad_print,daily move beyond ±20%,r = -28.1%,"kept — genuine move: no corporate action within ±3 days, did not revert; Nifty 50 +0.8% that day",price data
MCX,2014-04-24,E_calendar,row on a non-trading day,date absent from the Nifty 50 trading calendar,dropped,price data
MCX,2014-10-15,E_calendar,row on a non-trading day,date absent from the Nifty 50 trading calendar,dropped,price data
MCX,2026-01-15,E_calendar,row on a non-trading day,date absent from the Nifty 50 trading calendar,dropped,price data
MCX,2026-05-01,E_calendar,row on a non-trading day,date absent from the Nifty 50 trading calendar,dropped,price data
MCX,2026-05-28,E_calendar,row on a non-trading day,date absent from the Nifty 50 trading calendar,dropped,price data
MCX,2026-06-26,E_calendar,row on a non-trading day,date absent from the Nifty 50 trading calendar,dropped,price data
MCX,2026-09-14,E_calendar,row on a non-trading day,date absent from the Nifty 50 trading calendar,dropped,price data
MCX,2026-10-02,E_calendar,row on a non-trading day,date absent from the Nifty 50 trading calendar,dropped,price data
MCX,2026-01-02,A_split_bonus,split/bonus verified,Face Value Split (Sub-Division) - From Rs 10/- Per Share To Rs 2/- Per Share; Yahoo 5-for-1; price ratio 0.2017,applied,NSE corporate actions; yfinance action history
MCX,2025-03-18,A_split_bonus,Adj Close differs from Yahoo by > 0.5%,max gap 3.10% on 2025-03-18,kept our rebuild — dividends from NSE records rather than Yahoo's,yfinance Adj Close vs our rebuild
MUTHOOTFIN,2011-05-31,E_calendar,row on a non-trading day,date absent from the Nifty 50 trading calendar,dropped,price data
MUTHOOTFIN,2011-07-14,E_calendar,row on a non-trading day,date absent from the Nifty 50 trading calendar,dropped,price data
MUTHOOTFIN,2011-11-24,E_calendar,row on a non-trading day,date absent from the Nifty 50 trading calendar,dropped,price data
MUTHOOTFIN,2011-12-26,E_calendar,row on a non-trading day,date absent from the Nifty 50 trading calendar,dropped,price data
MUTHOOTFIN,2012-01-02,E_calendar,row on a non-trading day,date absent from the Nifty 50 trading calendar,dropped,price data
MUTHOOTFIN,2014-04-24,E_calendar,row on a non-trading day,date absent from the Nifty 50 trading calendar,dropped,price data
MUTHOOTFIN,2014-10-15,E_calendar,row on a non-trading day,date absent from the Nifty 50 trading calendar,dropped,price data
MUTHOOTFIN,2026-01-15,E_calendar,row on a non-trading day,date absent from the Nifty 50 trading calendar,dropped,price data
MUTHOOTFIN,2026-05-01,E_calendar,row on a non-trading day,date absent from the Nifty 50 trading calendar,dropped,price data
MUTHOOTFIN,2026-05-28,E_calendar,row on a non-trading day,date absent from the Nifty 50 trading calendar,dropped,price data
MUTHOOTFIN,2026-06-26,E_calendar,row on a non-trading day,date absent from the Nifty 50 trading calendar,dropped,price data
MUTHOOTFIN,2026-09-14,E_calendar,row on a non-trading day,date absent from the Nifty 50 trading calendar,dropped,price data
MUTHOOTFIN,2026-10-02,E_calendar,row on a non-trading day,date absent from the Nifty 50 trading calendar,dropped,price data
MUTHOOTFIN,2025-03-18,A_split_bonus,Adj Close differs from Yahoo by > 0.5%,max gap 1.21% on 2025-03-18,kept our rebuild — dividends from NSE records rather than Yahoo's,yfinance Adj Close vs our rebuild
NHPC,2009-10-13,E_calendar,row on a non-trading day,date absent from the Nifty 50 trading calendar,dropped,price data
NHPC,2011-05-31,E_calendar,row on a non-trading day,date absent from the Nifty 50 trading calendar,dropped,price data
NHPC,2011-07-14,E_calendar,row on a non-trading day,date absent from the Nifty 50 trading calendar,dropped,price data
NHPC,2011-11-24,E_calendar,row on a non-trading day,date absent from the Nifty 50 trading calendar,dropped,price data
NHPC,2011-12-26,E_calendar,row on a non-trading day,date absent from the Nifty 50 trading calendar,dropped,price data
NHPC,2012-01-02,E_calendar,row on a non-trading day,date absent from the Nifty 50 trading calendar,dropped,price data
NHPC,2014-04-24,E_calendar,row on a non-trading day,date absent from the Nifty 50 trading calendar,dropped,price data
NHPC,2014-10-15,E_calendar,row on a non-trading day,date absent from the Nifty 50 trading calendar,dropped,price data
NHPC,2026-01-15,E_calendar,row on a non-trading day,date absent from the Nifty 50 trading calendar,dropped,price data
NHPC,2026-05-01,E_calendar,row on a non-trading day,date absent from the Nifty 50 trading calendar,dropped,price data
NHPC,2026-05-28,E_calendar,row on a non-trading day,date absent from the Nifty 50 trading calendar,dropped,price data
NHPC,2026-06-26,E_calendar,row on a non-trading day,date absent from the Nifty 50 trading calendar,dropped,price data
NHPC,2026-09-14,E_calendar,row on a non-trading day,date absent from the Nifty 50 trading calendar,dropped,price data
NHPC,2026-10-02,E_calendar,row on a non-trading day,date absent from the Nifty 50 trading calendar,dropped,price data
NHPC,2013-03-04,A_split_bonus,split-like move with no corporate action,price ratio 0.7587 ≈ bonus 1:3 (Nifty 50 -0.4% that day); no split/bonus in NSE or Yahoo records within ±7 days,kept as a genuine move,NSE corporate actions; yfinance action history
NHPC,2020-03-20,D_bad_print,spike-and-revert confirmed genuine,"r_t = +15.2%, r_t+1 = -14.4%; the exchange's official close agrees",kept (real move),NSE bhavcopy
NHPC,2025-03-18,A_split_bonus,Adj Close differs from Yahoo by > 0.5%,max gap 1.02% on 2025-03-18,kept our rebuild — dividends from NSE records rather than Yahoo's,yfinance Adj Close vs our rebuild
NHPC,2013-03-04,D_bad_print,daily move beyond ±20%,r = -24.1%,"kept — genuine move: no corporate action within ±3 days, did not revert; Nifty 50 -0.4% that day",price data
NLCINDIA,2008-11-27,E_calendar,row on a non-trading day,date absent from the Nifty 50 trading calendar,dropped,price data
NLCINDIA,2009-04-30,E_calendar,row on a non-trading day,date absent from the Nifty 50 trading calendar,dropped,price data
NLCINDIA,2009-10-13,E_calendar,row on a non-trading day,date absent from the Nifty 50 trading calendar,dropped,price data
NLCINDIA,2011-05-31,E_calendar,row on a non-trading day,date absent from the Nifty 50 trading calendar,dropped,price data
NLCINDIA,2011-07-14,E_calendar,row on a non-trading day,date absent from the Nifty 50 trading calendar,dropped,price data
NLCINDIA,2011-11-24,E_calendar,row on a non-trading day,date absent from the Nifty 50 trading calendar,dropped,price data
NLCINDIA,2011-12-26,E_calendar,row on a non-trading day,date absent from the Nifty 50 trading calendar,dropped,price data
NLCINDIA,2012-01-02,E_calendar,row on a non-trading day,date absent from the Nifty 50 trading calendar,dropped,price data
NLCINDIA,2014-04-24,E_calendar,row on a non-trading day,date absent from the Nifty 50 trading calendar,dropped,price data
NLCINDIA,2014-10-15,E_calendar,row on a non-trading day,date absent from the Nifty 50 trading calendar,dropped,price data
NLCINDIA,2026-01-15,E_calendar,row on a non-trading day,date absent from the Nifty 50 trading calendar,dropped,price data
NLCINDIA,2026-05-01,E_calendar,row on a non-trading day,date absent from the Nifty 50 trading calendar,dropped,price data
NLCINDIA,2026-05-28,E_calendar,row on a non-trading day,date absent from the Nifty 50 trading calendar,dropped,price data
NLCINDIA,2026-06-26,E_calendar,row on a non-trading day,date absent from the Nifty 50 trading calendar,dropped,price data
NLCINDIA,2026-09-14,E_calendar,row on a non-trading day,date absent from the Nifty 50 trading calendar,dropped,price data
NLCINDIA,2026-10-02,E_calendar,row on a non-trading day,date absent from the Nifty 50 trading calendar,dropped,price data
NLCINDIA,2008-01-21,A_split_bonus,split-like move with no corporate action,price ratio 0.7712 ≈ bonus 1:3 (Nifty 50 -8.7% that day); no split/bonus in NSE or Yahoo records within ±7 days,kept as a genuine move,NSE corporate actions; yfinance action history
NLCINDIA,2025-03-18,A_split_bonus,Adj Close differs from Yahoo by > 0.5%,max gap 4.08% on 2025-03-18,kept our rebuild — dividends from NSE records rather than Yahoo's,yfinance Adj Close vs our rebuild
NLCINDIA,2008-01-21,D_bad_print,daily move beyond ±20%,r = -22.9%,"kept — genuine move: no corporate action within ±3 days, did not revert; Nifty 50 -8.7% that day",price data
NLCINDIA,2008-01-22,D_bad_print,daily move beyond ±20%,r = -30.6%,"kept — genuine move: no corporate action within ±3 days, did not revert; Nifty 50 -5.9% that day",price data
NLCINDIA,2008-01-23,D_bad_print,daily move beyond ±20%,r = +21.9%,"kept — genuine move: no corporate action within ±3 days, did not revert; Nifty 50 +6.2% that day",price data
NMDC,2008-11-27,E_calendar,row on a non-trading day,date absent from the Nifty 50 trading calendar,dropped,price data
NMDC,2009-04-30,E_calendar,row on a non-trading day,date absent from the Nifty 50 trading calendar,dropped,price data
NMDC,2009-10-13,E_calendar,row on a non-trading day,date absent from the Nifty 50 trading calendar,dropped,price data
NMDC,2011-05-31,E_calendar,row on a non-trading day,date absent from the Nifty 50 trading calendar,dropped,price data
NMDC,2011-07-14,E_calendar,row on a non-trading day,date absent from the Nifty 50 trading calendar,dropped,price data
NMDC,2011-11-24,E_calendar,row on a non-trading day,date absent from the Nifty 50 trading calendar,dropped,price data
NMDC,2011-12-26,E_calendar,row on a non-trading day,date absent from the Nifty 50 trading calendar,dropped,price data
NMDC,2012-01-02,E_calendar,row on a non-trading day,date absent from the Nifty 50 trading calendar,dropped,price data
NMDC,2014-04-24,E_calendar,row on a non-trading day,date absent from the Nifty 50 trading calendar,dropped,price data
NMDC,2014-10-15,E_calendar,row on a non-trading day,date absent from the Nifty 50 trading calendar,dropped,price data
NMDC,2026-01-15,E_calendar,row on a non-trading day,date absent from the Nifty 50 trading calendar,dropped,price data
NMDC,2026-05-01,E_calendar,row on a non-trading day,date absent from the Nifty 50 trading calendar,dropped,price data
NMDC,2026-05-28,E_calendar,row on a non-trading day,date absent from the Nifty 50 trading calendar,dropped,price data
NMDC,2026-06-26,E_calendar,row on a non-trading day,date absent from the Nifty 50 trading calendar,dropped,price data
NMDC,2026-09-14,E_calendar,row on a non-trading day,date absent from the Nifty 50 trading calendar,dropped,price data
NMDC,2026-10-02,E_calendar,row on a non-trading day,date absent from the Nifty 50 trading calendar,dropped,price data
NMDC,2022-10-27,A_split_bonus,Yahoo price level inconsistent with NSE,NSE close ÷ Yahoo close steps from 1.3010 to 1.0000 (Yahoo applied an unrecorded factor 1.3010 to earlier prices). NSE actions: Demerger,rescaled Yahoo's history to NSE's official closes; adjustment rebuilt from NSE actions below,NSE bhavcopies (bisection to 2022-10-27)
NMDC,2008-04-10,A_split_bonus,split/bonus verified,Fv Split Rs.10/- To Re.1; Yahoo 10-for-1; price ratio 0.1050,applied,NSE corporate actions; yfinance action history
NMDC,2008-05-21,A_split_bonus,split/bonus verified,Bonus 2:1; Yahoo 3-for-1; price ratio 0.3500,applied,NSE corporate actions; yfinance action history
NMDC,2024-12-27,A_split_bonus,split/bonus verified,Bonus 2:1; Yahoo 3-for-1; price ratio 0.3232,applied,NSE corporate actions; yfinance action history
NMDC,2022-10-27,B_demerger,demerger: no official ratio found,"one-day price ratio 0.7977, -20.7% vs Nifty 50","dropped that single day's return (missing, not a loss)",NSE corporate actions (Demerger)
NMDC,2008-07-30,A_split_bonus,Adj Close differs from Yahoo by > 0.5%,max gap 29.52% on 2008-07-30,kept our rebuild — 1 Yahoo level error(s) corrected against NSE; demerger handled differently from Yahoo; dividends from NSE records rather than Yahoo's,yfinance Adj Close vs our rebuild
NMDC,2009-04-13,D_bad_print,daily move beyond ±20%,r = +20.0%,"kept — genuine move: no corporate action within ±3 days, did not revert; Nifty 50 +1.2% that day",price data
NTPC,2008-11-27,E_calendar,row on a non-trading day,date absent from the Nifty 50 trading calendar,dropped,price data
NTPC,2009-04-30,E_calendar,row on a non-trading day,date absent from the Nifty 50 trading calendar,dropped,price data
NTPC,2009-10-13,E_calendar,row on a non-trading day,date absent from the Nifty 50 trading calendar,dropped,price data
NTPC,2011-05-31,E_calendar,row on a non-trading day,date absent from the Nifty 50 trading calendar,dropped,price data
NTPC,2011-07-14,E_calendar,row on a non-trading day,date absent from the Nifty 50 trading calendar,dropped,price data
NTPC,2011-11-24,E_calendar,row on a non-trading day,date absent from the Nifty 50 trading calendar,dropped,price data
NTPC,2011-12-26,E_calendar,row on a non-trading day,date absent from the Nifty 50 trading calendar,dropped,price data
NTPC,2012-01-02,E_calendar,row on a non-trading day,date absent from the Nifty 50 trading calendar,dropped,price data
NTPC,2014-04-24,E_calendar,row on a non-trading day,date absent from the Nifty 50 trading calendar,dropped,price data
NTPC,2014-10-15,E_calendar,row on a non-trading day,date absent from the Nifty 50 trading calendar,dropped,price data
NTPC,2026-01-15,E_calendar,row on a non-trading day,date absent from the Nifty 50 trading calendar,dropped,price data
NTPC,2026-05-01,E_calendar,row on a non-trading day,date absent from the Nifty 50 trading calendar,dropped,price data
NTPC,2026-05-28,E_calendar,row on a non-trading day,date absent from the Nifty 50 trading calendar,dropped,price data
NTPC,2026-06-26,E_calendar,row on a non-trading day,date absent from the Nifty 50 trading calendar,dropped,price data
NTPC,2026-09-14,E_calendar,row on a non-trading day,date absent from the Nifty 50 trading calendar,dropped,price data
NTPC,2026-10-02,E_calendar,row on a non-trading day,date absent from the Nifty 50 trading calendar,dropped,price data
NTPC,2019-03-19,A_split_bonus,split/bonus verified,Bonus 1:5; Yahoo 1.2-for-1; price ratio 0.8498,applied,NSE corporate actions; yfinance action history
NTPC,2025-03-18,A_split_bonus,Adj Close differs from Yahoo by > 0.5%,max gap 1.72% on 2025-03-18,kept our rebuild — dividends from NSE records rather than Yahoo's,yfinance Adj Close vs our rebuild
NATIONALUM,2008-11-27,E_calendar,row on a non-trading day,date absent from the Nifty 50 trading calendar,dropped,price data
NATIONALUM,2009-04-30,E_calendar,row on a non-trading day,date absent from the Nifty 50 trading calendar,dropped,price data
NATIONALUM,2009-10-13,E_calendar,row on a non-trading day,date absent from the Nifty 50 trading calendar,dropped,price data
NATIONALUM,2011-05-31,E_calendar,row on a non-trading day,date absent from the Nifty 50 trading calendar,dropped,price data
NATIONALUM,2011-07-14,E_calendar,row on a non-trading day,date absent from the Nifty 50 trading calendar,dropped,price data
NATIONALUM,2011-11-24,E_calendar,row on a non-trading day,date absent from the Nifty 50 trading calendar,dropped,price data
NATIONALUM,2011-12-26,E_calendar,row on a non-trading day,date absent from the Nifty 50 trading calendar,dropped,price data
NATIONALUM,2012-01-02,E_calendar,row on a non-trading day,date absent from the Nifty 50 trading calendar,dropped,price data
NATIONALUM,2014-04-24,E_calendar,row on a non-trading day,date absent from the Nifty 50 trading calendar,dropped,price data
NATIONALUM,2014-10-15,E_calendar,row on a non-trading day,date absent from the Nifty 50 trading calendar,dropped,price data
NATIONALUM,2026-01-15,E_calendar,row on a non-trading day,date absent from the Nifty 50 trading calendar,dropped,price data
NATIONALUM,2026-05-01,E_calendar,row on a non-trading day,date absent from the Nifty 50 trading calendar,dropped,price data
NATIONALUM,2026-05-28,E_calendar,row on a non-trading day,date absent from the Nifty 50 trading calendar,dropped,price data
NATIONALUM,2026-06-26,E_calendar,row on a non-trading day,date absent from the Nifty 50 trading calendar,dropped,price data
NATIONALUM,2026-09-14,E_calendar,row on a non-trading day,date absent from the Nifty 50 trading calendar,dropped,price data
NATIONALUM,2026-10-02,E_calendar,row on a non-trading day,date absent from the Nifty 50 trading calendar,dropped,price data
NATIONALUM,2011-03-15,A_split_bonus,Yahoo price level inconsistent with NSE,NSE close ÷ Yahoo close steps from 2.0000 to 1.0000 (Yahoo applied an unrecorded factor 2.0000 to earlier prices). NSE actions: Bonus 1:1 And Face Value Split From Rs.10/- To Rs.5/-,rescaled Yahoo's history to NSE's official closes; adjustment rebuilt from NSE actions below,NSE bhavcopies (bisection to 2011-03-15)
NATIONALUM,2011-03-15,A_split_bonus,Yahoo split ratio differs from NSE,Yahoo 2-for-1 vs NSE price factor 0.2500,used NSE's ratio,NSE corporate actions; yfinance action history
NATIONALUM,2025-03-18,A_split_bonus,Adj Close differs from Yahoo by > 0.5%,max gap 1.90% on 2025-03-18,kept our rebuild — 1 Yahoo level error(s) corrected against NSE; dividends from NSE records rather than Yahoo's,yfinance Adj Close vs our rebuild
NATIONALUM,2008-10-24,D_bad_print,daily move beyond ±20%,r = -22.1%,"kept — genuine move: no corporate action within ±3 days, did not revert; Nifty 50 -12.2% that day",price data
NESTLEIND,2008-11-27,E_calendar,row on a non-trading day,date absent from the Nifty 50 trading calendar,dropped,price data
NESTLEIND,2009-04-30,E_calendar,row on a non-trading day,date absent from the Nifty 50 trading calendar,dropped,price data
NESTLEIND,2009-10-13,E_calendar,row on a non-trading day,date absent from the Nifty 50 trading calendar,dropped,price data
NESTLEIND,2011-05-31,E_calendar,row on a non-trading day,date absent from the Nifty 50 trading calendar,dropped,price data
NESTLEIND,2011-07-14,E_calendar,row on a non-trading day,date absent from the Nifty 50 trading calendar,dropped,price data
NESTLEIND,2011-11-24,E_calendar,row on a non-trading day,date absent from the Nifty 50 trading calendar,dropped,price data
NESTLEIND,2011-12-26,E_calendar,row on a non-trading day,date absent from the Nifty 50 trading calendar,dropped,price data
NESTLEIND,2012-01-02,E_calendar,row on a non-trading day,date absent from the Nifty 50 trading calendar,dropped,price data
NESTLEIND,2014-04-24,E_calendar,row on a non-trading day,date absent from the Nifty 50 trading calendar,dropped,price data
NESTLEIND,2014-10-15,E_calendar,row on a non-trading day,date absent from the Nifty 50 trading calendar,dropped,price data
NESTLEIND,2026-01-15,E_calendar,row on a non-trading day,date absent from the Nifty 50 trading calendar,dropped,price data
NESTLEIND,2026-05-01,E_calendar,row on a non-trading day,date absent from the Nifty 50 trading calendar,dropped,price data
NESTLEIND,2026-05-28,E_calendar,row on a non-trading day,date absent from the Nifty 50 trading calendar,dropped,price data
NESTLEIND,2026-06-26,E_calendar,row on a non-trading day,date absent from the Nifty 50 trading calendar,dropped,price data
NESTLEIND,2026-09-14,E_calendar,row on a non-trading day,date absent from the Nifty 50 trading calendar,dropped,price data
NESTLEIND,2026-10-02,E_calendar,row on a non-trading day,date absent from the Nifty 50 trading calendar,dropped,price data
NESTLEIND,2010-01-08,C_symbol,Yahoo history before NSE listing,"Yahoo has prices from 2007-01-02, but NSE's bhavcopy first lists NESTLEIND on 2010-01-08",dropped Yahoo rows before 2010-01-08,NSE bhavcopies
NESTLEIND,2024-01-05,A_split_bonus,split/bonus verified,Face Value Split (Sub-Division) - From Rs10/- Per Share To Re 1/- Per Share; Yahoo 10-for-1; price ratio 0.0983,applied,NSE corporate actions; yfinance action history
NESTLEIND,2025-08-08,A_split_bonus,split/bonus verified,Bonus 1:1; Yahoo 2-for-1; price ratio 0.4907,applied,NSE corporate actions; yfinance action history
NESTLEIND,2025-03-18,A_split_bonus,Adj Close differs from Yahoo by > 0.5%,max gap 1.27% on 2025-03-18,kept our rebuild — dividends from NSE records rather than Yahoo's,yfinance Adj Close vs our rebuild
OBEROIRLTY,2011-05-31,E_calendar,row on a non-trading day,date absent from the Nifty 50 trading calendar,dropped,price data
OBEROIRLTY,2011-07-14,E_calendar,row on a non-trading day,date absent from the Nifty 50 trading calendar,dropped,price data
OBEROIRLTY,2011-11-24,E_calendar,row on a non-trading day,date absent from the Nifty 50 trading calendar,dropped,price data
OBEROIRLTY,2011-12-26,E_calendar,row on a non-trading day,date absent from the Nifty 50 trading calendar,dropped,price data
OBEROIRLTY,2012-01-02,E_calendar,row on a non-trading day,date absent from the Nifty 50 trading calendar,dropped,price data
OBEROIRLTY,2014-04-24,E_calendar,row on a non-trading day,date absent from the Nifty 50 trading calendar,dropped,price data
OBEROIRLTY,2014-10-15,E_calendar,row on a non-trading day,date absent from the Nifty 50 trading calendar,dropped,price data
OBEROIRLTY,2026-01-15,E_calendar,row on a non-trading day,date absent from the Nifty 50 trading calendar,dropped,price data
OBEROIRLTY,2026-05-28,E_calendar,row on a non-trading day,date absent from the Nifty 50 trading calendar,dropped,price data
OBEROIRLTY,2026-06-26,E_calendar,row on a non-trading day,date absent from the Nifty 50 trading calendar,dropped,price data
OBEROIRLTY,2026-09-14,E_calendar,row on a non-trading day,date absent from the Nifty 50 trading calendar,dropped,price data
OBEROIRLTY,2026-10-02,E_calendar,row on a non-trading day,date absent from the Nifty 50 trading calendar,dropped,price data
OBEROIRLTY,2025-03-18,A_split_bonus,Adj Close differs from Yahoo by > 0.5%,max gap 2.94% on 2025-03-18,kept our rebuild — dividends from NSE records rather than Yahoo's,yfinance Adj Close vs our rebuild
ONGC,2008-11-27,E_calendar,row on a non-trading day,date absent from the Nifty 50 trading calendar,dropped,price data
ONGC,2009-04-30,E_calendar,row on a non-trading day,date absent from the Nifty 50 trading calendar,dropped,price data
ONGC,2009-10-13,E_calendar,row on a non-trading day,date absent from the Nifty 50 trading calendar,dropped,price data
ONGC,2011-05-31,E_calendar,row on a non-trading day,date absent from the Nifty 50 trading calendar,dropped,price data
ONGC,2011-07-14,E_calendar,row on a non-trading day,date absent from the Nifty 50 trading calendar,dropped,price data
ONGC,2011-11-24,E_calendar,row on a non-trading day,date absent from the Nifty 50 trading calendar,dropped,price data
ONGC,2011-12-26,E_calendar,row on a non-trading day,date absent from the Nifty 50 trading calendar,dropped,price data
ONGC,2012-01-02,E_calendar,row on a non-trading day,date absent from the Nifty 50 trading calendar,dropped,price data
ONGC,2014-04-24,E_calendar,row on a non-trading day,date absent from the Nifty 50 trading calendar,dropped,price data
ONGC,2014-10-15,E_calendar,row on a non-trading day,date absent from the Nifty 50 trading calendar,dropped,price data
ONGC,2026-01-15,E_calendar,row on a non-trading day,date absent from the Nifty 50 trading calendar,dropped,price data
ONGC,2026-05-01,E_calendar,row on a non-trading day,date absent from the Nifty 50 trading calendar,dropped,price data
ONGC,2026-05-28,E_calendar,row on a non-trading day,date absent from the Nifty 50 trading calendar,dropped,price data
ONGC,2026-06-26,E_calendar,row on a non-trading day,date absent from the Nifty 50 trading calendar,dropped,price data
ONGC,2026-09-14,E_calendar,row on a non-trading day,date absent from the Nifty 50 trading calendar,dropped,price data
ONGC,2026-10-02,E_calendar,row on a non-trading day,date absent from the Nifty 50 trading calendar,dropped,price data
ONGC,2011-02-08,A_split_bonus,Yahoo price level inconsistent with NSE,NSE close ÷ Yahoo close steps from 2.0000 to 1.0000 (Yahoo applied an unrecorded factor 2.0000 to earlier prices). NSE actions: Bonus 1:1 And Face Value Split From Rs.10/- To Rs.5/-,rescaled Yahoo's history to NSE's official closes; adjustment rebuilt from NSE actions below,NSE bhavcopies (bisection to 2011-02-08)
ONGC,2011-02-08,A_split_bonus,Yahoo split ratio differs from NSE,Yahoo 2-for-1 vs NSE price factor 0.2500,used NSE's ratio,NSE corporate actions; yfinance action history
ONGC,2016-12-15,A_split_bonus,split/bonus verified,Bonus 1: 2; Yahoo 1.5-for-1; price ratio 0.6762,applied,NSE corporate actions; yfinance action history
ONGC,2020-03-20,D_bad_print,spike-and-revert confirmed genuine,"r_t = +18.5%, r_t+1 = -16.5%; the exchange's official close agrees",kept (real move),NSE bhavcopy
ONGC,2008-02-19,A_split_bonus,Adj Close differs from Yahoo by > 0.5%,max gap 1.97% on 2008-02-19,kept our rebuild — 1 Yahoo level error(s) corrected against NSE; dividends from NSE records rather than Yahoo's,yfinance Adj Close vs our rebuild
OIL,2009-10-13,E_calendar,row on a non-trading day,date absent from the Nifty 50 trading calendar,dropped,price data
OIL,2011-05-31,E_calendar,row on a non-trading day,date absent from the Nifty 50 trading calendar,dropped,price data
OIL,2011-07-14,E_calendar,row on a non-trading day,date absent from the Nifty 50 trading calendar,dropped,price data
OIL,2011-11-24,E_calendar,row on a non-trading day,date absent from the Nifty 50 trading calendar,dropped,price data
OIL,2011-12-26,E_calendar,row on a non-trading day,date absent from the Nifty 50 trading calendar,dropped,price data
OIL,2012-01-02,E_calendar,row on a non-trading day,date absent from the Nifty 50 trading calendar,dropped,price data
OIL,2014-04-24,E_calendar,row on a non-trading day,date absent from the Nifty 50 trading calendar,dropped,price data
OIL,2014-10-15,E_calendar,row on a non-trading day,date absent from the Nifty 50 trading calendar,dropped,price data
OIL,2026-01-15,E_calendar,row on a non-trading day,date absent from the Nifty 50 trading calendar,dropped,price data
OIL,2026-05-01,E_calendar,row on a non-trading day,date absent from the Nifty 50 trading calendar,dropped,price data
OIL,2026-05-28,E_calendar,row on a non-trading day,date absent from the Nifty 50 trading calendar,dropped,price data
OIL,2026-06-26,E_calendar,row on a non-trading day,date absent from the Nifty 50 trading calendar,dropped,price data
OIL,2026-09-14,E_calendar,row on a non-trading day,date absent from the Nifty 50 trading calendar,dropped,price data
OIL,2026-10-02,E_calendar,row on a non-trading day,date absent from the Nifty 50 trading calendar,dropped,price data
OIL,2012-03-29,A_split_bonus,split/bonus verified,Bonus 3:2; Yahoo 2.5-for-1; price ratio 0.3850,applied,NSE corporate actions; yfinance action history
OIL,2017-01-12,A_split_bonus,split/bonus verified,Bonus 1:3; Yahoo 1.33333-for-1; price ratio 0.7153,applied,NSE corporate actions; yfinance action history
OIL,2018-03-27,A_split_bonus,split/bonus verified,Bonus 1:2; Yahoo 1.5-for-1; price ratio 0.6331,applied,NSE corporate actions; yfinance action history
OIL,2024-07-02,A_split_bonus,split/bonus verified,Bonus 1:2; Yahoo 1.5-for-1; price ratio 0.6799,applied,NSE corporate actions; yfinance action history
OIL,2025-03-18,A_split_bonus,Adj Close differs from Yahoo by > 0.5%,max gap 2.02% on 2025-03-18,kept our rebuild — dividends from NSE records rather than Yahoo's,yfinance Adj Close vs our rebuild
PAYTM,2026-01-15,E_calendar,row on a non-trading day,date absent from the Nifty 50 trading calendar,dropped,price data
PAYTM,2026-05-01,E_calendar,row on a non-trading day,date absent from the Nifty 50 trading calendar,dropped,price data
PAYTM,2026-05-28,E_calendar,row on a non-trading day,date absent from the Nifty 50 trading calendar,dropped,price data
PAYTM,2026-06-26,E_calendar,row on a non-trading day,date absent from the Nifty 50 trading calendar,dropped,price data
PAYTM,2026-09-14,E_calendar,row on a non-trading day,date absent from the Nifty 50 trading calendar,dropped,price data
PAYTM,2026-10-02,E_calendar,row on a non-trading day,date absent from the Nifty 50 trading calendar,dropped,price data
PAYTM,2025-03-18,A_split_bonus,Adj Close differs from Yahoo by > 0.5%,max gap 7.62% on 2025-03-18,kept our rebuild — dividend timing / rounding differences,yfinance Adj Close vs our rebuild
OFSS,2008-11-27,E_calendar,row on a non-trading day,date absent from the Nifty 50 trading calendar,dropped,price data
OFSS,2009-04-30,E_calendar,row on a non-trading day,date absent from the Nifty 50 trading calendar,dropped,price data
OFSS,2009-10-13,E_calendar,row on a non-trading day,date absent from the Nifty 50 trading calendar,dropped,price data
OFSS,2011-05-31,E_calendar,row on a non-trading day,date absent from the Nifty 50 trading calendar,dropped,price data
OFSS,2011-07-14,E_calendar,row on a non-trading day,date absent from the Nifty 50 trading calendar,dropped,price data
OFSS,2011-11-24,E_calendar,row on a non-trading day,date absent from the Nifty 50 trading calendar,dropped,price data
OFSS,2011-12-26,E_calendar,row on a non-trading day,date absent from the Nifty 50 trading calendar,dropped,price data
OFSS,2012-01-02,E_calendar,row on a non-trading day,date absent from the Nifty 50 trading calendar,dropped,price data
OFSS,2014-04-24,E_calendar,row on a non-trading day,date absent from the Nifty 50 trading calendar,dropped,price data
OFSS,2014-10-15,E_calendar,row on a non-trading day,date absent from the Nifty 50 trading calendar,dropped,price data
OFSS,2026-01-15,E_calendar,row on a non-trading day,date absent from the Nifty 50 trading calendar,dropped,price data
OFSS,2026-05-01,E_calendar,row on a non-trading day,date absent from the Nifty 50 trading calendar,dropped,price data
OFSS,2026-05-28,E_calendar,row on a non-trading day,date absent from the Nifty 50 trading calendar,dropped,price data
OFSS,2026-06-26,E_calendar,row on a non-trading day,date absent from the Nifty 50 trading calendar,dropped,price data
OFSS,2026-09-14,E_calendar,row on a non-trading day,date absent from the Nifty 50 trading calendar,dropped,price data
OFSS,2026-10-02,E_calendar,row on a non-trading day,date absent from the Nifty 50 trading calendar,dropped,price data
OFSS,2025-03-18,A_split_bonus,Adj Close differs from Yahoo by > 0.5%,max gap 1.37% on 2025-03-18,kept our rebuild — dividends from NSE records rather than Yahoo's,yfinance Adj Close vs our rebuild
OFSS,2024-01-18,D_bad_print,daily move beyond ±20%,r = +28.7%,"kept — genuine move: no corporate action within ±3 days, did not revert; Nifty 50 -0.5% that day",price data
POLICYBZR,2026-05-01,E_calendar,row on a non-trading day,date absent from the Nifty 50 trading calendar,dropped,price data
POLICYBZR,2026-05-28,E_calendar,row on a non-trading day,date absent from the Nifty 50 trading calendar,dropped,price data
POLICYBZR,2026-06-26,E_calendar,row on a non-trading day,date absent from the Nifty 50 trading calendar,dropped,price data
POLICYBZR,2026-09-14,E_calendar,row on a non-trading day,date absent from the Nifty 50 trading calendar,dropped,price data
POLICYBZR,2026-10-02,E_calendar,row on a non-trading day,date absent from the Nifty 50 trading calendar,dropped,price data
POLICYBZR,2025-03-18,A_split_bonus,Adj Close differs from Yahoo by > 0.5%,max gap 7.32% on 2025-03-18,kept our rebuild — dividend timing / rounding differences,yfinance Adj Close vs our rebuild
POLICYBZR,2026-09-24,D_bad_print,daily move beyond ±20%,r = -36.0%,"kept — genuine move: no corporate action within ±3 days, did not revert; Nifty 50 -1.6% that day",price data
PIIND,2011-07-14,E_calendar,row on a non-trading day,date absent from the Nifty 50 trading calendar,dropped,price data
PIIND,2011-11-24,E_calendar,row on a non-trading day,date absent from the Nifty 50 trading calendar,dropped,price data
PIIND,2011-12-26,E_calendar,row on a non-trading day,date absent from the Nifty 50 trading calendar,dropped,price data
PIIND,2012-01-02,E_calendar,row on a non-trading day,date absent from the Nifty 50 trading calendar,dropped,price data
PIIND,2014-04-24,E_calendar,row on a non-trading day,date absent from the Nifty 50 trading calendar,dropped,price data
PIIND,2014-10-15,E_calendar,row on a non-trading day,date absent from the Nifty 50 trading calendar,dropped,price data
PIIND,2026-01-15,E_calendar,row on a non-trading day,date absent from the Nifty 50 trading calendar,dropped,price data
PIIND,2026-05-01,E_calendar,row on a non-trading day,date absent from the Nifty 50 trading calendar,dropped,price data
PIIND,2026-05-28,E_calendar,row on a non-trading day,date absent from the Nifty 50 trading calendar,dropped,price data
PIIND,2026-06-26,E_calendar,row on a non-trading day,date absent from the Nifty 50 trading calendar,dropped,price data
PIIND,2026-09-14,E_calendar,row on a non-trading day,date absent from the Nifty 50 trading calendar,dropped,price data
PIIND,2026-10-02,E_calendar,row on a non-trading day,date absent from the Nifty 50 trading calendar,dropped,price data
PIIND,2011-07-04,C_symbol,Yahoo history before NSE listing,"Yahoo has prices from 2011-06-15, but NSE's bhavcopy first lists PIIND on 2011-07-04",dropped Yahoo rows before 2011-07-04,NSE bhavcopies
PIIND,2011-08-17,A_split_bonus,split/bonus verified,Face Value Split From Rs.10/- To Rs.5/-; Yahoo 2-for-1; price ratio 0.5108,applied,NSE corporate actions; yfinance action history
PIIND,2013-04-12,A_split_bonus,split/bonus verified,Face Value Split From Rs.5/- Per Share To Re.1/- Per Share; Yahoo 5-for-1; price ratio 0.2152,applied,NSE corporate actions; yfinance action history
PIIND,2025-03-18,A_split_bonus,Adj Close differs from Yahoo by > 0.5%,max gap 1.33% on 2025-03-18,kept our rebuild — dividends from NSE records rather than Yahoo's,yfinance Adj Close vs our rebuild
PIIND,2011-07-27,D_bad_print,daily move beyond ±20%,r = +20.0%,"kept — genuine move: no corporate action within ±3 days, did not revert; Nifty 50 -0.5% that day",price data
PAGEIND,2008-11-27,E_calendar,row on a non-trading day,date absent from the Nifty 50 trading calendar,dropped,price data
PAGEIND,2009-04-30,E_calendar,row on a non-trading day,date absent from the Nifty 50 trading calendar,dropped,price data
PAGEIND,2009-10-13,E_calendar,row on a non-trading day,date absent from the Nifty 50 trading calendar,dropped,price data
PAGEIND,2011-05-31,E_calendar,row on a non-trading day,date absent from the Nifty 50 trading calendar,dropped,price data
PAGEIND,2011-07-14,E_calendar,row on a non-trading day,date absent from the Nifty 50 trading calendar,dropped,price data
PAGEIND,2011-11-24,E_calendar,row on a non-trading day,date absent from the Nifty 50 trading calendar,dropped,price data
PAGEIND,2011-12-26,E_calendar,row on a non-trading day,date absent from the Nifty 50 trading calendar,dropped,price data
PAGEIND,2012-01-02,E_calendar,row on a non-trading day,date absent from the Nifty 50 trading calendar,dropped,price data
PAGEIND,2014-04-24,E_calendar,row on a non-trading day,date absent from the Nifty 50 trading calendar,dropped,price data
PAGEIND,2014-10-15,E_calendar,row on a non-trading day,date absent from the Nifty 50 trading calendar,dropped,price data
PAGEIND,2026-05-28,E_calendar,row on a non-trading day,date absent from the Nifty 50 trading calendar,dropped,price data
PAGEIND,2026-06-26,E_calendar,row on a non-trading day,date absent from the Nifty 50 trading calendar,dropped,price data
PAGEIND,2026-09-14,E_calendar,row on a non-trading day,date absent from the Nifty 50 trading calendar,dropped,price data
PAGEIND,2026-10-02,E_calendar,row on a non-trading day,date absent from the Nifty 50 trading calendar,dropped,price data
PAGEIND,2025-03-18,A_split_bonus,Adj Close differs from Yahoo by > 0.5%,max gap 0.59% on 2025-03-18,kept our rebuild — dividends from NSE records rather than Yahoo's,yfinance Adj Close vs our rebuild
PAGEIND,2011-08-10,D_bad_print,daily move beyond ±20%,r = +20.0%,"kept — genuine move: no corporate action within ±3 days, did not revert; Nifty 50 +1.7% that day",price data
PATANJALI,2008-11-27,E_calendar,row on a non-trading day,date absent from the Nifty 50 trading calendar,dropped,price data
PATANJALI,2009-04-30,E_calendar,row on a non-trading day,date absent from the Nifty 50 trading calendar,dropped,price data
PATANJALI,2009-10-13,E_calendar,row on a non-trading day,date absent from the Nifty 50 trading calendar,dropped,price data
PATANJALI,2011-05-31,E_calendar,row on a non-trading day,date absent from the Nifty 50 trading calendar,dropped,price data
PATANJALI,2011-07-14,E_calendar,row on a non-trading day,date absent from the Nifty 50 trading calendar,dropped,price data
PATANJALI,2011-11-24,E_calendar,row on a non-trading day,date absent from the Nifty 50 trading calendar,dropped,price data
PATANJALI,2011-12-26,E_calendar,row on a non-trading day,date absent from the Nifty 50 trading calendar,dropped,price data
PATANJALI,2012-01-02,E_calendar,row on a non-trading day,date absent from the Nifty 50 trading calendar,dropped,price data
PATANJALI,2014-04-24,E_calendar,row on a non-trading day,date absent from the Nifty 50 trading calendar,dropped,price data
PATANJALI,2014-10-15,E_calendar,row on a non-trading day,date absent from the Nifty 50 trading calendar,dropped,price data
PATANJALI,2026-01-15,E_calendar,row on a non-trading day,date absent from the Nifty 50 trading calendar,dropped,price data
PATANJALI,2026-05-01,E_calendar,row on a non-trading day,date absent from the Nifty 50 trading calendar,dropped,price data
PATANJALI,2026-05-28,E_calendar,row on a non-trading day,date absent from the Nifty 50 trading calendar,dropped,price data
PATANJALI,2026-06-26,E_calendar,row on a non-trading day,date absent from the Nifty 50 trading calendar,dropped,price data
PATANJALI,2026-09-14,E_calendar,row on a non-trading day,date absent from the Nifty 50 trading calendar,dropped,price data
PATANJALI,2026-10-02,E_calendar,row on a non-trading day,date absent from the Nifty 50 trading calendar,dropped,price data
PATANJALI,2019-11-14,E_calendar,suspension / relisting gap,51 identical closes (2019-11-14 → 2020-01-24); NSE shows no trades on 2019-12-19,usable history starts after 2020-01-24 (fails the continuous-history rule),NSE bhavcopies
PATANJALI,2025-09-11,A_split_bonus,split/bonus verified,Bonus 2:1; Yahoo 3-for-1; price ratio 0.3324,applied,NSE corporate actions; yfinance action history
PATANJALI,2025-03-18,A_split_bonus,Adj Close differs from Yahoo by > 0.5%,max gap 0.95% on 2025-03-18,kept our rebuild — dividends from NSE records rather than Yahoo's,yfinance Adj Close vs our rebuild
PERSISTENT,2011-05-31,E_calendar,row on a non-trading day,date absent from the Nifty 50 trading calendar,dropped,price data
PERSISTENT,2011-07-14,E_calendar,row on a non-trading day,date absent from the Nifty 50 trading calendar,dropped,price data
PERSISTENT,2011-11-24,E_calendar,row on a non-trading day,date absent from the Nifty 50 trading calendar,dropped,price data
PERSISTENT,2011-12-26,E_calendar,row on a non-trading day,date absent from the Nifty 50 trading calendar,dropped,price data
PERSISTENT,2012-01-02,E_calendar,row on a non-trading day,date absent from the Nifty 50 trading calendar,dropped,price data
PERSISTENT,2014-04-24,E_calendar,row on a non-trading day,date absent from the Nifty 50 trading calendar,dropped,price data
PERSISTENT,2014-10-15,E_calendar,row on a non-trading day,date absent from the Nifty 50 trading calendar,dropped,price data
PERSISTENT,2026-01-15,E_calendar,row on a non-trading day,date absent from the Nifty 50 trading calendar,dropped,price data
PERSISTENT,2026-05-01,E_calendar,row on a non-trading day,date absent from the Nifty 50 trading calendar,dropped,price data
PERSISTENT,2026-05-28,E_calendar,row on a non-trading day,date absent from the Nifty 50 trading calendar,dropped,price data
PERSISTENT,2026-06-26,E_calendar,row on a non-trading day,date absent from the Nifty 50 trading calendar,dropped,price data
PERSISTENT,2026-09-14,E_calendar,row on a non-trading day,date absent from the Nifty 50 trading calendar,dropped,price data
PERSISTENT,2026-10-02,E_calendar,row on a non-trading day,date absent from the Nifty 50 trading calendar,dropped,price data
PERSISTENT,2015-03-10,A_split_bonus,split/bonus verified,Bonus 1 : 1; Yahoo 2-for-1; price ratio 0.4552,applied,NSE corporate actions; yfinance action history
PERSISTENT,2024-03-28,A_split_bonus,split/bonus verified,Face Value Split (Sub-Division) - From Rs 10/- Per Share To Rs 5/- Per Share; Yahoo 2-for-1; price ratio 0.4919,applied,NSE corporate actions; yfinance action history
PERSISTENT,2025-03-18,A_split_bonus,Adj Close differs from Yahoo by > 0.5%,max gap 2.75% on 2025-03-18,kept our rebuild — dividends from NSE records rather than Yahoo's,yfinance Adj Close vs our rebuild
PHOENIXLTD,2008-11-27,E_calendar,row on a non-trading day,date absent from the Nifty 50 trading calendar,dropped,price data
PHOENIXLTD,2009-04-30,E_calendar,row on a non-trading day,date absent from the Nifty 50 trading calendar,dropped,price data
PHOENIXLTD,2009-10-13,E_calendar,row on a non-trading day,date absent from the Nifty 50 trading calendar,dropped,price data
PHOENIXLTD,2011-05-31,E_calendar,row on a non-trading day,date absent from the Nifty 50 trading calendar,dropped,price data
PHOENIXLTD,2011-07-14,E_calendar,row on a non-trading day,date absent from the Nifty 50 trading calendar,dropped,price data
PHOENIXLTD,2011-11-24,E_calendar,row on a non-trading day,date absent from the Nifty 50 trading calendar,dropped,price data
PHOENIXLTD,2011-12-26,E_calendar,row on a non-trading day,date absent from the Nifty 50 trading calendar,dropped,price data
PHOENIXLTD,2012-01-02,E_calendar,row on a non-trading day,date absent from the Nifty 50 trading calendar,dropped,price data
PHOENIXLTD,2014-04-24,E_calendar,row on a non-trading day,date absent from the Nifty 50 trading calendar,dropped,price data
PHOENIXLTD,2014-10-15,E_calendar,row on a non-trading day,date absent from the Nifty 50 trading calendar,dropped,price data
PHOENIXLTD,2026-05-28,E_calendar,row on a non-trading day,date absent from the Nifty 50 trading calendar,dropped,price data
PHOENIXLTD,2026-06-26,E_calendar,row on a non-trading day,date absent from the Nifty 50 trading calendar,dropped,price data
PHOENIXLTD,2026-09-14,E_calendar,row on a non-trading day,date absent from the Nifty 50 trading calendar,dropped,price data
PHOENIXLTD,2026-10-02,E_calendar,row on a non-trading day,date absent from the Nifty 50 trading calendar,dropped,price data
PHOENIXLTD,2008-02-13,A_split_bonus,split/bonus verified,Fv Split Rs.10/- To Rs.2; Yahoo 5-for-1; price ratio 0.2092,applied,NSE corporate actions; yfinance action history
PHOENIXLTD,2024-09-20,A_split_bonus,split/bonus verified,Bonus 1:1; Yahoo 2-for-1; price ratio 0.5221,applied,NSE corporate actions; yfinance action history
PHOENIXLTD,2025-03-18,A_split_bonus,Adj Close differs from Yahoo by > 0.5%,max gap 2.99% on 2025-03-18,kept our rebuild — dividends from NSE records rather than Yahoo's,yfinance Adj Close vs our rebuild
PIDILITIND,2008-11-27,E_calendar,row on a non-trading day,date absent from the Nifty 50 trading calendar,dropped,price data
PIDILITIND,2009-04-30,E_calendar,row on a non-trading day,date absent from the Nifty 50 trading calendar,dropped,price data
PIDILITIND,2009-10-13,E_calendar,row on a non-trading day,date absent from the Nifty 50 trading calendar,dropped,price data
PIDILITIND,2011-05-31,E_calendar,row on a non-trading day,date absent from the Nifty 50 trading calendar,dropped,price data
PIDILITIND,2011-07-14,E_calendar,row on a non-trading day,date absent from the Nifty 50 trading calendar,dropped,price data
PIDILITIND,2011-11-24,E_calendar,row on a non-trading day,date absent from the Nifty 50 trading calendar,dropped,price data
PIDILITIND,2011-12-26,E_calendar,row on a non-trading day,date absent from the Nifty 50 trading calendar,dropped,price data
PIDILITIND,2012-01-02,E_calendar,row on a non-trading day,date absent from the Nifty 50 trading calendar,dropped,price data
PIDILITIND,2014-04-24,E_calendar,row on a non-trading day,date absent from the Nifty 50 trading calendar,dropped,price data
PIDILITIND,2014-10-15,E_calendar,row on a non-trading day,date absent from the Nifty 50 trading calendar,dropped,price data
PIDILITIND,2026-01-15,E_calendar,row on a non-trading day,date absent from the Nifty 50 trading calendar,dropped,price data
PIDILITIND,2026-05-01,E_calendar,row on a non-trading day,date absent from the Nifty 50 trading calendar,dropped,price data
PIDILITIND,2026-05-28,E_calendar,row on a non-trading day,date absent from the Nifty 50 trading calendar,dropped,price data
PIDILITIND,2026-06-26,E_calendar,row on a non-trading day,date absent from the Nifty 50 trading calendar,dropped,price data
PIDILITIND,2026-09-14,E_calendar,row on a non-trading day,date absent from the Nifty 50 trading calendar,dropped,price data
PIDILITIND,2026-10-02,E_calendar,row on a non-trading day,date absent from the Nifty 50 trading calendar,dropped,price data
PIDILITIND,2010-03-15,A_split_bonus,split/bonus verified,Bonus 1:1; Yahoo 2-for-1; price ratio 0.4735,applied,NSE corporate actions; yfinance action history
PIDILITIND,2025-09-23,A_split_bonus,split/bonus verified,Bonus 1:1; Yahoo 2-for-1; price ratio 0.4902,applied,NSE corporate actions; yfinance action history
PIDILITIND,2025-03-18,A_split_bonus,Adj Close differs from Yahoo by > 0.5%,max gap 1.04% on 2025-03-18,kept our rebuild — dividends from NSE records rather than Yahoo's,yfinance Adj Close vs our rebuild
POLYCAB,2026-01-15,E_calendar,row on a non-trading day,date absent from the Nifty 50 trading calendar,dropped,price data
POLYCAB,2026-05-01,E_calendar,row on a non-trading day,date absent from the Nifty 50 trading calendar,dropped,price data
POLYCAB,2026-05-28,E_calendar,row on a non-trading day,date absent from the Nifty 50 trading calendar,dropped,price data
POLYCAB,2026-06-26,E_calendar,row on a non-trading day,date absent from the Nifty 50 trading calendar,dropped,price data
POLYCAB,2026-09-14,E_calendar,row on a non-trading day,date absent from the Nifty 50 trading calendar,dropped,price data
POLYCAB,2026-10-02,E_calendar,row on a non-trading day,date absent from the Nifty 50 trading calendar,dropped,price data
POLYCAB,2019-12-02,F_integrity,single-day disagreement with NSE,NSE close ÷ Yahoo close = 1.0127 on one checkpoint only,no level change; day kept,NSE bhavcopy 2019-12-02
POLYCAB,2025-03-18,A_split_bonus,Adj Close differs from Yahoo by > 0.5%,max gap 3.51% on 2025-03-18,kept our rebuild — dividends from NSE records rather than Yahoo's,yfinance Adj Close vs our rebuild
POLYCAB,2024-01-11,D_bad_print,daily move beyond ±20%,r = -21.0%,"kept — genuine move: no corporate action within ±3 days, did not revert; Nifty 50 +0.1% that day",price data
PFC,2008-11-27,E_calendar,row on a non-trading day,date absent from the Nifty 50 trading calendar,dropped,price data
PFC,2009-04-30,E_calendar,row on a non-trading day,date absent from the Nifty 50 trading calendar,dropped,price data
PFC,2009-10-13,E_calendar,row on a non-trading day,date absent from the Nifty 50 trading calendar,dropped,price data
PFC,2011-05-31,E_calendar,row on a non-trading day,date absent from the Nifty 50 trading calendar,dropped,price data
PFC,2011-07-14,E_calendar,row on a non-trading day,date absent from the Nifty 50 trading calendar,dropped,price data
PFC,2011-11-24,E_calendar,row on a non-trading day,date absent from the Nifty 50 trading calendar,dropped,price data
PFC,2011-12-26,E_calendar,row on a non-trading day,date absent from the Nifty 50 trading calendar,dropped,price data
PFC,2012-01-02,E_calendar,row on a non-trading day,date absent from the Nifty 50 trading calendar,dropped,price data
PFC,2014-04-24,E_calendar,row on a non-trading day,date absent from the Nifty 50 trading calendar,dropped,price data
PFC,2014-10-15,E_calendar,row on a non-trading day,date absent from the Nifty 50 trading calendar,dropped,price data
PFC,2026-01-15,E_calendar,row on a non-trading day,date absent from the Nifty 50 trading calendar,dropped,price data
PFC,2026-05-01,E_calendar,row on a non-trading day,date absent from the Nifty 50 trading calendar,dropped,price data
PFC,2026-05-28,E_calendar,row on a non-trading day,date absent from the Nifty 50 trading calendar,dropped,price data
PFC,2026-06-26,E_calendar,row on a non-trading day,date absent from the Nifty 50 trading calendar,dropped,price data
PFC,2026-09-14,E_calendar,row on a non-trading day,date absent from the Nifty 50 trading calendar,dropped,price data
PFC,2026-10-02,E_calendar,row on a non-trading day,date absent from the Nifty 50 trading calendar,dropped,price data
PFC,2016-08-26,A_split_bonus,split/bonus verified,Bonus 1:1; Yahoo 2-for-1; price ratio 0.4852,applied,NSE corporate actions; yfinance action history
PFC,2023-09-21,A_split_bonus,split/bonus verified,Bonus 1:4; Yahoo 1.25-for-1; price ratio 0.8006,applied,NSE corporate actions; yfinance action history
PFC,2024-06-04,A_split_bonus,split-like move with no corporate action,price ratio 0.7692 ≈ bonus 1:3 (Nifty 50 -5.9% that day); no split/bonus in NSE or Yahoo records within ±7 days,kept as a genuine move,NSE corporate actions; yfinance action history
PFC,2025-03-18,A_split_bonus,Adj Close differs from Yahoo by > 0.5%,max gap 3.16% on 2025-03-18,kept our rebuild — dividends from NSE records rather than Yahoo's,yfinance Adj Close vs our rebuild
PFC,2008-02-14,D_bad_print,daily move beyond ±20%,r = +22.4%,"kept — genuine move: no corporate action within ±3 days, did not revert; Nifty 50 +5.5% that day",price data
PFC,2024-06-04,D_bad_print,daily move beyond ±20%,r = -23.1%,"kept — genuine move: no corporate action within ±3 days, did not revert; Nifty 50 -5.9% that day",price data
POWERGRID,2008-11-27,E_calendar,row on a non-trading day,date absent from the Nifty 50 trading calendar,dropped,price data
POWERGRID,2009-04-30,E_calendar,row on a non-trading day,date absent from the Nifty 50 trading calendar,dropped,price data
POWERGRID,2009-10-13,E_calendar,row on a non-trading day,date absent from the Nifty 50 trading calendar,dropped,price data
POWERGRID,2011-05-31,E_calendar,row on a non-trading day,date absent from the Nifty 50 trading calendar,dropped,price data
POWERGRID,2011-07-14,E_calendar,row on a non-trading day,date absent from the Nifty 50 trading calendar,dropped,price data
POWERGRID,2011-11-24,E_calendar,row on a non-trading day,date absent from the Nifty 50 trading calendar,dropped,price data
POWERGRID,2011-12-26,E_calendar,row on a non-trading day,date absent from the Nifty 50 trading calendar,dropped,price data
POWERGRID,2012-01-02,E_calendar,row on a non-trading day,date absent from the Nifty 50 trading calendar,dropped,price data
POWERGRID,2014-04-24,E_calendar,row on a non-trading day,date absent from the Nifty 50 trading calendar,dropped,price data
POWERGRID,2014-10-15,E_calendar,row on a non-trading day,date absent from the Nifty 50 trading calendar,dropped,price data
POWERGRID,2026-01-15,E_calendar,row on a non-trading day,date absent from the Nifty 50 trading calendar,dropped,price data
POWERGRID,2026-05-01,E_calendar,row on a non-trading day,date absent from the Nifty 50 trading calendar,dropped,price data
POWERGRID,2026-05-28,E_calendar,row on a non-trading day,date absent from the Nifty 50 trading calendar,dropped,price data
POWERGRID,2026-06-26,E_calendar,row on a non-trading day,date absent from the Nifty 50 trading calendar,dropped,price data
POWERGRID,2026-09-14,E_calendar,row on a non-trading day,date absent from the Nifty 50 trading calendar,dropped,price data
POWERGRID,2026-10-02,E_calendar,row on a non-trading day,date absent from the Nifty 50 trading calendar,dropped,price data
POWERGRID,2021-07-29,A_split_bonus,split/bonus verified,Bonus 1:3; Yahoo 1.33333-for-1; price ratio 0.7339,applied,NSE corporate actions; yfinance action history
POWERGRID,2023-09-12,A_split_bonus,split/bonus verified,Bonus 1:3; Yahoo 1.33333-for-1; price ratio 0.7233,applied,NSE corporate actions; yfinance action history
POWERGRID,2025-03-18,A_split_bonus,Adj Close differs from Yahoo by > 0.5%,max gap 1.29% on 2025-03-18,kept our rebuild — dividends from NSE records rather than Yahoo's,yfinance Adj Close vs our rebuild
PREMIERENE,2026-01-15,E_calendar,row on a non-trading day,date absent from the Nifty 50 trading calendar,dropped,price data
PREMIERENE,2026-05-01,E_calendar,row on a non-trading day,date absent from the Nifty 50 trading calendar,dropped,price data
PREMIERENE,2026-05-28,E_calendar,row on a non-trading day,date absent from the Nifty 50 trading calendar,dropped,price data
PREMIERENE,2026-06-26,E_calendar,row on a non-trading day,date absent from the Nifty 50 trading calendar,dropped,price data
PREMIERENE,2026-09-14,E_calendar,row on a non-trading day,date absent from the Nifty 50 trading calendar,dropped,price data
PREMIERENE,2026-10-02,E_calendar,row on a non-trading day,date absent from the Nifty 50 trading calendar,dropped,price data
PREMIERENE,2025-05-02,F_integrity,single-day disagreement with NSE,NSE close ÷ Yahoo close = 1.0161 on one checkpoint only,no level change; day kept,NSE bhavcopy 2025-05-02
PREMIERENE,2025-03-18,A_split_bonus,Adj Close differs from Yahoo by > 0.5%,max gap 0.70% on 2025-03-18,kept our rebuild — dividends from NSE records rather than Yahoo's,yfinance Adj Close vs our rebuild
PRESTIGE,2011-05-31,E_calendar,row on a non-trading day,date absent from the Nifty 50 trading calendar,dropped,price data
PRESTIGE,2011-07-14,E_calendar,row on a non-trading day,date absent from the Nifty 50 trading calendar,dropped,price data
PRESTIGE,2011-11-24,E_calendar,row on a non-trading day,date absent from the Nifty 50 trading calendar,dropped,price data
PRESTIGE,2011-12-26,E_calendar,row on a non-trading day,date absent from the Nifty 50 trading calendar,dropped,price data
PRESTIGE,2012-01-02,E_calendar,row on a non-trading day,date absent from the Nifty 50 trading calendar,dropped,price data
PRESTIGE,2014-04-24,E_calendar,row on a non-trading day,date absent from the Nifty 50 trading calendar,dropped,price data
PRESTIGE,2014-10-15,E_calendar,row on a non-trading day,date absent from the Nifty 50 trading calendar,dropped,price data
PRESTIGE,2026-01-15,E_calendar,row on a non-trading day,date absent from the Nifty 50 trading calendar,dropped,price data
PRESTIGE,2026-05-01,E_calendar,row on a non-trading day,date absent from the Nifty 50 trading calendar,dropped,price data
PRESTIGE,2026-05-28,E_calendar,row on a non-trading day,date absent from the Nifty 50 trading calendar,dropped,price data
PRESTIGE,2026-06-26,E_calendar,row on a non-trading day,date absent from the Nifty 50 trading calendar,dropped,price data
PRESTIGE,2026-09-14,E_calendar,row on a non-trading day,date absent from the Nifty 50 trading calendar,dropped,price data
PRESTIGE,2026-10-02,E_calendar,row on a non-trading day,date absent from the Nifty 50 trading calendar,dropped,price data
PRESTIGE,2025-03-18,A_split_bonus,Adj Close differs from Yahoo by > 0.5%,max gap 3.00% on 2025-03-18,kept our rebuild — dividends from NSE records rather than Yahoo's,yfinance Adj Close vs our rebuild
PNB,2008-11-27,E_calendar,row on a non-trading day,date absent from the Nifty 50 trading calendar,dropped,price data
PNB,2009-04-30,E_calendar,row on a non-trading day,date absent from the Nifty 50 trading calendar,dropped,price data
PNB,2009-10-13,E_calendar,row on a non-trading day,date absent from the Nifty 50 trading calendar,dropped,price data
PNB,2011-05-31,E_calendar,row on a non-trading day,date absent from the Nifty 50 trading calendar,dropped,price data
PNB,2011-07-14,E_calendar,row on a non-trading day,date absent from the Nifty 50 trading calendar,dropped,price data
PNB,2011-11-24,E_calendar,row on a non-trading day,date absent from the Nifty 50 trading calendar,dropped,price data
PNB,2011-12-26,E_calendar,row on a non-trading day,date absent from the Nifty 50 trading calendar,dropped,price data
PNB,2012-01-02,E_calendar,row on a non-trading day,date absent from the Nifty 50 trading calendar,dropped,price data
PNB,2014-04-24,E_calendar,row on a non-trading day,date absent from the Nifty 50 trading calendar,dropped,price data
PNB,2014-10-15,E_calendar,row on a non-trading day,date absent from the Nifty 50 trading calendar,dropped,price data
PNB,2026-01-15,E_calendar,row on a non-trading day,date absent from the Nifty 50 trading calendar,dropped,price data
PNB,2026-05-01,E_calendar,row on a non-trading day,date absent from the Nifty 50 trading calendar,dropped,price data
PNB,2026-05-28,E_calendar,row on a non-trading day,date absent from the Nifty 50 trading calendar,dropped,price data
PNB,2026-06-26,E_calendar,row on a non-trading day,date absent from the Nifty 50 trading calendar,dropped,price data
PNB,2026-09-14,E_calendar,row on a non-trading day,date absent from the Nifty 50 trading calendar,dropped,price data
PNB,2026-10-02,E_calendar,row on a non-trading day,date absent from the Nifty 50 trading calendar,dropped,price data
PNB,2014-12-18,A_split_bonus,split/bonus verified,Face Value Split (Sub-Division) - From Rs 10/- Per Share To Rs 2/- Per Share; Yahoo 5-for-1; price ratio 0.2081,applied,NSE corporate actions; yfinance action history
PNB,2008-03-25,A_split_bonus,Adj Close differs from Yahoo by > 0.5%,max gap 2.10% on 2008-03-25,kept our rebuild — dividends from NSE records rather than Yahoo's,yfinance Adj Close vs our rebuild
PNB,2017-10-25,D_bad_print,daily move beyond ±20%,r = +46.2%,"kept — genuine move: no corporate action within ±3 days, did not revert; Nifty 50 +0.9% that day",price data
RECLTD,2008-11-27,E_calendar,row on a non-trading day,date absent from the Nifty 50 trading calendar,dropped,price data
RECLTD,2009-04-30,E_calendar,row on a non-trading day,date absent from the Nifty 50 trading calendar,dropped,price data
RECLTD,2009-10-13,E_calendar,row on a non-trading day,date absent from the Nifty 50 trading calendar,dropped,price data
RECLTD,2011-05-31,E_calendar,row on a non-trading day,date absent from the Nifty 50 trading calendar,dropped,price data
RECLTD,2011-07-14,E_calendar,row on a non-trading day,date absent from the Nifty 50 trading calendar,dropped,price data
RECLTD,2011-11-24,E_calendar,row on a non-trading day,date absent from the Nifty 50 trading calendar,dropped,price data
RECLTD,2011-12-26,E_calendar,row on a non-trading day,date absent from the Nifty 50 trading calendar,dropped,price data
RECLTD,2012-01-02,E_calendar,row on a non-trading day,date absent from the Nifty 50 trading calendar,dropped,price data
RECLTD,2014-04-24,E_calendar,row on a non-trading day,date absent from the Nifty 50 trading calendar,dropped,price data
RECLTD,2014-10-15,E_calendar,row on a non-trading day,date absent from the Nifty 50 trading calendar,dropped,price data
RECLTD,2026-01-15,E_calendar,row on a non-trading day,date absent from the Nifty 50 trading calendar,dropped,price data
RECLTD,2026-05-01,E_calendar,row on a non-trading day,date absent from the Nifty 50 trading calendar,dropped,price data
RECLTD,2026-05-28,E_calendar,row on a non-trading day,date absent from the Nifty 50 trading calendar,dropped,price data
RECLTD,2026-06-26,E_calendar,row on a non-trading day,date absent from the Nifty 50 trading calendar,dropped,price data
RECLTD,2026-09-14,E_calendar,row on a non-trading day,date absent from the Nifty 50 trading calendar,dropped,price data
RECLTD,2026-10-02,E_calendar,row on a non-trading day,date absent from the Nifty 50 trading calendar,dropped,price data
RECLTD,2016-09-28,A_split_bonus,split/bonus verified,Bonus 1:1; Yahoo 2-for-1; price ratio 0.5001,applied,NSE corporate actions; yfinance action history
RECLTD,2022-08-17,A_split_bonus,split/bonus verified,Bonus 1:3; Yahoo 1.33333-for-1; price ratio 0.7678,applied,NSE corporate actions; yfinance action history
RECLTD,2024-06-04,A_split_bonus,split-like move with no corporate action,price ratio 0.7481 ≈ bonus 1:3 (Nifty 50 -5.9% that day); no split/bonus in NSE or Yahoo records within ±7 days,kept as a genuine move,NSE corporate actions; yfinance action history
RECLTD,2025-03-18,A_split_bonus,Adj Close differs from Yahoo by > 0.5%,max gap 2.09% on 2025-03-18,kept our rebuild — dividends from NSE records rather than Yahoo's,yfinance Adj Close vs our rebuild
RECLTD,2024-06-04,D_bad_print,daily move beyond ±20%,r = -25.2%,"kept — genuine move: no corporate action within ±3 days, did not revert; Nifty 50 -5.9% that day",price data
RADICO,2008-11-27,E_calendar,row on a non-trading day,date absent from the Nifty 50 trading calendar,dropped,price data
RADICO,2009-04-30,E_calendar,row on a non-trading day,date absent from the Nifty 50 trading calendar,dropped,price data
RADICO,2009-10-13,E_calendar,row on a non-trading day,date absent from the Nifty 50 trading calendar,dropped,price data
RADICO,2011-05-31,E_calendar,row on a non-trading day,date absent from the Nifty 50 trading calendar,dropped,price data
RADICO,2011-07-14,E_calendar,row on a non-trading day,date absent from the Nifty 50 trading calendar,dropped,price data
RADICO,2011-11-24,E_calendar,row on a non-trading day,date absent from the Nifty 50 trading calendar,dropped,price data
RADICO,2011-12-26,E_calendar,row on a non-trading day,date absent from the Nifty 50 trading calendar,dropped,price data
RADICO,2012-01-02,E_calendar,row on a non-trading day,date absent from the Nifty 50 trading calendar,dropped,price data
RADICO,2014-04-24,E_calendar,row on a non-trading day,date absent from the Nifty 50 trading calendar,dropped,price data
RADICO,2014-10-15,E_calendar,row on a non-trading day,date absent from the Nifty 50 trading calendar,dropped,price data
RADICO,2026-05-01,E_calendar,row on a non-trading day,date absent from the Nifty 50 trading calendar,dropped,price data
RADICO,2026-05-28,E_calendar,row on a non-trading day,date absent from the Nifty 50 trading calendar,dropped,price data
RADICO,2026-06-26,E_calendar,row on a non-trading day,date absent from the Nifty 50 trading calendar,dropped,price data
RADICO,2026-09-14,E_calendar,row on a non-trading day,date absent from the Nifty 50 trading calendar,dropped,price data
RADICO,2026-10-02,E_calendar,row on a non-trading day,date absent from the Nifty 50 trading calendar,dropped,price data
RADICO,2025-03-18,A_split_bonus,Adj Close differs from Yahoo by > 0.5%,max gap 1.51% on 2025-03-18,kept our rebuild — dividends from NSE records rather than Yahoo's,yfinance Adj Close vs our rebuild
RVNL,2026-01-15,E_calendar,row on a non-trading day,date absent from the Nifty 50 trading calendar,dropped,price data
RVNL,2026-05-01,E_calendar,row on a non-trading day,date absent from the Nifty 50 trading calendar,dropped,price data
RVNL,2026-05-28,E_calendar,row on a non-trading day,date absent from the Nifty 50 trading calendar,dropped,price data
RVNL,2026-06-26,E_calendar,row on a non-trading day,date absent from the Nifty 50 trading calendar,dropped,price data
RVNL,2026-09-14,E_calendar,row on a non-trading day,date absent from the Nifty 50 trading calendar,dropped,price data
RVNL,2026-10-02,E_calendar,row on a non-trading day,date absent from the Nifty 50 trading calendar,dropped,price data
RVNL,2025-03-18,A_split_bonus,Adj Close differs from Yahoo by > 0.5%,max gap 1.43% on 2025-03-18,kept our rebuild — dividends from NSE records rather than Yahoo's,yfinance Adj Close vs our rebuild
RELIANCE,2008-11-27,E_calendar,row on a non-trading day,date absent from the Nifty 50 trading calendar,dropped,price data
RELIANCE,2009-04-30,E_calendar,row on a non-trading day,date absent from the Nifty 50 trading calendar,dropped,price data
RELIANCE,2009-10-13,E_calendar,row on a non-trading day,date absent from the Nifty 50 trading calendar,dropped,price data
RELIANCE,2011-05-31,E_calendar,row on a non-trading day,date absent from the Nifty 50 trading calendar,dropped,price data
RELIANCE,2011-07-14,E_calendar,row on a non-trading day,date absent from the Nifty 50 trading calendar,dropped,price data
RELIANCE,2011-11-24,E_calendar,row on a non-trading day,date absent from the Nifty 50 trading calendar,dropped,price data
RELIANCE,2011-12-26,E_calendar,row on a non-trading day,date absent from the Nifty 50 trading calendar,dropped,price data
RELIANCE,2012-01-02,E_calendar,row on a non-trading day,date absent from the Nifty 50 trading calendar,dropped,price data
RELIANCE,2014-04-24,E_calendar,row on a non-trading day,date absent from the Nifty 50 trading calendar,dropped,price data
RELIANCE,2014-10-15,E_calendar,row on a non-trading day,date absent from the Nifty 50 trading calendar,dropped,price data
RELIANCE,2026-01-15,E_calendar,row on a non-trading day,date absent from the Nifty 50 trading calendar,dropped,price data
RELIANCE,2026-05-01,E_calendar,row on a non-trading day,date absent from the Nifty 50 trading calendar,dropped,price data
RELIANCE,2026-05-28,E_calendar,row on a non-trading day,date absent from the Nifty 50 trading calendar,dropped,price data
RELIANCE,2026-06-26,E_calendar,row on a non-trading day,date absent from the Nifty 50 trading calendar,dropped,price data
RELIANCE,2026-09-14,E_calendar,row on a non-trading day,date absent from the Nifty 50 trading calendar,dropped,price data
RELIANCE,2026-10-02,E_calendar,row on a non-trading day,date absent from the Nifty 50 trading calendar,dropped,price data
RELIANCE,2023-07-20,A_split_bonus,Yahoo price level inconsistent with NSE,NSE close ÷ Yahoo close steps from 1.0834 to 1.0000 (Yahoo applied an unrecorded factor 1.0834 to earlier prices). NSE actions: Demerger,rescaled Yahoo's history to NSE's official closes; adjustment rebuilt from NSE actions below,NSE bhavcopies (bisection to 2023-07-20)
RELIANCE,2009-11-26,A_split_bonus,split/bonus verified,Bonus 1:1; Yahoo 2-for-1; price ratio 0.4847,applied,NSE corporate actions; yfinance action history
RELIANCE,2017-09-07,A_split_bonus,split/bonus verified,Bonus 1:1; Yahoo 2-for-1; price ratio 0.4972,applied,NSE corporate actions; yfinance action history
RELIANCE,2024-10-28,A_split_bonus,split/bonus verified,Bonus 1:1; Yahoo 2-for-1; price ratio 0.5024,applied,NSE corporate actions; yfinance action history
RELIANCE,2023-07-20,B_demerger,demerger adjusted with official ratio,one-day price ratio 0.9132 (Nifty 50 +0.7%); official factor 0.9079,pre-event history multiplied by the official factor,"NSE special pre-open session price discovery: opening price ₹2,580.00 on 2023-07-20 vs previous close ₹2,841.85 on 2023-07-19 (NSE bhavcopies; SPOS framework https://www.nseindia.com/products-services/equity-market-special-pre-open-session)"
RELIANCE,2020-05-13,A_split_bonus,rights issue adjusted,"Rights 1:15 @ Premium Rs 1247; cum-rights close ₹1,479.25; subscription ₹1,257.00; factor 0.9906",pre-event history multiplied by the theoretical ex-rights factor,NSE corporate actions (Rights 1:15 @ Premium Rs 1247)
RELIANCE,2019-08-08,A_split_bonus,Adj Close differs from Yahoo by > 0.5%,max gap 1.55% on 2019-08-08,kept our rebuild — 1 Yahoo level error(s) corrected against NSE; demerger handled differently from Yahoo; dividends from NSE records rather than Yahoo's,yfinance Adj Close vs our rebuild
RELIANCE,2009-05-18,D_bad_print,daily move beyond ±20%,r = +21.4%,"kept — genuine move: no corporate action within ±3 days, did not revert; Nifty 50 +17.7% that day",price data
SBICARD,2026-01-15,E_calendar,row on a non-trading day,date absent from the Nifty 50 trading calendar,dropped,price data
SBICARD,2026-05-01,E_calendar,row on a non-trading day,date absent from the Nifty 50 trading calendar,dropped,price data
SBICARD,2026-05-28,E_calendar,row on a non-trading day,date absent from the Nifty 50 trading calendar,dropped,price data
SBICARD,2026-06-26,E_calendar,row on a non-trading day,date absent from the Nifty 50 trading calendar,dropped,price data
SBICARD,2026-09-14,E_calendar,row on a non-trading day,date absent from the Nifty 50 trading calendar,dropped,price data
SBICARD,2026-10-02,E_calendar,row on a non-trading day,date absent from the Nifty 50 trading calendar,dropped,price data
SBILIFE,2026-01-15,E_calendar,row on a non-trading day,date absent from the Nifty 50 trading calendar,dropped,price data
SBILIFE,2026-05-01,E_calendar,row on a non-trading day,date absent from the Nifty 50 trading calendar,dropped,price data
SBILIFE,2026-05-28,E_calendar,row on a non-trading day,date absent from the Nifty 50 trading calendar,dropped,price data
SBILIFE,2026-06-26,E_calendar,row on a non-trading day,date absent from the Nifty 50 trading calendar,dropped,price data
SBILIFE,2026-09-14,E_calendar,row on a non-trading day,date absent from the Nifty 50 trading calendar,dropped,price data
SBILIFE,2026-10-02,E_calendar,row on a non-trading day,date absent from the Nifty 50 trading calendar,dropped,price data
SBILIFE,2025-03-18,A_split_bonus,Adj Close differs from Yahoo by > 0.5%,max gap 1.62% on 2025-03-18,kept our rebuild — dividends from NSE records rather than Yahoo's,yfinance Adj Close vs our rebuild
SRF,2008-11-27,E_calendar,row on a non-trading day,date absent from the Nifty 50 trading calendar,dropped,price data
SRF,2009-04-30,E_calendar,row on a non-trading day,date absent from the Nifty 50 trading calendar,dropped,price data
SRF,2009-10-13,E_calendar,row on a non-trading day,date absent from the Nifty 50 trading calendar,dropped,price data
SRF,2011-05-31,E_calendar,row on a non-trading day,date absent from the Nifty 50 trading calendar,dropped,price data
SRF,2011-07-14,E_calendar,row on a non-trading day,date absent from the Nifty 50 trading calendar,dropped,price data
SRF,2011-11-24,E_calendar,row on a non-trading day,date absent from the Nifty 50 trading calendar,dropped,price data
SRF,2011-12-26,E_calendar,row on a non-trading day,date absent from the Nifty 50 trading calendar,dropped,price data
SRF,2012-01-02,E_calendar,row on a non-trading day,date absent from the Nifty 50 trading calendar,dropped,price data
SRF,2014-04-24,E_calendar,row on a non-trading day,date absent from the Nifty 50 trading calendar,dropped,price data
SRF,2014-10-15,E_calendar,row on a non-trading day,date absent from the Nifty 50 trading calendar,dropped,price data
SRF,2026-01-15,E_calendar,row on a non-trading day,date absent from the Nifty 50 trading calendar,dropped,price data
SRF,2026-05-01,E_calendar,row on a non-trading day,date absent from the Nifty 50 trading calendar,dropped,price data
SRF,2026-05-28,E_calendar,row on a non-trading day,date absent from the Nifty 50 trading calendar,dropped,price data
SRF,2026-06-26,E_calendar,row on a non-trading day,date absent from the Nifty 50 trading calendar,dropped,price data
SRF,2026-09-14,E_calendar,row on a non-trading day,date absent from the Nifty 50 trading calendar,dropped,price data
SRF,2021-10-13,A_split_bonus,split/bonus verified,Bonus 4:1; Yahoo 5-for-1; price ratio 0.1931,applied,NSE corporate actions; yfinance action history
SRF,2025-03-18,A_split_bonus,Adj Close differs from Yahoo by > 0.5%,max gap 0.71% on 2025-03-18,kept our rebuild — dividends from NSE records rather than Yahoo's,yfinance Adj Close vs our rebuild
SRF,2008-01-21,D_bad_print,daily move beyond ±20%,r = -21.3%,"kept — genuine move: no corporate action within ±3 days, did not revert; Nifty 50 -8.7% that day",price data
SRF,2013-12-02,D_bad_print,daily move beyond ±20%,r = +27.1%,"kept — genuine move: no corporate action within ±3 days, did not revert; Nifty 50 +0.7% that day",price data
MOTHERSON,2008-11-27,E_calendar,row on a non-trading day,date absent from the Nifty 50 trading calendar,dropped,price data
MOTHERSON,2009-04-30,E_calendar,row on a non-trading day,date absent from the Nifty 50 trading calendar,dropped,price data
MOTHERSON,2009-10-13,E_calendar,row on a non-trading day,date absent from the Nifty 50 trading calendar,dropped,price data
MOTHERSON,2011-05-31,E_calendar,row on a non-trading day,date absent from the Nifty 50 trading calendar,dropped,price data
MOTHERSON,2011-07-14,E_calendar,row on a non-trading day,date absent from the Nifty 50 trading calendar,dropped,price data
MOTHERSON,2011-11-24,E_calendar,row on a non-trading day,date absent from the Nifty 50 trading calendar,dropped,price data
MOTHERSON,2011-12-26,E_calendar,row on a non-trading day,date absent from the Nifty 50 trading calendar,dropped,price data
MOTHERSON,2012-01-02,E_calendar,row on a non-trading day,date absent from the Nifty 50 trading calendar,dropped,price data
MOTHERSON,2014-04-24,E_calendar,row on a non-trading day,date absent from the Nifty 50 trading calendar,dropped,price data
MOTHERSON,2014-10-15,E_calendar,row on a non-trading day,date absent from the Nifty 50 trading calendar,dropped,price data
MOTHERSON,2026-01-15,E_calendar,row on a non-trading day,date absent from the Nifty 50 trading calendar,dropped,price data
MOTHERSON,2026-05-01,E_calendar,row on a non-trading day,date absent from the Nifty 50 trading calendar,dropped,price data
MOTHERSON,2026-05-28,E_calendar,row on a non-trading day,date absent from the Nifty 50 trading calendar,dropped,price data
MOTHERSON,2026-06-26,E_calendar,row on a non-trading day,date absent from the Nifty 50 trading calendar,dropped,price data
MOTHERSON,2026-09-14,E_calendar,row on a non-trading day,date absent from the Nifty 50 trading calendar,dropped,price data
MOTHERSON,2026-10-02,E_calendar,row on a non-trading day,date absent from the Nifty 50 trading calendar,dropped,price data
MOTHERSON,2022-01-14,A_split_bonus,Yahoo price level inconsistent with NSE,NSE close ÷ Yahoo close steps from 1.6267 to 1.0000 (Yahoo applied an unrecorded factor 1.6267 to earlier prices). NSE actions: Demerger,rescaled Yahoo's history to NSE's official closes; adjustment rebuilt from NSE actions below,NSE bhavcopies (bisection to 2022-01-14)
MOTHERSON,2012-10-03,A_split_bonus,split/bonus verified,Bonus 1:2; Yahoo 1.5-for-1; price ratio 0.6827,applied,NSE corporate actions; yfinance action history
MOTHERSON,2013-12-20,A_split_bonus,split/bonus verified,Bonus 1:2; Yahoo 1.5-for-1; price ratio 0.6871,applied,NSE corporate actions; yfinance action history
MOTHERSON,2015-07-23,A_split_bonus,split/bonus verified,Bonus - 1:2; Yahoo 1.5-for-1; price ratio 0.6681,applied,NSE corporate actions; yfinance action history
MOTHERSON,2017-07-05,A_split_bonus,split/bonus verified,Bonus 1:2; Yahoo 1.5-for-1; price ratio 0.6663,applied,NSE corporate actions; yfinance action history
MOTHERSON,2018-10-30,A_split_bonus,split/bonus verified,Bonus 1:2; Yahoo 1.5-for-1; price ratio 0.7077,applied,NSE corporate actions; yfinance action history
MOTHERSON,2022-10-03,A_split_bonus,split/bonus verified,Bonus 1:2; Yahoo 1.5-for-1; price ratio 0.6693,applied,NSE corporate actions; yfinance action history
MOTHERSON,2025-07-18,A_split_bonus,split/bonus verified,Bonus 1:2; Yahoo 1.5-for-1; price ratio 0.6562,applied,NSE corporate actions; yfinance action history
MOTHERSON,2022-01-14,B_demerger,demerger: no official ratio found,"one-day price ratio 0.7902, -21.0% vs Nifty 50","dropped that single day's return (missing, not a loss)",NSE corporate actions (Demerger)
MOTHERSON,2020-03-12,A_split_bonus,split-like move with no corporate action,price ratio 0.7565 ≈ bonus 1:3 (Nifty 50 -8.3% that day); no split/bonus in NSE or Yahoo records within ±7 days,kept as a genuine move,NSE corporate actions; yfinance action history
MOTHERSON,2009-01-09,D_bad_print,spike-and-revert (bad tick),"r_t = +17.4%, r_t+1 = -14.2%, no corporate action",set to missing and forward-filled,price data
MOTHERSON,2008-03-07,A_split_bonus,Adj Close differs from Yahoo by > 0.5%,max gap 44.47% on 2008-03-07,kept our rebuild — 1 Yahoo level error(s) corrected against NSE; demerger handled differently from Yahoo; dividends from NSE records rather than Yahoo's,yfinance Adj Close vs our rebuild
MOTHERSON,2008-12-15,D_bad_print,daily move beyond ±20%,r = +20.0%,"kept — genuine move: no corporate action within ±3 days, did not revert; Nifty 50 +2.0% that day",price data
MOTHERSON,2009-02-13,D_bad_print,daily move beyond ±20%,r = +20.1%,"kept — genuine move: no corporate action within ±3 days, did not revert; Nifty 50 +1.9% that day",price data
MOTHERSON,2020-03-12,D_bad_print,daily move beyond ±20%,r = -23.1%,"kept — genuine move: no corporate action within ±3 days, did not revert; Nifty 50 -8.3% that day",price data
SHRIRAMFIN,2008-11-27,E_calendar,row on a non-trading day,date absent from the Nifty 50 trading calendar,dropped,price data
SHRIRAMFIN,2009-04-30,E_calendar,row on a non-trading day,date absent from the Nifty 50 trading calendar,dropped,price data
SHRIRAMFIN,2009-10-13,E_calendar,row on a non-trading day,date absent from the Nifty 50 trading calendar,dropped,price data
SHRIRAMFIN,2011-05-31,E_calendar,row on a non-trading day,date absent from the Nifty 50 trading calendar,dropped,price data
SHRIRAMFIN,2011-07-14,E_calendar,row on a non-trading day,date absent from the Nifty 50 trading calendar,dropped,price data
SHRIRAMFIN,2011-11-24,E_calendar,row on a non-trading day,date absent from the Nifty 50 trading calendar,dropped,price data
SHRIRAMFIN,2011-12-26,E_calendar,row on a non-trading day,date absent from the Nifty 50 trading calendar,dropped,price data
SHRIRAMFIN,2012-01-02,E_calendar,row on a non-trading day,date absent from the Nifty 50 trading calendar,dropped,price data
SHRIRAMFIN,2014-04-24,E_calendar,row on a non-trading day,date absent from the Nifty 50 trading calendar,dropped,price data
SHRIRAMFIN,2014-10-15,E_calendar,row on a non-trading day,date absent from the Nifty 50 trading calendar,dropped,price data
SHRIRAMFIN,2026-01-15,E_calendar,row on a non-trading day,date absent from the Nifty 50 trading calendar,dropped,price data
SHRIRAMFIN,2026-05-01,E_calendar,row on a non-trading day,date absent from the Nifty 50 trading calendar,dropped,price data
SHRIRAMFIN,2026-05-28,E_calendar,row on a non-trading day,date absent from the Nifty 50 trading calendar,dropped,price data
SHRIRAMFIN,2026-06-26,E_calendar,row on a non-trading day,date absent from the Nifty 50 trading calendar,dropped,price data
SHRIRAMFIN,2026-09-14,E_calendar,row on a non-trading day,date absent from the Nifty 50 trading calendar,dropped,price data
SHRIRAMFIN,2026-10-02,E_calendar,row on a non-trading day,date absent from the Nifty 50 trading calendar,dropped,price data
SHRIRAMFIN,2020-07-09,A_split_bonus,Yahoo price level inconsistent with NSE,NSE close ÷ Yahoo close steps from 1.0263 to 1.0000 (Yahoo applied an unrecorded factor 1.0263 to earlier prices). NSE actions: Rights 3:26 @ Premium Rs 560/-,rescaled Yahoo's history to NSE's official closes; adjustment rebuilt from NSE actions below,NSE bhavcopies (bisection to 2020-07-09)
SHRIRAMFIN,2025-01-10,A_split_bonus,split/bonus verified,Face Value Split (Sub-Division) - From Rs 10/- Per Share To Rs 2/- Per Share; Yahoo 5-for-1; price ratio 0.1893,applied,NSE corporate actions; yfinance action history
SHRIRAMFIN,2020-07-09,A_split_bonus,rights issue adjusted,Rights 3:26 @ Premium Rs 560/-; cum-rights close ₹757.90; subscription ₹562.00; factor 0.9733,pre-event history multiplied by the theoretical ex-rights factor,NSE corporate actions (Rights 3:26 @ Premium Rs 560/-)
SHRIRAMFIN,2020-04-17,D_bad_print,spike-and-revert confirmed genuine,"r_t = +17.7%, r_t+1 = -14.6%; the exchange's official close agrees",kept (real move),NSE bhavcopy
SHRIRAMFIN,2025-03-18,A_split_bonus,Adj Close differs from Yahoo by > 0.5%,max gap 3.06% on 2025-03-18,kept our rebuild — 1 Yahoo level error(s) corrected against NSE; demerger handled differently from Yahoo; dividends from NSE records rather than Yahoo's,yfinance Adj Close vs our rebuild
SHRIRAMFIN,2020-03-23,D_bad_print,daily move beyond ±20%,r = -22.2%,"kept — genuine move: no corporate action within ±3 days, did not revert; Nifty 50 -13.0% that day",price data
ENRIN,2026-01-15,E_calendar,row on a non-trading day,date absent from the Nifty 50 trading calendar,dropped,price data
ENRIN,2026-05-01,E_calendar,row on a non-trading day,date absent from the Nifty 50 trading calendar,dropped,price data
ENRIN,2026-05-28,E_calendar,row on a non-trading day,date absent from the Nifty 50 trading calendar,dropped,price data
ENRIN,2026-06-26,E_calendar,row on a non-trading day,date absent from the Nifty 50 trading calendar,dropped,price data
ENRIN,2026-09-14,E_calendar,row on a non-trading day,date absent from the Nifty 50 trading calendar,dropped,price data
ENRIN,2026-10-02,E_calendar,row on a non-trading day,date absent from the Nifty 50 trading calendar,dropped,price data
ENRIN,2025-07-03,C_symbol,Yahoo history before NSE listing,"Yahoo has prices from 2025-06-19, but NSE's bhavcopy first lists ENRIN on 2025-07-03",dropped Yahoo rows before 2025-07-03,NSE bhavcopies
SIEMENS,2008-11-27,E_calendar,row on a non-trading day,date absent from the Nifty 50 trading calendar,dropped,price data
SIEMENS,2009-04-30,E_calendar,row on a non-trading day,date absent from the Nifty 50 trading calendar,dropped,price data
SIEMENS,2009-10-13,E_calendar,row on a non-trading day,date absent from the Nifty 50 trading calendar,dropped,price data
SIEMENS,2011-05-31,E_calendar,row on a non-trading day,date absent from the Nifty 50 trading calendar,dropped,price data
SIEMENS,2011-07-14,E_calendar,row on a non-trading day,date absent from the Nifty 50 trading calendar,dropped,price data
SIEMENS,2011-11-24,E_calendar,row on a non-trading day,date absent from the Nifty 50 trading calendar,dropped,price data
SIEMENS,2011-12-26,E_calendar,row on a non-trading day,date absent from the Nifty 50 trading calendar,dropped,price data
SIEMENS,2012-01-02,E_calendar,row on a non-trading day,date absent from the Nifty 50 trading calendar,dropped,price data
SIEMENS,2014-04-24,E_calendar,row on a non-trading day,date absent from the Nifty 50 trading calendar,dropped,price data
SIEMENS,2014-10-15,E_calendar,row on a non-trading day,date absent from the Nifty 50 trading calendar,dropped,price data
SIEMENS,2026-05-01,E_calendar,row on a non-trading day,date absent from the Nifty 50 trading calendar,dropped,price data
SIEMENS,2026-05-28,E_calendar,row on a non-trading day,date absent from the Nifty 50 trading calendar,dropped,price data
SIEMENS,2026-06-26,E_calendar,row on a non-trading day,date absent from the Nifty 50 trading calendar,dropped,price data
SIEMENS,2026-09-14,E_calendar,row on a non-trading day,date absent from the Nifty 50 trading calendar,dropped,price data
SIEMENS,2026-10-02,E_calendar,row on a non-trading day,date absent from the Nifty 50 trading calendar,dropped,price data
SIEMENS,2025-04-07,A_split_bonus,Yahoo price level inconsistent with NSE,NSE close ÷ Yahoo close steps from 1.7036 to 1.0025 (Yahoo applied an unrecorded factor 1.6994 to earlier prices). NSE actions: Demerger,rescaled Yahoo's history to NSE's official closes; adjustment rebuilt from NSE actions below,NSE bhavcopies (bisection to 2025-04-07)
SIEMENS,2008-02-29,A_split_bonus,split/bonus verified,Bonus 1:1; Yahoo 2-for-1; price ratio 0.4772,applied,NSE corporate actions; yfinance action history
SIEMENS,2025-04-07,B_demerger,demerger adjusted with official ratio,one-day price ratio 0.5707 (Nifty 50 -3.2%); official factor 0.4971,pre-event history multiplied by the official factor,"NSE special pre-open session price discovery: opening price ₹2,450.00 on 2025-04-07 vs previous close ₹4,928.15 on 2025-04-04 (NSE bhavcopies; SPOS framework https://www.nseindia.com/products-services/equity-market-special-pre-open-session)"
SIEMENS,2025-02-20,A_split_bonus,Adj Close differs from Yahoo by > 0.5%,max gap 15.31% on 2025-02-20,kept our rebuild — 1 Yahoo level error(s) corrected against NSE; demerger handled differently from Yahoo; dividends from NSE records rather than Yahoo's,yfinance Adj Close vs our rebuild
SOLARINDS,2008-11-27,E_calendar,row on a non-trading day,date absent from the Nifty 50 trading calendar,dropped,price data
SOLARINDS,2009-04-30,E_calendar,row on a non-trading day,date absent from the Nifty 50 trading calendar,dropped,price data
SOLARINDS,2009-10-13,E_calendar,row on a non-trading day,date absent from the Nifty 50 trading calendar,dropped,price data
SOLARINDS,2011-05-31,E_calendar,row on a non-trading day,date absent from the Nifty 50 trading calendar,dropped,price data
SOLARINDS,2011-07-14,E_calendar,row on a non-trading day,date absent from the Nifty 50 trading calendar,dropped,price data
SOLARINDS,2011-11-24,E_calendar,row on a non-trading day,date absent from the Nifty 50 trading calendar,dropped,price data
SOLARINDS,2011-12-26,E_calendar,row on a non-trading day,date absent from the Nifty 50 trading calendar,dropped,price data
SOLARINDS,2012-01-02,E_calendar,row on a non-trading day,date absent from the Nifty 50 trading calendar,dropped,price data
SOLARINDS,2014-04-24,E_calendar,row on a non-trading day,date absent from the Nifty 50 trading calendar,dropped,price data
SOLARINDS,2014-10-15,E_calendar,row on a non-trading day,date absent from the Nifty 50 trading calendar,dropped,price data
SOLARINDS,2026-05-01,E_calendar,row on a non-trading day,date absent from the Nifty 50 trading calendar,dropped,price data
SOLARINDS,2026-05-28,E_calendar,row on a non-trading day,date absent from the Nifty 50 trading calendar,dropped,price data
SOLARINDS,2026-06-26,E_calendar,row on a non-trading day,date absent from the Nifty 50 trading calendar,dropped,price data
SOLARINDS,2026-09-14,E_calendar,row on a non-trading day,date absent from the Nifty 50 trading calendar,dropped,price data
SOLARINDS,2026-10-02,E_calendar,row on a non-trading day,date absent from the Nifty 50 trading calendar,dropped,price data
SOLARINDS,2016-07-13,A_split_bonus,split/bonus verified,Fv Splt Frm Rs 10 To Rs 2; Yahoo 5-for-1; price ratio 0.2001,applied,NSE corporate actions; yfinance action history
SOLARINDS,2007-09-18,A_split_bonus,Adj Close differs from Yahoo by > 0.5%,max gap 0.76% on 2007-09-18,kept our rebuild — dividends from NSE records rather than Yahoo's,yfinance Adj Close vs our rebuild
SBIN,2008-11-27,E_calendar,row on a non-trading day,date absent from the Nifty 50 trading calendar,dropped,price data
SBIN,2009-04-30,E_calendar,row on a non-trading day,date absent from the Nifty 50 trading calendar,dropped,price data
SBIN,2009-10-13,E_calendar,row on a non-trading day,date absent from the Nifty 50 trading calendar,dropped,price data
SBIN,2011-05-31,E_calendar,row on a non-trading day,date absent from the Nifty 50 trading calendar,dropped,price data
SBIN,2011-07-14,E_calendar,row on a non-trading day,date absent from the Nifty 50 trading calendar,dropped,price data
SBIN,2011-11-24,E_calendar,row on a non-trading day,date absent from the Nifty 50 trading calendar,dropped,price data
SBIN,2011-12-26,E_calendar,row on a non-trading day,date absent from the Nifty 50 trading calendar,dropped,price data
SBIN,2012-01-02,E_calendar,row on a non-trading day,date absent from the Nifty 50 trading calendar,dropped,price data
SBIN,2014-04-24,E_calendar,row on a non-trading day,date absent from the Nifty 50 trading calendar,dropped,price data
SBIN,2014-10-15,E_calendar,row on a non-trading day,date absent from the Nifty 50 trading calendar,dropped,price data
SBIN,2026-01-15,E_calendar,row on a non-trading day,date absent from the Nifty 50 trading calendar,dropped,price data
SBIN,2026-05-01,E_calendar,row on a non-trading day,date absent from the Nifty 50 trading calendar,dropped,price data
SBIN,2026-05-28,E_calendar,row on a non-trading day,date absent from the Nifty 50 trading calendar,dropped,price data
SBIN,2026-06-26,E_calendar,row on a non-trading day,date absent from the Nifty 50 trading calendar,dropped,price data
SBIN,2026-09-14,E_calendar,row on a non-trading day,date absent from the Nifty 50 trading calendar,dropped,price data
SBIN,2026-10-02,E_calendar,row on a non-trading day,date absent from the Nifty 50 trading calendar,dropped,price data
SBIN,2008-01-28,A_split_bonus,Yahoo price level inconsistent with NSE,NSE close ÷ Yahoo close steps from 1.0599 to 1.0000 (Yahoo applied an unrecorded factor 1.0599 to earlier prices). NSE actions: Rights-Eq 1:5@Prem Rs1580,rescaled Yahoo's history to NSE's official closes; adjustment rebuilt from NSE actions below,NSE bhavcopies (bisection to 2008-01-28)
SBIN,2014-11-20,A_split_bonus,split/bonus verified,Face Value Split Rs.10/- To Re.1/- Per Share; Yahoo 10-for-1; price ratio 0.1021,applied,NSE corporate actions; yfinance action history
SBIN,2008-01-28,A_split_bonus,rights issue adjusted,"Rights-Eq 1:5@Prem Rs1580; cum-rights close ₹2,407.40; subscription ₹1,581.00; factor 0.9428",pre-event history multiplied by the theoretical ex-rights factor,NSE corporate actions (Rights-Eq 1:5@Prem Rs1580)
SBIN,2025-03-18,A_split_bonus,Adj Close differs from Yahoo by > 0.5%,max gap 1.87% on 2025-03-18,kept our rebuild — 1 Yahoo level error(s) corrected against NSE; demerger handled differently from Yahoo; dividends from NSE records rather than Yahoo's,yfinance Adj Close vs our rebuild
SBIN,2009-05-18,D_bad_print,daily move beyond ±20%,r = +20.0%,"kept — genuine move: no corporate action within ±3 days, did not revert; Nifty 50 +17.7% that day",price data
SBIN,2017-10-25,D_bad_print,daily move beyond ±20%,r = +27.7%,"kept — genuine move: no corporate action within ±3 days, did not revert; Nifty 50 +0.9% that day",price data
SAIL,2008-11-27,E_calendar,row on a non-trading day,date absent from the Nifty 50 trading calendar,dropped,price data
SAIL,2009-04-30,E_calendar,row on a non-trading day,date absent from the Nifty 50 trading calendar,dropped,price data
SAIL,2009-10-13,E_calendar,row on a non-trading day,date absent from the Nifty 50 trading calendar,dropped,price data
SAIL,2011-05-31,E_calendar,row on a non-trading day,date absent from the Nifty 50 trading calendar,dropped,price data
SAIL,2011-07-14,E_calendar,row on a non-trading day,date absent from the Nifty 50 trading calendar,dropped,price data
SAIL,2011-11-24,E_calendar,row on a non-trading day,date absent from the Nifty 50 trading calendar,dropped,price data
SAIL,2011-12-26,E_calendar,row on a non-trading day,date absent from the Nifty 50 trading calendar,dropped,price data
SAIL,2012-01-02,E_calendar,row on a non-trading day,date absent from the Nifty 50 trading calendar,dropped,price data
SAIL,2014-04-24,E_calendar,row on a non-trading day,date absent from the Nifty 50 trading calendar,dropped,price data
SAIL,2014-10-15,E_calendar,row on a non-trading day,date absent from the Nifty 50 trading calendar,dropped,price data
SAIL,2026-01-15,E_calendar,row on a non-trading day,date absent from the Nifty 50 trading calendar,dropped,price data
SAIL,2026-05-01,E_calendar,row on a non-trading day,date absent from the Nifty 50 trading calendar,dropped,price data
SAIL,2026-05-28,E_calendar,row on a non-trading day,date absent from the Nifty 50 trading calendar,dropped,price data
SAIL,2026-06-26,E_calendar,row on a non-trading day,date absent from the Nifty 50 trading calendar,dropped,price data
SAIL,2026-09-14,E_calendar,row on a non-trading day,date absent from the Nifty 50 trading calendar,dropped,price data
SAIL,2026-10-02,E_calendar,row on a non-trading day,date absent from the Nifty 50 trading calendar,dropped,price data
SAIL,2025-03-18,A_split_bonus,Adj Close differs from Yahoo by > 0.5%,max gap 2.61% on 2025-03-18,kept our rebuild — dividends from NSE records rather than Yahoo's,yfinance Adj Close vs our rebuild
SAIL,2009-05-18,D_bad_print,daily move beyond ±20%,r = +21.2%,"kept — genuine move: no corporate action within ±3 days, did not revert; Nifty 50 +17.7% that day",price data
SAIL,2024-06-04,D_bad_print,daily move beyond ±20%,r = -20.0%,"kept — genuine move: no corporate action within ±3 days, did not revert; Nifty 50 -5.9% that day",price data
SUNPHARMA,2008-11-27,E_calendar,row on a non-trading day,date absent from the Nifty 50 trading calendar,dropped,price data
SUNPHARMA,2009-04-30,E_calendar,row on a non-trading day,date absent from the Nifty 50 trading calendar,dropped,price data
SUNPHARMA,2009-10-13,E_calendar,row on a non-trading day,date absent from the Nifty 50 trading calendar,dropped,price data
SUNPHARMA,2011-05-31,E_calendar,row on a non-trading day,date absent from the Nifty 50 trading calendar,dropped,price data
SUNPHARMA,2011-07-14,E_calendar,row on a non-trading day,date absent from the Nifty 50 trading calendar,dropped,price data
SUNPHARMA,2011-11-24,E_calendar,row on a non-trading day,date absent from the Nifty 50 trading calendar,dropped,price data
SUNPHARMA,2011-12-26,E_calendar,row on a non-trading day,date absent from the Nifty 50 trading calendar,dropped,price data
SUNPHARMA,2012-01-02,E_calendar,row on a non-trading day,date absent from the Nifty 50 trading calendar,dropped,price data
SUNPHARMA,2014-04-24,E_calendar,row on a non-trading day,date absent from the Nifty 50 trading calendar,dropped,price data
SUNPHARMA,2014-10-15,E_calendar,row on a non-trading day,date absent from the Nifty 50 trading calendar,dropped,price data
SUNPHARMA,2026-01-15,E_calendar,row on a non-trading day,date absent from the Nifty 50 trading calendar,dropped,price data
SUNPHARMA,2026-05-01,E_calendar,row on a non-trading day,date absent from the Nifty 50 trading calendar,dropped,price data
SUNPHARMA,2026-05-28,E_calendar,row on a non-trading day,date absent from the Nifty 50 trading calendar,dropped,price data
SUNPHARMA,2026-06-26,E_calendar,row on a non-trading day,date absent from the Nifty 50 trading calendar,dropped,price data
SUNPHARMA,2026-09-14,E_calendar,row on a non-trading day,date absent from the Nifty 50 trading calendar,dropped,price data
SUNPHARMA,2026-10-02,E_calendar,row on a non-trading day,date absent from the Nifty 50 trading calendar,dropped,price data
SUNPHARMA,2010-11-25,A_split_bonus,split/bonus verified,Face Value Split From Rs.5/- To Re.1/-; Yahoo 5-for-1; price ratio 0.1997,applied,NSE corporate actions; yfinance action history
SUNPHARMA,2013-07-29,A_split_bonus,split/bonus verified,Bonus 1:1; Yahoo 2-for-1; price ratio 0.5095,applied,NSE corporate actions; yfinance action history
SUNPHARMA,2025-03-18,A_split_bonus,Adj Close differs from Yahoo by > 0.5%,max gap 2.55% on 2025-03-18,kept our rebuild — dividends from NSE records rather than Yahoo's,yfinance Adj Close vs our rebuild
SUNPHARMA,2009-05-18,D_bad_print,daily move beyond ±20%,r = +22.1%,"kept — genuine move: no corporate action within ±3 days, did not revert; Nifty 50 +17.7% that day",price data
SUPREMEIND,2008-11-27,E_calendar,row on a non-trading day,date absent from the Nifty 50 trading calendar,dropped,price data
SUPREMEIND,2009-04-30,E_calendar,row on a non-trading day,date absent from the Nifty 50 trading calendar,dropped,price data
SUPREMEIND,2009-10-13,E_calendar,row on a non-trading day,date absent from the Nifty 50 trading calendar,dropped,price data
SUPREMEIND,2011-05-31,E_calendar,row on a non-trading day,date absent from the Nifty 50 trading calendar,dropped,price data
SUPREMEIND,2011-07-14,E_calendar,row on a non-trading day,date absent from the Nifty 50 trading calendar,dropped,price data
SUPREMEIND,2011-11-24,E_calendar,row on a non-trading day,date absent from the Nifty 50 trading calendar,dropped,price data
SUPREMEIND,2011-12-26,E_calendar,row on a non-trading day,date absent from the Nifty 50 trading calendar,dropped,price data
SUPREMEIND,2012-01-02,E_calendar,row on a non-trading day,date absent from the Nifty 50 trading calendar,dropped,price data
SUPREMEIND,2014-04-24,E_calendar,row on a non-trading day,date absent from the Nifty 50 trading calendar,dropped,price data
SUPREMEIND,2014-10-15,E_calendar,row on a non-trading day,date absent from the Nifty 50 trading calendar,dropped,price data
SUPREMEIND,2026-01-15,E_calendar,row on a non-trading day,date absent from the Nifty 50 trading calendar,dropped,price data
SUPREMEIND,2026-05-01,E_calendar,row on a non-trading day,date absent from the Nifty 50 trading calendar,dropped,price data
SUPREMEIND,2026-05-28,E_calendar,row on a non-trading day,date absent from the Nifty 50 trading calendar,dropped,price data
SUPREMEIND,2026-06-26,E_calendar,row on a non-trading day,date absent from the Nifty 50 trading calendar,dropped,price data
SUPREMEIND,2026-09-14,E_calendar,row on a non-trading day,date absent from the Nifty 50 trading calendar,dropped,price data
SUPREMEIND,2026-10-02,E_calendar,row on a non-trading day,date absent from the Nifty 50 trading calendar,dropped,price data
SUPREMEIND,2010-10-18,A_split_bonus,split/bonus verified,Face Value Split From Rs.10/- To Rs.2/-; Yahoo 5-for-1; price ratio 0.1983,applied,NSE corporate actions; yfinance action history
SUPREMEIND,2007-09-17,A_split_bonus,Adj Close differs from Yahoo by > 0.5%,max gap 4.70% on 2007-09-17,kept our rebuild — dividends from NSE records rather than Yahoo's,yfinance Adj Close vs our rebuild
SUZLON,2008-11-27,E_calendar,row on a non-trading day,date absent from the Nifty 50 trading calendar,dropped,price data
SUZLON,2009-04-30,E_calendar,row on a non-trading day,date absent from the Nifty 50 trading calendar,dropped,price data
SUZLON,2009-10-13,E_calendar,row on a non-trading day,date absent from the Nifty 50 trading calendar,dropped,price data
SUZLON,2011-05-31,E_calendar,row on a non-trading day,date absent from the Nifty 50 trading calendar,dropped,price data
SUZLON,2011-07-14,E_calendar,row on a non-trading day,date absent from the Nifty 50 trading calendar,dropped,price data
SUZLON,2011-11-24,E_calendar,row on a non-trading day,date absent from the Nifty 50 trading calendar,dropped,price data
SUZLON,2011-12-26,E_calendar,row on a non-trading day,date absent from the Nifty 50 trading calendar,dropped,price data
SUZLON,2012-01-02,E_calendar,row on a non-trading day,date absent from the Nifty 50 trading calendar,dropped,price data
SUZLON,2014-04-24,E_calendar,row on a non-trading day,date absent from the Nifty 50 trading calendar,dropped,price data
SUZLON,2014-10-15,E_calendar,row on a non-trading day,date absent from the Nifty 50 trading calendar,dropped,price data
SUZLON,2026-01-15,E_calendar,row on a non-trading day,date absent from the Nifty 50 trading calendar,dropped,price data
SUZLON,2026-05-01,E_calendar,row on a non-trading day,date absent from the Nifty 50 trading calendar,dropped,price data
SUZLON,2026-05-28,E_calendar,row on a non-trading day,date absent from the Nifty 50 trading calendar,dropped,price data
SUZLON,2026-06-26,E_calendar,row on a non-trading day,date absent from the Nifty 50 trading calendar,dropped,price data
SUZLON,2026-09-14,E_calendar,row on a non-trading day,date absent from the Nifty 50 trading calendar,dropped,price data
SUZLON,2026-10-02,E_calendar,row on a non-trading day,date absent from the Nifty 50 trading calendar,dropped,price data
SUZLON,2022-10-03,A_split_bonus,Yahoo price level inconsistent with NSE,NSE close ÷ Yahoo close steps from 1.0891 to 1.0000 (Yahoo applied an unrecorded factor 1.0891 to earlier prices). NSE actions: Rights 5:21 @ Premium Rs 3/-,rescaled Yahoo's history to NSE's official closes; adjustment rebuilt from NSE actions below,NSE bhavcopies (bisection to 2022-10-03)
SUZLON,2008-01-21,A_split_bonus,split/bonus verified,Fv Split Rs.10/- To Rs.2; Yahoo 5-for-1; price ratio 0.1930,applied,NSE corporate actions; yfinance action history
SUZLON,2022-10-03,A_split_bonus,rights issue adjusted,Rights 5:21 @ Premium Rs 3/-; cum-rights close ₹8.70; subscription ₹5.00; factor 0.9182,pre-event history multiplied by the theoretical ex-rights factor,NSE corporate actions (Rights 5:21 @ Premium Rs 3/-)
SUZLON,2013-02-28,A_split_bonus,split-like move with no corporate action,price ratio 0.6598 ≈ bonus 1:2 (Nifty 50 -1.8% that day); no split/bonus in NSE or Yahoo records within ±7 days,kept as a genuine move,NSE corporate actions; yfinance action history
SUZLON,2019-02-05,A_split_bonus,split-like move with no corporate action,price ratio 0.7579 ≈ bonus 1:3 (Nifty 50 +0.2% that day); no split/bonus in NSE or Yahoo records within ±7 days,kept as a genuine move,NSE corporate actions; yfinance action history
SUZLON,2025-03-18,A_split_bonus,Adj Close differs from Yahoo by > 0.5%,max gap 0.88% on 2025-03-18,kept our rebuild — 1 Yahoo level error(s) corrected against NSE; demerger handled differently from Yahoo; dividends from NSE records rather than Yahoo's,yfinance Adj Close vs our rebuild
SUZLON,2019-12-16,E_calendar,stale price run,5 identical closes of 1.84 from 2019-12-16 to 2019-12-20,flagged; kept (possible suspension or illiquidity),price data
SUZLON,2008-10-24,D_bad_print,daily move beyond ±20%,r = -40.3%,"kept — genuine move: no corporate action within ±3 days, did not revert; Nifty 50 -12.2% that day",price data
SUZLON,2008-11-04,D_bad_print,daily move beyond ±20%,r = +21.0%,"kept — genuine move: no corporate action within ±3 days, did not revert; Nifty 50 +3.2% that day",price data
SUZLON,2009-01-07,D_bad_print,daily move beyond ±20%,r = -22.6%,"kept — genuine move: no corporate action within ±3 days, did not revert; Nifty 50 -6.2% that day",price data
SUZLON,2009-05-18,D_bad_print,daily move beyond ±20%,r = +21.8%,"kept — genuine move: no corporate action within ±3 days, did not revert; Nifty 50 +17.7% that day",price data
SUZLON,2013-02-28,D_bad_print,daily move beyond ±20%,r = -34.0%,"kept — genuine move: no corporate action within ±3 days, did not revert; Nifty 50 -1.8% that day",price data
SUZLON,2019-02-05,D_bad_print,daily move beyond ±20%,r = -24.2%,"kept — genuine move: no corporate action within ±3 days, did not revert; Nifty 50 +0.2% that day",price data
SUZLON,2019-02-21,D_bad_print,daily move beyond ±20%,r = +20.3%,"kept — genuine move: no corporate action within ±3 days, did not revert; Nifty 50 +0.5% that day",price data
SUZLON,2019-02-22,D_bad_print,daily move beyond ±20%,r = +29.2%,"kept — genuine move: no corporate action within ±3 days, did not revert; Nifty 50 +0.0% that day",price data
SUZLON,2019-03-05,D_bad_print,daily move beyond ±20%,r = +25.2%,"kept — genuine move: no corporate action within ±3 days, did not revert; Nifty 50 +1.1% that day",price data
SUZLON,2019-06-20,D_bad_print,daily move beyond ±20%,r = +22.4%,"kept — genuine move: no corporate action within ±3 days, did not revert; Nifty 50 +1.2% that day",price data
SWIGGY,2026-01-15,E_calendar,row on a non-trading day,date absent from the Nifty 50 trading calendar,dropped,price data
SWIGGY,2026-05-01,E_calendar,row on a non-trading day,date absent from the Nifty 50 trading calendar,dropped,price data
SWIGGY,2026-05-28,E_calendar,row on a non-trading day,date absent from the Nifty 50 trading calendar,dropped,price data
SWIGGY,2026-06-26,E_calendar,row on a non-trading day,date absent from the Nifty 50 trading calendar,dropped,price data
SWIGGY,2026-09-14,E_calendar,row on a non-trading day,date absent from the Nifty 50 trading calendar,dropped,price data
SWIGGY,2026-10-02,E_calendar,row on a non-trading day,date absent from the Nifty 50 trading calendar,dropped,price data
TVSMOTOR,2008-11-27,E_calendar,row on a non-trading day,date absent from the Nifty 50 trading calendar,dropped,price data
TVSMOTOR,2009-04-30,E_calendar,row on a non-trading day,date absent from the Nifty 50 trading calendar,dropped,price data
TVSMOTOR,2009-10-13,E_calendar,row on a non-trading day,date absent from the Nifty 50 trading calendar,dropped,price data
TVSMOTOR,2011-05-31,E_calendar,row on a non-trading day,date absent from the Nifty 50 trading calendar,dropped,price data
TVSMOTOR,2011-07-14,E_calendar,row on a non-trading day,date absent from the Nifty 50 trading calendar,dropped,price data
TVSMOTOR,2011-11-24,E_calendar,row on a non-trading day,date absent from the Nifty 50 trading calendar,dropped,price data
TVSMOTOR,2011-12-26,E_calendar,row on a non-trading day,date absent from the Nifty 50 trading calendar,dropped,price data
TVSMOTOR,2012-01-02,E_calendar,row on a non-trading day,date absent from the Nifty 50 trading calendar,dropped,price data
TVSMOTOR,2014-04-24,E_calendar,row on a non-trading day,date absent from the Nifty 50 trading calendar,dropped,price data
TVSMOTOR,2014-10-15,E_calendar,row on a non-trading day,date absent from the Nifty 50 trading calendar,dropped,price data
TVSMOTOR,2026-01-15,E_calendar,row on a non-trading day,date absent from the Nifty 50 trading calendar,dropped,price data
TVSMOTOR,2026-05-01,E_calendar,row on a non-trading day,date absent from the Nifty 50 trading calendar,dropped,price data
TVSMOTOR,2026-05-28,E_calendar,row on a non-trading day,date absent from the Nifty 50 trading calendar,dropped,price data
TVSMOTOR,2026-06-26,E_calendar,row on a non-trading day,date absent from the Nifty 50 trading calendar,dropped,price data
TVSMOTOR,2026-09-14,E_calendar,row on a non-trading day,date absent from the Nifty 50 trading calendar,dropped,price data
TVSMOTOR,2026-10-02,E_calendar,row on a non-trading day,date absent from the Nifty 50 trading calendar,dropped,price data
TVSMOTOR,2010-09-08,A_split_bonus,split/bonus verified,Bonus 1:1; Yahoo 2-for-1; price ratio 0.5167,applied,NSE corporate actions; yfinance action history
TVSMOTOR,2025-03-18,A_split_bonus,Adj Close differs from Yahoo by > 0.5%,max gap 1.98% on 2025-03-18,kept our rebuild — dividends from NSE records rather than Yahoo's,yfinance Adj Close vs our rebuild
TVSMOTOR,2008-01-21,D_bad_print,daily move beyond ±20%,r = -20.4%,"kept — genuine move: no corporate action within ±3 days, did not revert; Nifty 50 -8.7% that day",price data
TVSMOTOR,2009-04-23,D_bad_print,daily move beyond ±20%,r = +28.2%,"kept — genuine move: no corporate action within ±3 days, did not revert; Nifty 50 +2.8% that day",price data
TVSMOTOR,2009-05-08,D_bad_print,daily move beyond ±20%,r = +22.7%,"kept — genuine move: no corporate action within ±3 days, did not revert; Nifty 50 -1.7% that day",price data
TATACAP,2026-01-15,E_calendar,row on a non-trading day,date absent from the Nifty 50 trading calendar,dropped,price data
TATACAP,2026-05-01,E_calendar,row on a non-trading day,date absent from the Nifty 50 trading calendar,dropped,price data
TATACAP,2026-05-28,E_calendar,row on a non-trading day,date absent from the Nifty 50 trading calendar,dropped,price data
TATACAP,2026-06-26,E_calendar,row on a non-trading day,date absent from the Nifty 50 trading calendar,dropped,price data
TATACAP,2026-09-14,E_calendar,row on a non-trading day,date absent from the Nifty 50 trading calendar,dropped,price data
TATACAP,2026-10-02,E_calendar,row on a non-trading day,date absent from the Nifty 50 trading calendar,dropped,price data
TATACOMM,2008-11-27,E_calendar,row on a non-trading day,date absent from the Nifty 50 trading calendar,dropped,price data
TATACOMM,2009-04-30,E_calendar,row on a non-trading day,date absent from the Nifty 50 trading calendar,dropped,price data
TATACOMM,2009-10-13,E_calendar,row on a non-trading day,date absent from the Nifty 50 trading calendar,dropped,price data
TATACOMM,2011-05-31,E_calendar,row on a non-trading day,date absent from the Nifty 50 trading calendar,dropped,price data
TATACOMM,2011-07-14,E_calendar,row on a non-trading day,date absent from the Nifty 50 trading calendar,dropped,price data
TATACOMM,2011-11-24,E_calendar,row on a non-trading day,date absent from the Nifty 50 trading calendar,dropped,price data
TATACOMM,2011-12-26,E_calendar,row on a non-trading day,date absent from the Nifty 50 trading calendar,dropped,price data
TATACOMM,2012-01-02,E_calendar,row on a non-trading day,date absent from the Nifty 50 trading calendar,dropped,price data
TATACOMM,2014-04-24,E_calendar,row on a non-trading day,date absent from the Nifty 50 trading calendar,dropped,price data
TATACOMM,2014-10-15,E_calendar,row on a non-trading day,date absent from the Nifty 50 trading calendar,dropped,price data
TATACOMM,2026-01-15,E_calendar,row on a non-trading day,date absent from the Nifty 50 trading calendar,dropped,price data
TATACOMM,2026-05-01,E_calendar,row on a non-trading day,date absent from the Nifty 50 trading calendar,dropped,price data
TATACOMM,2026-05-28,E_calendar,row on a non-trading day,date absent from the Nifty 50 trading calendar,dropped,price data
TATACOMM,2026-06-26,E_calendar,row on a non-trading day,date absent from the Nifty 50 trading calendar,dropped,price data
TATACOMM,2026-09-14,E_calendar,row on a non-trading day,date absent from the Nifty 50 trading calendar,dropped,price data
TATACOMM,2019-10-01,A_split_bonus,Yahoo price level inconsistent with NSE,NSE close ÷ Yahoo close steps from 1.6106 to 1.0000 (Yahoo applied an unrecorded factor 1.6106 to earlier prices). NSE actions: no NSE corporate action within ±7 days,rescaled Yahoo's history to NSE's official closes; adjustment rebuilt from NSE actions below,NSE bhavcopies (bisection to 2019-10-01)
TATACOMM,2019-09-17,B_demerger,demerger: no price impact,one-day price ratio 1.0500 (+6.7% vs Nifty 50),no adjustment,NSE corporate actions (Demerger)
TATACOMM,2008-01-24,A_split_bonus,Adj Close differs from Yahoo by > 0.5%,max gap 72.95% on 2008-01-24,kept our rebuild — 1 Yahoo level error(s) corrected against NSE; dividends from NSE records rather than Yahoo's,yfinance Adj Close vs our rebuild
TATACOMM,2019-10-01,D_bad_print,daily move beyond ±20%,r = -39.2%,"kept — genuine move: no corporate action within ±3 days, did not revert; Nifty 50 -1.0% that day",price data
TCS,2008-11-27,E_calendar,row on a non-trading day,date absent from the Nifty 50 trading calendar,dropped,price data
TCS,2009-04-30,E_calendar,row on a non-trading day,date absent from the Nifty 50 trading calendar,dropped,price data
TCS,2009-10-13,E_calendar,row on a non-trading day,date absent from the Nifty 50 trading calendar,dropped,price data
TCS,2011-05-31,E_calendar,row on a non-trading day,date absent from the Nifty 50 trading calendar,dropped,price data
TCS,2011-07-14,E_calendar,row on a non-trading day,date absent from the Nifty 50 trading calendar,dropped,price data
TCS,2011-11-24,E_calendar,row on a non-trading day,date absent from the Nifty 50 trading calendar,dropped,price data
TCS,2011-12-26,E_calendar,row on a non-trading day,date absent from the Nifty 50 trading calendar,dropped,price data
TCS,2012-01-02,E_calendar,row on a non-trading day,date absent from the Nifty 50 trading calendar,dropped,price data
TCS,2014-04-24,E_calendar,row on a non-trading day,date absent from the Nifty 50 trading calendar,dropped,price data
TCS,2014-10-15,E_calendar,row on a non-trading day,date absent from the Nifty 50 trading calendar,dropped,price data
TCS,2026-01-15,E_calendar,row on a non-trading day,date absent from the Nifty 50 trading calendar,dropped,price data
TCS,2026-05-01,E_calendar,row on a non-trading day,date absent from the Nifty 50 trading calendar,dropped,price data
TCS,2026-05-28,E_calendar,row on a non-trading day,date absent from the Nifty 50 trading calendar,dropped,price data
TCS,2026-06-26,E_calendar,row on a non-trading day,date absent from the Nifty 50 trading calendar,dropped,price data
TCS,2026-09-14,E_calendar,row on a non-trading day,date absent from the Nifty 50 trading calendar,dropped,price data
TCS,2026-10-02,E_calendar,row on a non-trading day,date absent from the Nifty 50 trading calendar,dropped,price data
TCS,2009-06-16,A_split_bonus,split/bonus verified,Bonus 1:1; Yahoo 2-for-1; price ratio 0.5002,applied,NSE corporate actions; yfinance action history
TCS,2018-05-31,A_split_bonus,split/bonus verified,Bonus 1:1; Yahoo 2-for-1; price ratio 0.4954,applied,NSE corporate actions; yfinance action history
TCS,2025-03-18,A_split_bonus,Adj Close differs from Yahoo by > 0.5%,max gap 1.57% on 2025-03-18,kept our rebuild — dividends from NSE records rather than Yahoo's,yfinance Adj Close vs our rebuild
TATACONSUM,2008-11-27,E_calendar,row on a non-trading day,date absent from the Nifty 50 trading calendar,dropped,price data
TATACONSUM,2009-04-30,E_calendar,row on a non-trading day,date absent from the Nifty 50 trading calendar,dropped,price data
TATACONSUM,2009-10-13,E_calendar,row on a non-trading day,date absent from the Nifty 50 trading calendar,dropped,price data
TATACONSUM,2011-05-31,E_calendar,row on a non-trading day,date absent from the Nifty 50 trading calendar,dropped,price data
TATACONSUM,2011-07-14,E_calendar,row on a non-trading day,date absent from the Nifty 50 trading calendar,dropped,price data
TATACONSUM,2011-11-24,E_calendar,row on a non-trading day,date absent from the Nifty 50 trading calendar,dropped,price data
TATACONSUM,2011-12-26,E_calendar,row on a non-trading day,date absent from the Nifty 50 trading calendar,dropped,price data
TATACONSUM,2012-01-02,E_calendar,row on a non-trading day,date absent from the Nifty 50 trading calendar,dropped,price data
TATACONSUM,2014-04-24,E_calendar,row on a non-trading day,date absent from the Nifty 50 trading calendar,dropped,price data
TATACONSUM,2014-10-15,E_calendar,row on a non-trading day,date absent from the Nifty 50 trading calendar,dropped,price data
TATACONSUM,2026-01-15,E_calendar,row on a non-trading day,date absent from the Nifty 50 trading calendar,dropped,price data
TATACONSUM,2026-05-01,E_calendar,row on a non-trading day,date absent from the Nifty 50 trading calendar,dropped,price data
TATACONSUM,2026-05-28,E_calendar,row on a non-trading day,date absent from the Nifty 50 trading calendar,dropped,price data
TATACONSUM,2026-06-26,E_calendar,row on a non-trading day,date absent from the Nifty 50 trading calendar,dropped,price data
TATACONSUM,2026-09-14,E_calendar,row on a non-trading day,date absent from the Nifty 50 trading calendar,dropped,price data
TATACONSUM,2026-10-02,E_calendar,row on a non-trading day,date absent from the Nifty 50 trading calendar,dropped,price data
TATACONSUM,2010-06-30,A_split_bonus,split/bonus verified,Face Value Split From Rs.10/- To Re.1/-; Yahoo 10-for-1; price ratio 0.1018,applied,NSE corporate actions; yfinance action history
TATACONSUM,2024-07-26,A_split_bonus,rights issue adjusted,"Rights 1:26 @ Premium Rs 817/-; cum-rights close ₹1,208.58; subscription ₹818.00; factor 0.9880",pre-event history multiplied by the theoretical ex-rights factor,NSE corporate actions (Rights 1:26 @ Premium Rs 817/-)
TATACONSUM,2008-08-21,A_split_bonus,Adj Close differs from Yahoo by > 0.5%,max gap 2.06% on 2008-08-21,kept our rebuild — demerger handled differently from Yahoo; dividends from NSE records rather than Yahoo's,yfinance Adj Close vs our rebuild
TMCV,2026-01-15,E_calendar,row on a non-trading day,date absent from the Nifty 50 trading calendar,dropped,price data
TMCV,2026-05-01,E_calendar,row on a non-trading day,date absent from the Nifty 50 trading calendar,dropped,price data
TMCV,2026-05-28,E_calendar,row on a non-trading day,date absent from the Nifty 50 trading calendar,dropped,price data
TMCV,2026-06-26,E_calendar,row on a non-trading day,date absent from the Nifty 50 trading calendar,dropped,price data
TMCV,2026-09-14,E_calendar,row on a non-trading day,date absent from the Nifty 50 trading calendar,dropped,price data
TMCV,2026-10-02,E_calendar,row on a non-trading day,date absent from the Nifty 50 trading calendar,dropped,price data
TMPV,2008-11-27,E_calendar,row on a non-trading day,date absent from the Nifty 50 trading calendar,dropped,price data
TMPV,2009-04-30,E_calendar,row on a non-trading day,date absent from the Nifty 50 trading calendar,dropped,price data
TMPV,2009-10-13,E_calendar,row on a non-trading day,date absent from the Nifty 50 trading calendar,dropped,price data
TMPV,2011-05-31,E_calendar,row on a non-trading day,date absent from the Nifty 50 trading calendar,dropped,price data
TMPV,2011-07-14,E_calendar,row on a non-trading day,date absent from the Nifty 50 trading calendar,dropped,price data
TMPV,2011-11-24,E_calendar,row on a non-trading day,date absent from the Nifty 50 trading calendar,dropped,price data
TMPV,2011-12-26,E_calendar,row on a non-trading day,date absent from the Nifty 50 trading calendar,dropped,price data
TMPV,2012-01-02,E_calendar,row on a non-trading day,date absent from the Nifty 50 trading calendar,dropped,price data
TMPV,2014-04-24,E_calendar,row on a non-trading day,date absent from the Nifty 50 trading calendar,dropped,price data
TMPV,2014-10-15,E_calendar,row on a non-trading day,date absent from the Nifty 50 trading calendar,dropped,price data
TMPV,2026-01-15,E_calendar,row on a non-trading day,date absent from the Nifty 50 trading calendar,dropped,price data
TMPV,2026-05-01,E_calendar,row on a non-trading day,date absent from the Nifty 50 trading calendar,dropped,price data
TMPV,2026-05-28,E_calendar,row on a non-trading day,date absent from the Nifty 50 trading calendar,dropped,price data
TMPV,2026-06-26,E_calendar,row on a non-trading day,date absent from the Nifty 50 trading calendar,dropped,price data
TMPV,2026-09-14,E_calendar,row on a non-trading day,date absent from the Nifty 50 trading calendar,dropped,price data
TMPV,2026-10-02,E_calendar,row on a non-trading day,date absent from the Nifty 50 trading calendar,dropped,price data
TMPV,2008-09-09,A_split_bonus,Yahoo price level inconsistent with NSE,NSE close ÷ Yahoo close steps from 1.0437 to 1.0107 (Yahoo applied an unrecorded factor 1.0326 to earlier prices). NSE actions: Rights Eq 1:6; Dif Vot 1:6,rescaled Yahoo's history to NSE's official closes; adjustment rebuilt from NSE actions below,NSE bhavcopies (bisection to 2008-09-09)
TMPV,2015-04-06,A_split_bonus,Yahoo price level inconsistent with NSE,NSE close ÷ Yahoo close steps from 1.0107 to 1.0000 (Yahoo applied an unrecorded factor 1.0107 to earlier prices). NSE actions: Rights 6:109 @ Premium Rs. 448/- Per Share,rescaled Yahoo's history to NSE's official closes; adjustment rebuilt from NSE actions below,NSE bhavcopies (bisection to 2015-04-06)
TMPV,2011-09-12,A_split_bonus,split/bonus verified,Face Value Split From Rs.10/- To Rs.2/-; Yahoo 5-for-1; price ratio 0.1913,applied,NSE corporate actions; yfinance action history
TMPV,2025-10-14,B_demerger,demerger adjusted with official ratio,one-day price ratio 0.5985 (Nifty 50 -0.3%); official factor 0.6054,pre-event history multiplied by the official factor,NSE special pre-open session price discovery: opening price ₹400.00 on 2025-10-14 vs previous close ₹660.75 on 2025-10-13 (NSE bhavcopies; SPOS framework https://www.nseindia.com/products-services/equity-market-special-pre-open-session)
TMPV,2015-04-06,A_split_bonus,rights issue adjusted,Rights 6:109 @ Premium Rs. 448/- Per Share; cum-rights close ₹564.90; subscription ₹450.00; factor 0.9894,pre-event history multiplied by the theoretical ex-rights factor,NSE corporate actions (Rights 6:109 @ Premium Rs. 448/- Per Share)
TMPV,2010-06-08,A_split_bonus,Adj Close differs from Yahoo by > 0.5%,max gap 39.46% on 2010-06-08,kept our rebuild — 2 Yahoo level error(s) corrected against NSE; demerger handled differently from Yahoo; dividends from NSE records rather than Yahoo's,yfinance Adj Close vs our rebuild
TMPV,2021-10-13,D_bad_print,daily move beyond ±20%,r = +20.4%,"kept — genuine move: no corporate action within ±3 days, did not revert; Nifty 50 +0.9% that day",price data
TATAPOWER,2008-11-27,E_calendar,row on a non-trading day,date absent from the Nifty 50 trading calendar,dropped,price data
TATAPOWER,2009-04-30,E_calendar,row on a non-trading day,date absent from the Nifty 50 trading calendar,dropped,price data
TATAPOWER,2009-10-13,E_calendar,row on a non-trading day,date absent from the Nifty 50 trading calendar,dropped,price data
TATAPOWER,2011-05-31,E_calendar,row on a non-trading day,date absent from the Nifty 50 trading calendar,dropped,price data
TATAPOWER,2011-07-14,E_calendar,row on a non-trading day,date absent from the Nifty 50 trading calendar,dropped,price data
TATAPOWER,2011-11-24,E_calendar,row on a non-trading day,date absent from the Nifty 50 trading calendar,dropped,price data
TATAPOWER,2011-12-26,E_calendar,row on a non-trading day,date absent from the Nifty 50 trading calendar,dropped,price data
TATAPOWER,2012-01-02,E_calendar,row on a non-trading day,date absent from the Nifty 50 trading calendar,dropped,price data
TATAPOWER,2014-04-24,E_calendar,row on a non-trading day,date absent from the Nifty 50 trading calendar,dropped,price data
TATAPOWER,2014-10-15,E_calendar,row on a non-trading day,date absent from the Nifty 50 trading calendar,dropped,price data
TATAPOWER,2026-01-15,E_calendar,row on a non-trading day,date absent from the Nifty 50 trading calendar,dropped,price data
TATAPOWER,2026-05-01,E_calendar,row on a non-trading day,date absent from the Nifty 50 trading calendar,dropped,price data
TATAPOWER,2026-05-28,E_calendar,row on a non-trading day,date absent from the Nifty 50 trading calendar,dropped,price data
TATAPOWER,2026-06-26,E_calendar,row on a non-trading day,date absent from the Nifty 50 trading calendar,dropped,price data
TATAPOWER,2026-09-14,E_calendar,row on a non-trading day,date absent from the Nifty 50 trading calendar,dropped,price data
TATAPOWER,2026-10-02,E_calendar,row on a non-trading day,date absent from the Nifty 50 trading calendar,dropped,price data
TATAPOWER,2014-03-19,A_split_bonus,Yahoo price level inconsistent with NSE,NSE close ÷ Yahoo close steps from 1.0363 to 1.0000 (Yahoo applied an unrecorded factor 1.0363 to earlier prices). NSE actions: Rights 7:50 @ Premium Rs.59/- Per Equity Share,rescaled Yahoo's history to NSE's official closes; adjustment rebuilt from NSE actions below,NSE bhavcopies (bisection to 2014-03-19)
TATAPOWER,2011-09-26,A_split_bonus,split/bonus verified,Face Value Split From Rs.10/- To Re.1/-; Yahoo 10-for-1; price ratio 0.0978,applied,NSE corporate actions; yfinance action history
TATAPOWER,2014-03-19,A_split_bonus,rights issue adjusted,Rights 7:50 @ Premium Rs.59/- Per Equity Share; cum-rights close ₹83.90; subscription ₹60.00; factor 0.9650,pre-event history multiplied by the theoretical ex-rights factor,NSE corporate actions (Rights 7:50 @ Premium Rs.59/- Per Equity Share)
TATAPOWER,2025-03-18,A_split_bonus,Adj Close differs from Yahoo by > 0.5%,max gap 3.41% on 2025-03-18,kept our rebuild — 1 Yahoo level error(s) corrected against NSE; demerger handled differently from Yahoo; dividends from NSE records rather than Yahoo's,yfinance Adj Close vs our rebuild
TATAPOWER,2007-10-16,D_bad_print,daily move beyond ±20%,r = +23.2%,"kept — genuine move: no corporate action within ±3 days, did not revert; Nifty 50 -0.0% that day",price data
TATASTEEL,2008-11-27,E_calendar,row on a non-trading day,date absent from the Nifty 50 trading calendar,dropped,price data
TATASTEEL,2009-04-30,E_calendar,row on a non-trading day,date absent from the Nifty 50 trading calendar,dropped,price data
TATASTEEL,2009-10-13,E_calendar,row on a non-trading day,date absent from the Nifty 50 trading calendar,dropped,price data
TATASTEEL,2011-05-31,E_calendar,row on a non-trading day,date absent from the Nifty 50 trading calendar,dropped,price data
TATASTEEL,2011-07-14,E_calendar,row on a non-trading day,date absent from the Nifty 50 trading calendar,dropped,price data
TATASTEEL,2011-11-24,E_calendar,row on a non-trading day,date absent from the Nifty 50 trading calendar,dropped,price data
TATASTEEL,2011-12-26,E_calendar,row on a non-trading day,date absent from the Nifty 50 trading calendar,dropped,price data
TATASTEEL,2012-01-02,E_calendar,row on a non-trading day,date absent from the Nifty 50 trading calendar,dropped,price data
TATASTEEL,2014-04-24,E_calendar,row on a non-trading day,date absent from the Nifty 50 trading calendar,dropped,price data
TATASTEEL,2014-10-15,E_calendar,row on a non-trading day,date absent from the Nifty 50 trading calendar,dropped,price data
TATASTEEL,2026-01-15,E_calendar,row on a non-trading day,date absent from the Nifty 50 trading calendar,dropped,price data
TATASTEEL,2026-05-01,E_calendar,row on a non-trading day,date absent from the Nifty 50 trading calendar,dropped,price data
TATASTEEL,2026-05-28,E_calendar,row on a non-trading day,date absent from the Nifty 50 trading calendar,dropped,price data
TATASTEEL,2026-06-26,E_calendar,row on a non-trading day,date absent from the Nifty 50 trading calendar,dropped,price data
TATASTEEL,2026-09-14,E_calendar,row on a non-trading day,date absent from the Nifty 50 trading calendar,dropped,price data
TATASTEEL,2026-10-02,E_calendar,row on a non-trading day,date absent from the Nifty 50 trading calendar,dropped,price data
TATASTEEL,2007-10-29,A_split_bonus,Yahoo price level inconsistent with NSE,NSE close ÷ Yahoo close steps from 1.3433 to 1.0496 (Yahoo applied an unrecorded factor 1.2798 to earlier prices). NSE actions: Right-Eq1:5 & 9ccps:10eq,rescaled Yahoo's history to NSE's official closes; adjustment rebuilt from NSE actions below,NSE bhavcopies (bisection to 2007-10-29)
TATASTEEL,2018-01-31,A_split_bonus,Yahoo price level inconsistent with NSE,NSE close ÷ Yahoo close steps from 1.0496 to 1.0000 (Yahoo applied an unrecorded factor 1.0496 to earlier prices). NSE actions: Rights - 4:25 Fully Paid Up Shares @ Premium Rs 500/- Per Share; 2:25 Partly Paid Up Shares @ Premium Rs 605/- Per Share,rescaled Yahoo's history to NSE's official closes; adjustment rebuilt from NSE actions below,NSE bhavcopies (bisection to 2018-01-31)
TATASTEEL,2022-07-28,A_split_bonus,split/bonus verified,Face Value Split (Sub-Division) - From Rs 10/- Per Share To Re 1/- Per Share; Yahoo 10-for-1; price ratio 0.1046,applied,NSE corporate actions; yfinance action history
TATASTEEL,2007-10-25,A_split_bonus,Adj Close differs from Yahoo by > 0.5%,max gap 37.60% on 2007-10-25,kept our rebuild — 2 Yahoo level error(s) corrected against NSE; dividends from NSE records rather than Yahoo's,yfinance Adj Close vs our rebuild
TECHM,2008-11-27,E_calendar,row on a non-trading day,date absent from the Nifty 50 trading calendar,dropped,price data
TECHM,2009-04-30,E_calendar,row on a non-trading day,date absent from the Nifty 50 trading calendar,dropped,price data
TECHM,2009-10-13,E_calendar,row on a non-trading day,date absent from the Nifty 50 trading calendar,dropped,price data
TECHM,2011-05-31,E_calendar,row on a non-trading day,date absent from the Nifty 50 trading calendar,dropped,price data
TECHM,2011-07-14,E_calendar,row on a non-trading day,date absent from the Nifty 50 trading calendar,dropped,price data
TECHM,2011-11-24,E_calendar,row on a non-trading day,date absent from the Nifty 50 trading calendar,dropped,price data
TECHM,2011-12-26,E_calendar,row on a non-trading day,date absent from the Nifty 50 trading calendar,dropped,price data
TECHM,2012-01-02,E_calendar,row on a non-trading day,date absent from the Nifty 50 trading calendar,dropped,price data
TECHM,2014-04-24,E_calendar,row on a non-trading day,date absent from the Nifty 50 trading calendar,dropped,price data
TECHM,2014-10-15,E_calendar,row on a non-trading day,date absent from the Nifty 50 trading calendar,dropped,price data
TECHM,2026-01-15,E_calendar,row on a non-trading day,date absent from the Nifty 50 trading calendar,dropped,price data
TECHM,2026-05-01,E_calendar,row on a non-trading day,date absent from the Nifty 50 trading calendar,dropped,price data
TECHM,2026-05-28,E_calendar,row on a non-trading day,date absent from the Nifty 50 trading calendar,dropped,price data
TECHM,2026-06-26,E_calendar,row on a non-trading day,date absent from the Nifty 50 trading calendar,dropped,price data
TECHM,2026-09-14,E_calendar,row on a non-trading day,date absent from the Nifty 50 trading calendar,dropped,price data
TECHM,2026-10-02,E_calendar,row on a non-trading day,date absent from the Nifty 50 trading calendar,dropped,price data
TECHM,2015-03-19,A_split_bonus,Yahoo price level inconsistent with NSE,NSE close ÷ Yahoo close steps from 2.0000 to 1.0000 (Yahoo applied an unrecorded factor 2.0000 to earlier prices). NSE actions: Bonus 1:1; Face Value Split - From Rs 10/- Per Share To Rs 5/- Per Share,rescaled Yahoo's history to NSE's official closes; adjustment rebuilt from NSE actions below,NSE bhavcopies (bisection to 2015-03-19)
TECHM,2015-03-19,A_split_bonus,Yahoo split ratio differs from NSE,Yahoo 2-for-1 vs NSE price factor 0.2500,used NSE's ratio,NSE corporate actions; yfinance action history
TECHM,2008-03-07,A_split_bonus,Adj Close differs from Yahoo by > 0.5%,max gap 4.37% on 2008-03-07,kept our rebuild — 1 Yahoo level error(s) corrected against NSE; dividends from NSE records rather than Yahoo's,yfinance Adj Close vs our rebuild
TECHM,2009-06-09,D_bad_print,daily move beyond ±20%,r = +25.6%,"kept — genuine move: no corporate action within ±3 days, did not revert; Nifty 50 +2.7% that day",price data
TITAN,2008-11-27,E_calendar,row on a non-trading day,date absent from the Nifty 50 trading calendar,dropped,price data
TITAN,2009-04-30,E_calendar,row on a non-trading day,date absent from the Nifty 50 trading calendar,dropped,price data
TITAN,2009-10-13,E_calendar,row on a non-trading day,date absent from the Nifty 50 trading calendar,dropped,price data
TITAN,2011-05-31,E_calendar,row on a non-trading day,date absent from the Nifty 50 trading calendar,dropped,price data
TITAN,2011-07-14,E_calendar,row on a non-trading day,date absent from the Nifty 50 trading calendar,dropped,price data
TITAN,2011-11-24,E_calendar,row on a non-trading day,date absent from the Nifty 50 trading calendar,dropped,price data
TITAN,2011-12-26,E_calendar,row on a non-trading day,date absent from the Nifty 50 trading calendar,dropped,price data
TITAN,2012-01-02,E_calendar,row on a non-trading day,date absent from the Nifty 50 trading calendar,dropped,price data
TITAN,2014-04-24,E_calendar,row on a non-trading day,date absent from the Nifty 50 trading calendar,dropped,price data
TITAN,2014-10-15,E_calendar,row on a non-trading day,date absent from the Nifty 50 trading calendar,dropped,price data
TITAN,2026-01-15,E_calendar,row on a non-trading day,date absent from the Nifty 50 trading calendar,dropped,price data
TITAN,2026-05-01,E_calendar,row on a non-trading day,date absent from the Nifty 50 trading calendar,dropped,price data
TITAN,2026-05-28,E_calendar,row on a non-trading day,date absent from the Nifty 50 trading calendar,dropped,price data
TITAN,2026-06-26,E_calendar,row on a non-trading day,date absent from the Nifty 50 trading calendar,dropped,price data
TITAN,2026-09-14,E_calendar,row on a non-trading day,date absent from the Nifty 50 trading calendar,dropped,price data
TITAN,2026-10-02,E_calendar,row on a non-trading day,date absent from the Nifty 50 trading calendar,dropped,price data
TITAN,2011-06-23,A_split_bonus,Yahoo price level inconsistent with NSE,NSE close ÷ Yahoo close steps from 2.0000 to 1.0000 (Yahoo applied an unrecorded factor 2.0000 to earlier prices). NSE actions: Face Value Split From Rs.10/- To Re.1/-; Bonus 1:1,rescaled Yahoo's history to NSE's official closes; adjustment rebuilt from NSE actions below,NSE bhavcopies (bisection to 2011-06-23)
TITAN,2011-06-23,A_split_bonus,Yahoo split ratio differs from NSE,Yahoo 10-for-1 vs NSE price factor 0.0500,used NSE's ratio,NSE corporate actions; yfinance action history
TITAN,2025-03-18,A_split_bonus,Adj Close differs from Yahoo by > 0.5%,max gap 2.13% on 2025-03-18,kept our rebuild — 1 Yahoo level error(s) corrected against NSE; dividends from NSE records rather than Yahoo's,yfinance Adj Close vs our rebuild
TORNTPHARM,2008-11-27,E_calendar,row on a non-trading day,date absent from the Nifty 50 trading calendar,dropped,price data
TORNTPHARM,2009-04-30,E_calendar,row on a non-trading day,date absent from the Nifty 50 trading calendar,dropped,price data
TORNTPHARM,2009-10-13,E_calendar,row on a non-trading day,date absent from the Nifty 50 trading calendar,dropped,price data
TORNTPHARM,2011-05-31,E_calendar,row on a non-trading day,date absent from the Nifty 50 trading calendar,dropped,price data
TORNTPHARM,2011-07-14,E_calendar,row on a non-trading day,date absent from the Nifty 50 trading calendar,dropped,price data
TORNTPHARM,2011-11-24,E_calendar,row on a non-trading day,date absent from the Nifty 50 trading calendar,dropped,price data
TORNTPHARM,2011-12-26,E_calendar,row on a non-trading day,date absent from the Nifty 50 trading calendar,dropped,price data
TORNTPHARM,2012-01-02,E_calendar,row on a non-trading day,date absent from the Nifty 50 trading calendar,dropped,price data
TORNTPHARM,2014-04-24,E_calendar,row on a non-trading day,date absent from the Nifty 50 trading calendar,dropped,price data
TORNTPHARM,2014-10-15,E_calendar,row on a non-trading day,date absent from the Nifty 50 trading calendar,dropped,price data
TORNTPHARM,2026-01-15,E_calendar,row on a non-trading day,date absent from the Nifty 50 trading calendar,dropped,price data
TORNTPHARM,2026-05-01,E_calendar,row on a non-trading day,date absent from the Nifty 50 trading calendar,dropped,price data
TORNTPHARM,2026-05-28,E_calendar,row on a non-trading day,date absent from the Nifty 50 trading calendar,dropped,price data
TORNTPHARM,2026-06-26,E_calendar,row on a non-trading day,date absent from the Nifty 50 trading calendar,dropped,price data
TORNTPHARM,2026-09-14,E_calendar,row on a non-trading day,date absent from the Nifty 50 trading calendar,dropped,price data
TORNTPHARM,2026-10-02,E_calendar,row on a non-trading day,date absent from the Nifty 50 trading calendar,dropped,price data
TORNTPHARM,2013-07-23,A_split_bonus,split/bonus verified,Bonus 1:1; Yahoo 2-for-1; price ratio 0.5053,applied,NSE corporate actions; yfinance action history
TORNTPHARM,2022-07-08,A_split_bonus,split/bonus verified,Bonus 1:1; Yahoo 2-for-1; price ratio 0.4974,applied,NSE corporate actions; yfinance action history
TORNTPHARM,2025-03-18,A_split_bonus,Adj Close differs from Yahoo by > 0.5%,max gap 2.26% on 2025-03-18,kept our rebuild — dividends from NSE records rather than Yahoo's,yfinance Adj Close vs our rebuild
TORNTPHARM,2008-06-17,D_bad_print,daily move beyond ±20%,r = +20.0%,"kept — genuine move: no corporate action within ±3 days, did not revert; Nifty 50 +1.8% that day",price data
TRENT,2008-11-27,E_calendar,row on a non-trading day,date absent from the Nifty 50 trading calendar,dropped,price data
TRENT,2009-04-30,E_calendar,row on a non-trading day,date absent from the Nifty 50 trading calendar,dropped,price data
TRENT,2009-10-13,E_calendar,row on a non-trading day,date absent from the Nifty 50 trading calendar,dropped,price data
TRENT,2011-05-31,E_calendar,row on a non-trading day,date absent from the Nifty 50 trading calendar,dropped,price data
TRENT,2011-07-14,E_calendar,row on a non-trading day,date absent from the Nifty 50 trading calendar,dropped,price data
TRENT,2011-11-24,E_calendar,row on a non-trading day,date absent from the Nifty 50 trading calendar,dropped,price data
TRENT,2011-12-26,E_calendar,row on a non-trading day,date absent from the Nifty 50 trading calendar,dropped,price data
TRENT,2012-01-02,E_calendar,row on a non-trading day,date absent from the Nifty 50 trading calendar,dropped,price data
TRENT,2014-04-24,E_calendar,row on a non-trading day,date absent from the Nifty 50 trading calendar,dropped,price data
TRENT,2014-10-15,E_calendar,row on a non-trading day,date absent from the Nifty 50 trading calendar,dropped,price data
TRENT,2026-01-15,E_calendar,row on a non-trading day,date absent from the Nifty 50 trading calendar,dropped,price data
TRENT,2026-05-01,E_calendar,row on a non-trading day,date absent from the Nifty 50 trading calendar,dropped,price data
TRENT,2026-05-28,E_calendar,row on a non-trading day,date absent from the Nifty 50 trading calendar,dropped,price data
TRENT,2026-06-26,E_calendar,row on a non-trading day,date absent from the Nifty 50 trading calendar,dropped,price data
TRENT,2026-09-14,E_calendar,row on a non-trading day,date absent from the Nifty 50 trading calendar,dropped,price data
TRENT,2026-10-02,E_calendar,row on a non-trading day,date absent from the Nifty 50 trading calendar,dropped,price data
TRENT,2010-07-08,A_split_bonus,Yahoo price level inconsistent with NSE,NSE close ÷ Yahoo close steps from 0.7915 to 0.6667 (Yahoo applied an unrecorded factor 1.1872 to earlier prices). NSE actions: 4 Ccps (2 Series A Ccps And 2 Series B Ccps) Issued @ Premium Of Rs 540 Per Ccps For 9 Eq Shares,rescaled Yahoo's history to NSE's official closes; adjustment rebuilt from NSE actions below,NSE bhavcopies (bisection to 2010-07-08)
TRENT,2026-01-01,A_split_bonus,Yahoo price level inconsistent with NSE,NSE close ÷ Yahoo close steps from 0.6667 to 1.0000 (Yahoo applied an unrecorded factor 0.6667 to earlier prices). NSE actions: no NSE corporate action within ±7 days,rescaled Yahoo's history to NSE's official closes; adjustment rebuilt from NSE actions below,NSE bhavcopies (bisection to 2026-01-01)
TRENT,2016-09-12,A_split_bonus,split/bonus verified,Face Value Split From Rs 10 To Re 1; Yahoo 10-for-1; price ratio 0.1030,applied,NSE corporate actions; yfinance action history
TRENT,2026-06-04,A_split_bonus,split/bonus verified,Bonus 1:2; Yahoo 1.5-for-1; price ratio 0.6665,applied,NSE corporate actions; yfinance action history
TRENT,2010-07-26,A_split_bonus,Adj Close differs from Yahoo by > 0.5%,max gap 34.75% on 2010-07-26,kept our rebuild — 2 Yahoo level error(s) corrected against NSE; dividends from NSE records rather than Yahoo's,yfinance Adj Close vs our rebuild
TIINDIA,2026-01-15,E_calendar,row on a non-trading day,date absent from the Nifty 50 trading calendar,dropped,price data
TIINDIA,2026-05-01,E_calendar,row on a non-trading day,date absent from the Nifty 50 trading calendar,dropped,price data
TIINDIA,2026-05-28,E_calendar,row on a non-trading day,date absent from the Nifty 50 trading calendar,dropped,price data
TIINDIA,2026-06-26,E_calendar,row on a non-trading day,date absent from the Nifty 50 trading calendar,dropped,price data
TIINDIA,2026-09-14,E_calendar,row on a non-trading day,date absent from the Nifty 50 trading calendar,dropped,price data
TIINDIA,2026-10-02,E_calendar,row on a non-trading day,date absent from the Nifty 50 trading calendar,dropped,price data
TIINDIA,2025-03-18,A_split_bonus,Adj Close differs from Yahoo by > 0.5%,max gap 1.34% on 2025-03-18,kept our rebuild — dividends from NSE records rather than Yahoo's,yfinance Adj Close vs our rebuild
UPL,2008-11-27,E_calendar,row on a non-trading day,date absent from the Nifty 50 trading calendar,dropped,price data
UPL,2009-04-30,E_calendar,row on a non-trading day,date absent from the Nifty 50 trading calendar,dropped,price data
UPL,2009-10-13,E_calendar,row on a non-trading day,date absent from the Nifty 50 trading calendar,dropped,price data
UPL,2011-05-31,E_calendar,row on a non-trading day,date absent from the Nifty 50 trading calendar,dropped,price data
UPL,2011-07-14,E_calendar,row on a non-trading day,date absent from the Nifty 50 trading calendar,dropped,price data
UPL,2011-11-24,E_calendar,row on a non-trading day,date absent from the Nifty 50 trading calendar,dropped,price data
UPL,2011-12-26,E_calendar,row on a non-trading day,date absent from the Nifty 50 trading calendar,dropped,price data
UPL,2012-01-02,E_calendar,row on a non-trading day,date absent from the Nifty 50 trading calendar,dropped,price data
UPL,2014-04-24,E_calendar,row on a non-trading day,date absent from the Nifty 50 trading calendar,dropped,price data
UPL,2014-10-15,E_calendar,row on a non-trading day,date absent from the Nifty 50 trading calendar,dropped,price data
UPL,2026-01-15,E_calendar,row on a non-trading day,date absent from the Nifty 50 trading calendar,dropped,price data
UPL,2026-05-01,E_calendar,row on a non-trading day,date absent from the Nifty 50 trading calendar,dropped,price data
UPL,2026-05-28,E_calendar,row on a non-trading day,date absent from the Nifty 50 trading calendar,dropped,price data
UPL,2026-06-26,E_calendar,row on a non-trading day,date absent from the Nifty 50 trading calendar,dropped,price data
UPL,2026-09-14,E_calendar,row on a non-trading day,date absent from the Nifty 50 trading calendar,dropped,price data
UPL,2026-10-02,E_calendar,row on a non-trading day,date absent from the Nifty 50 trading calendar,dropped,price data
UPL,2008-10-29,A_split_bonus,split/bonus verified,Bonus 1:1; Yahoo 2-for-1; price ratio 0.5831,applied,NSE corporate actions; yfinance action history
UPL,2019-07-02,A_split_bonus,split/bonus verified,Bonus 1:2; Yahoo 1.5-for-1; price ratio 0.6920,applied,NSE corporate actions; yfinance action history
UPL,2024-11-26,A_split_bonus,rights issue adjusted,Rights 1:8 @ Premium Rs 358/-; cum-rights close ₹545.38; subscription ₹360.00; factor 0.9622,pre-event history multiplied by the theoretical ex-rights factor,NSE corporate actions (Rights 1:8 @ Premium Rs 358/-)
UPL,2008-10-27,D_bad_print,spike-and-revert near a corporate action,"r_t = -16.3%, r_t+1 = +16.6%",kept; checked under split/demerger rules,price data
UPL,2007-10-11,A_split_bonus,Adj Close differs from Yahoo by > 0.5%,max gap 4.53% on 2007-10-11,kept our rebuild — demerger handled differently from Yahoo; dividends from NSE records rather than Yahoo's,yfinance Adj Close vs our rebuild
UPL,2008-10-31,D_bad_print,daily move beyond ±20%,r = +25.6%,"kept — genuine move: no corporate action within ±3 days, did not revert; Nifty 50 +7.0% that day",price data
UPL,2014-04-28,D_bad_print,daily move beyond ±20%,r = +20.1%,"kept — genuine move: no corporate action within ±3 days, did not revert; Nifty 50 -0.3% that day",price data
ULTRACEMCO,2008-11-27,E_calendar,row on a non-trading day,date absent from the Nifty 50 trading calendar,dropped,price data
ULTRACEMCO,2009-04-30,E_calendar,row on a non-trading day,date absent from the Nifty 50 trading calendar,dropped,price data
ULTRACEMCO,2009-10-13,E_calendar,row on a non-trading day,date absent from the Nifty 50 trading calendar,dropped,price data
ULTRACEMCO,2011-05-31,E_calendar,row on a non-trading day,date absent from the Nifty 50 trading calendar,dropped,price data
ULTRACEMCO,2011-07-14,E_calendar,row on a non-trading day,date absent from the Nifty 50 trading calendar,dropped,price data
ULTRACEMCO,2011-11-24,E_calendar,row on a non-trading day,date absent from the Nifty 50 trading calendar,dropped,price data
ULTRACEMCO,2011-12-26,E_calendar,row on a non-trading day,date absent from the Nifty 50 trading calendar,dropped,price data
ULTRACEMCO,2012-01-02,E_calendar,row on a non-trading day,date absent from the Nifty 50 trading calendar,dropped,price data
ULTRACEMCO,2014-04-24,E_calendar,row on a non-trading day,date absent from the Nifty 50 trading calendar,dropped,price data
ULTRACEMCO,2014-10-15,E_calendar,row on a non-trading day,date absent from the Nifty 50 trading calendar,dropped,price data
ULTRACEMCO,2026-01-15,E_calendar,row on a non-trading day,date absent from the Nifty 50 trading calendar,dropped,price data
ULTRACEMCO,2026-05-01,E_calendar,row on a non-trading day,date absent from the Nifty 50 trading calendar,dropped,price data
ULTRACEMCO,2026-05-28,E_calendar,row on a non-trading day,date absent from the Nifty 50 trading calendar,dropped,price data
ULTRACEMCO,2026-06-26,E_calendar,row on a non-trading day,date absent from the Nifty 50 trading calendar,dropped,price data
ULTRACEMCO,2026-09-14,E_calendar,row on a non-trading day,date absent from the Nifty 50 trading calendar,dropped,price data
ULTRACEMCO,2026-10-02,E_calendar,row on a non-trading day,date absent from the Nifty 50 trading calendar,dropped,price data
ULTRACEMCO,2025-03-18,A_split_bonus,Adj Close differs from Yahoo by > 0.5%,max gap 1.43% on 2025-03-18,kept our rebuild — dividends from NSE records rather than Yahoo's,yfinance Adj Close vs our rebuild
UNIONBANK,2008-11-27,E_calendar,row on a non-trading day,date absent from the Nifty 50 trading calendar,dropped,price data
UNIONBANK,2009-04-30,E_calendar,row on a non-trading day,date absent from the Nifty 50 trading calendar,dropped,price data
UNIONBANK,2009-10-13,E_calendar,row on a non-trading day,date absent from the Nifty 50 trading calendar,dropped,price data
UNIONBANK,2011-05-31,E_calendar,row on a non-trading day,date absent from the Nifty 50 trading calendar,dropped,price data
UNIONBANK,2011-07-14,E_calendar,row on a non-trading day,date absent from the Nifty 50 trading calendar,dropped,price data
UNIONBANK,2011-11-24,E_calendar,row on a non-trading day,date absent from the Nifty 50 trading calendar,dropped,price data
UNIONBANK,2011-12-26,E_calendar,row on a non-trading day,date absent from the Nifty 50 trading calendar,dropped,price data
UNIONBANK,2012-01-02,E_calendar,row on a non-trading day,date absent from the Nifty 50 trading calendar,dropped,price data
UNIONBANK,2014-04-24,E_calendar,row on a non-trading day,date absent from the Nifty 50 trading calendar,dropped,price data
UNIONBANK,2014-10-15,E_calendar,row on a non-trading day,date absent from the Nifty 50 trading calendar,dropped,price data
UNIONBANK,2026-01-15,E_calendar,row on a non-trading day,date absent from the Nifty 50 trading calendar,dropped,price data
UNIONBANK,2026-05-01,E_calendar,row on a non-trading day,date absent from the Nifty 50 trading calendar,dropped,price data
UNIONBANK,2026-05-28,E_calendar,row on a non-trading day,date absent from the Nifty 50 trading calendar,dropped,price data
UNIONBANK,2026-06-26,E_calendar,row on a non-trading day,date absent from the Nifty 50 trading calendar,dropped,price data
UNIONBANK,2026-09-14,E_calendar,row on a non-trading day,date absent from the Nifty 50 trading calendar,dropped,price data
UNIONBANK,2026-10-02,E_calendar,row on a non-trading day,date absent from the Nifty 50 trading calendar,dropped,price data
UNIONBANK,2025-03-18,A_split_bonus,Adj Close differs from Yahoo by > 0.5%,max gap 4.59% on 2025-03-18,kept our rebuild — dividends from NSE records rather than Yahoo's,yfinance Adj Close vs our rebuild
UNIONBANK,2008-01-23,D_bad_print,daily move beyond ±20%,r = +22.3%,"kept — genuine move: no corporate action within ±3 days, did not revert; Nifty 50 +6.2% that day",price data
UNIONBANK,2017-10-25,D_bad_print,daily move beyond ±20%,r = +34.2%,"kept — genuine move: no corporate action within ±3 days, did not revert; Nifty 50 +0.9% that day",price data
UNITDSPR,2008-11-27,E_calendar,row on a non-trading day,date absent from the Nifty 50 trading calendar,dropped,price data
UNITDSPR,2009-04-30,E_calendar,row on a non-trading day,date absent from the Nifty 50 trading calendar,dropped,price data
UNITDSPR,2009-10-13,E_calendar,row on a non-trading day,date absent from the Nifty 50 trading calendar,dropped,price data
UNITDSPR,2011-05-31,E_calendar,row on a non-trading day,date absent from the Nifty 50 trading calendar,dropped,price data
UNITDSPR,2011-07-14,E_calendar,row on a non-trading day,date absent from the Nifty 50 trading calendar,dropped,price data
UNITDSPR,2011-11-24,E_calendar,row on a non-trading day,date absent from the Nifty 50 trading calendar,dropped,price data
UNITDSPR,2011-12-26,E_calendar,row on a non-trading day,date absent from the Nifty 50 trading calendar,dropped,price data
UNITDSPR,2012-01-02,E_calendar,row on a non-trading day,date absent from the Nifty 50 trading calendar,dropped,price data
UNITDSPR,2014-04-24,E_calendar,row on a non-trading day,date absent from the Nifty 50 trading calendar,dropped,price data
UNITDSPR,2014-10-15,E_calendar,row on a non-trading day,date absent from the Nifty 50 trading calendar,dropped,price data
UNITDSPR,2026-01-15,E_calendar,row on a non-trading day,date absent from the Nifty 50 trading calendar,dropped,price data
UNITDSPR,2026-05-01,E_calendar,row on a non-trading day,date absent from the Nifty 50 trading calendar,dropped,price data
UNITDSPR,2026-05-28,E_calendar,row on a non-trading day,date absent from the Nifty 50 trading calendar,dropped,price data
UNITDSPR,2026-06-26,E_calendar,row on a non-trading day,date absent from the Nifty 50 trading calendar,dropped,price data
UNITDSPR,2026-09-14,E_calendar,row on a non-trading day,date absent from the Nifty 50 trading calendar,dropped,price data
UNITDSPR,2026-10-02,E_calendar,row on a non-trading day,date absent from the Nifty 50 trading calendar,dropped,price data
UNITDSPR,2018-06-15,A_split_bonus,split/bonus verified,Face Value Split (Sub-Division) - From Rs 10/- Per Share To Rs 2/- Per Share; Yahoo 5-for-1; price ratio 0.1960,applied,NSE corporate actions; yfinance action history
UNITDSPR,2008-10-10,A_split_bonus,split-like move with no corporate action,price ratio 0.7567 ≈ bonus 1:3 (Nifty 50 -6.7% that day); no split/bonus in NSE or Yahoo records within ±7 days,kept as a genuine move,NSE corporate actions; yfinance action history
UNITDSPR,2009-01-22,A_split_bonus,split-like move with no corporate action,price ratio 0.7653 ≈ bonus 1:3 (Nifty 50 +0.3% that day); no split/bonus in NSE or Yahoo records within ±7 days,kept as a genuine move,NSE corporate actions; yfinance action history
UNITDSPR,2025-03-18,A_split_bonus,Adj Close differs from Yahoo by > 0.5%,max gap 1.06% on 2025-03-18,kept our rebuild — dividends from NSE records rather than Yahoo's,yfinance Adj Close vs our rebuild
UNITDSPR,2008-10-10,D_bad_print,daily move beyond ±20%,r = -24.3%,"kept — genuine move: no corporate action within ±3 days, did not revert; Nifty 50 -6.7% that day",price data
UNITDSPR,2009-01-22,D_bad_print,daily move beyond ±20%,r = -23.5%,"kept — genuine move: no corporate action within ±3 days, did not revert; Nifty 50 +0.3% that day",price data
UNITDSPR,2012-11-12,D_bad_print,daily move beyond ±20%,r = +34.7%,"kept — genuine move: no corporate action within ±3 days, did not revert; Nifty 50 -0.0% that day",price data
VBL,2026-01-15,E_calendar,row on a non-trading day,date absent from the Nifty 50 trading calendar,dropped,price data
VBL,2026-05-01,E_calendar,row on a non-trading day,date absent from the Nifty 50 trading calendar,dropped,price data
VBL,2026-05-28,E_calendar,row on a non-trading day,date absent from the Nifty 50 trading calendar,dropped,price data
VBL,2026-06-26,E_calendar,row on a non-trading day,date absent from the Nifty 50 trading calendar,dropped,price data
VBL,2026-09-14,E_calendar,row on a non-trading day,date absent from the Nifty 50 trading calendar,dropped,price data
VBL,2026-10-02,E_calendar,row on a non-trading day,date absent from the Nifty 50 trading calendar,dropped,price data
VBL,2019-07-25,A_split_bonus,split/bonus verified,Bonus 1:2; Yahoo 1.5-for-1; price ratio 0.7000,applied,NSE corporate actions; yfinance action history
VBL,2021-06-10,A_split_bonus,split/bonus verified,Bonus 1:2; Yahoo 1.5-for-1; price ratio 0.6860,applied,NSE corporate actions; yfinance action history
VBL,2022-06-06,A_split_bonus,split/bonus verified,Bonus 1:2; Yahoo 1.5-for-1; price ratio 0.6661,applied,NSE corporate actions; yfinance action history
VBL,2023-06-15,A_split_bonus,split/bonus verified,Face Value Split (Sub-Division) - From Rs 10/- Per Share To Rs 5/- Per Share; Yahoo 2-for-1; price ratio 0.5122,applied,NSE corporate actions; yfinance action history
VBL,2024-09-12,A_split_bonus,split/bonus verified,Face Value Split (Sub-Division) - From Rs 5/- Per Share To Rs 2/- Per Share; Yahoo 2.5-for-1; price ratio 0.4114,applied,NSE corporate actions; yfinance action history
VBL,2025-03-18,A_split_bonus,Adj Close differs from Yahoo by > 0.5%,max gap 4.98% on 2025-03-18,kept our rebuild — dividends from NSE records rather than Yahoo's,yfinance Adj Close vs our rebuild
VAML,2026-06-26,E_calendar,row on a non-trading day,date absent from the Nifty 50 trading calendar,dropped,price data
VAML,2026-09-14,E_calendar,row on a non-trading day,date absent from the Nifty 50 trading calendar,dropped,price data
VAML,2026-10-02,E_calendar,row on a non-trading day,date absent from the Nifty 50 trading calendar,dropped,price data
VEDL,2008-11-27,E_calendar,row on a non-trading day,date absent from the Nifty 50 trading calendar,dropped,price data
VEDL,2009-04-30,E_calendar,row on a non-trading day,date absent from the Nifty 50 trading calendar,dropped,price data
VEDL,2009-10-13,E_calendar,row on a non-trading day,date absent from the Nifty 50 trading calendar,dropped,price data
VEDL,2011-05-31,E_calendar,row on a non-trading day,date absent from the Nifty 50 trading calendar,dropped,price data
VEDL,2011-07-14,E_calendar,row on a non-trading day,date absent from the Nifty 50 trading calendar,dropped,price data
VEDL,2011-11-24,E_calendar,row on a non-trading day,date absent from the Nifty 50 trading calendar,dropped,price data
VEDL,2011-12-26,E_calendar,row on a non-trading day,date absent from the Nifty 50 trading calendar,dropped,price data
VEDL,2012-01-02,E_calendar,row on a non-trading day,date absent from the Nifty 50 trading calendar,dropped,price data
VEDL,2014-04-24,E_calendar,row on a non-trading day,date absent from the Nifty 50 trading calendar,dropped,price data
VEDL,2014-10-15,E_calendar,row on a non-trading day,date absent from the Nifty 50 trading calendar,dropped,price data
VEDL,2026-01-15,E_calendar,row on a non-trading day,date absent from the Nifty 50 trading calendar,dropped,price data
VEDL,2026-05-01,E_calendar,row on a non-trading day,date absent from the Nifty 50 trading calendar,dropped,price data
VEDL,2026-05-28,E_calendar,row on a non-trading day,date absent from the Nifty 50 trading calendar,dropped,price data
VEDL,2026-06-26,E_calendar,row on a non-trading day,date absent from the Nifty 50 trading calendar,dropped,price data
VEDL,2026-09-14,E_calendar,row on a non-trading day,date absent from the Nifty 50 trading calendar,dropped,price data
VEDL,2026-10-02,E_calendar,row on a non-trading day,date absent from the Nifty 50 trading calendar,dropped,price data
VEDL,2008-08-08,A_split_bonus,Yahoo price level inconsistent with NSE,NSE close ÷ Yahoo close steps from 2.0000 to 1.0000 (Yahoo applied an unrecorded factor 2.0000 to earlier prices). NSE actions: Fv Spl-Rs10tore1; Bon-1:1,rescaled Yahoo's history to NSE's official closes; adjustment rebuilt from NSE actions below,NSE bhavcopies (bisection to 2008-08-08)
VEDL,2008-08-08,A_split_bonus,Yahoo split ratio differs from NSE,Yahoo 10-for-1 vs NSE price factor 0.0500,used NSE's ratio,NSE corporate actions; yfinance action history
VEDL,2026-04-30,B_demerger,demerger adjusted with official ratio,one-day price ratio 0.3510 (Nifty 50 -0.7%); official factor 0.3742,pre-event history multiplied by the official factor,NSE special pre-open session price discovery: opening price ₹289.50 on 2026-04-30 vs previous close ₹773.60 on 2026-04-29 (NSE bhavcopies; SPOS framework https://www.nseindia.com/products-services/equity-market-special-pre-open-session)
VEDL,2022-11-29,A_split_bonus,Adj Close differs from Yahoo by > 0.5%,max gap 62.58% on 2022-11-29,kept our rebuild — 1 Yahoo level error(s) corrected against NSE; demerger handled differently from Yahoo; dividends from NSE records rather than Yahoo's,yfinance Adj Close vs our rebuild
VEDL,2008-01-21,D_bad_print,daily move beyond ±20%,r = -22.5%,"kept — genuine move: no corporate action within ±3 days, did not revert; Nifty 50 -8.7% that day",price data
VEDL,2020-10-12,D_bad_print,daily move beyond ±20%,r = -20.4%,"kept — genuine move: no corporate action within ±3 days, did not revert; Nifty 50 +0.1% that day",price data
VMM,2026-01-15,E_calendar,row on a non-trading day,date absent from the Nifty 50 trading calendar,dropped,price data
VMM,2026-05-01,E_calendar,row on a non-trading day,date absent from the Nifty 50 trading calendar,dropped,price data
VMM,2026-05-28,E_calendar,row on a non-trading day,date absent from the Nifty 50 trading calendar,dropped,price data
VMM,2026-06-26,E_calendar,row on a non-trading day,date absent from the Nifty 50 trading calendar,dropped,price data
VMM,2026-09-14,E_calendar,row on a non-trading day,date absent from the Nifty 50 trading calendar,dropped,price data
VMM,2026-10-02,E_calendar,row on a non-trading day,date absent from the Nifty 50 trading calendar,dropped,price data
VMM,2025-03-18,A_split_bonus,Adj Close differs from Yahoo by > 0.5%,max gap 1.12% on 2025-03-18,kept our rebuild — dividend timing / rounding differences,yfinance Adj Close vs our rebuild
IDEA,2008-11-27,E_calendar,row on a non-trading day,date absent from the Nifty 50 trading calendar,dropped,price data
IDEA,2009-04-30,E_calendar,row on a non-trading day,date absent from the Nifty 50 trading calendar,dropped,price data
IDEA,2009-10-13,E_calendar,row on a non-trading day,date absent from the Nifty 50 trading calendar,dropped,price data
IDEA,2011-05-31,E_calendar,row on a non-trading day,date absent from the Nifty 50 trading calendar,dropped,price data
IDEA,2011-07-14,E_calendar,row on a non-trading day,date absent from the Nifty 50 trading calendar,dropped,price data
IDEA,2011-11-24,E_calendar,row on a non-trading day,date absent from the Nifty 50 trading calendar,dropped,price data
IDEA,2011-12-26,E_calendar,row on a non-trading day,date absent from the Nifty 50 trading calendar,dropped,price data
IDEA,2012-01-02,E_calendar,row on a non-trading day,date absent from the Nifty 50 trading calendar,dropped,price data
IDEA,2014-04-24,E_calendar,row on a non-trading day,date absent from the Nifty 50 trading calendar,dropped,price data
IDEA,2014-10-15,E_calendar,row on a non-trading day,date absent from the Nifty 50 trading calendar,dropped,price data
IDEA,2026-01-15,E_calendar,row on a non-trading day,date absent from the Nifty 50 trading calendar,dropped,price data
IDEA,2026-05-01,E_calendar,row on a non-trading day,date absent from the Nifty 50 trading calendar,dropped,price data
IDEA,2026-05-28,E_calendar,row on a non-trading day,date absent from the Nifty 50 trading calendar,dropped,price data
IDEA,2026-06-26,E_calendar,row on a non-trading day,date absent from the Nifty 50 trading calendar,dropped,price data
IDEA,2026-09-14,E_calendar,row on a non-trading day,date absent from the Nifty 50 trading calendar,dropped,price data
IDEA,2026-10-02,E_calendar,row on a non-trading day,date absent from the Nifty 50 trading calendar,dropped,price data
IDEA,2019-04-01,A_split_bonus,Yahoo price level inconsistent with NSE,NSE close ÷ Yahoo close steps from 1.6585 to 1.0000 (Yahoo applied an unrecorded factor 1.6585 to earlier prices). NSE actions: Rights 87:38 @ Premium Of Rs 2.50 Per Share,rescaled Yahoo's history to NSE's official closes; adjustment rebuilt from NSE actions below,NSE bhavcopies (bisection to 2019-04-01)
IDEA,2019-03-29,A_split_bonus,rights issue adjusted,Rights 87:38 @ Premium Of Rs 2.50 Per Share; cum-rights close ₹29.00; subscription ₹12.50; factor 0.6040,pre-event history multiplied by the theoretical ex-rights factor,NSE corporate actions (Rights 87:38 @ Premium Of Rs 2.50 Per Share)
IDEA,2019-07-29,A_split_bonus,split-like move with no corporate action,price ratio 0.7297 ≈ bonus 1:3 (Nifty 50 -0.8% that day); no split/bonus in NSE or Yahoo records within ±7 days,kept as a genuine move,NSE corporate actions; yfinance action history
IDEA,2019-10-24,A_split_bonus,split-like move with no corporate action,price ratio 0.7699 ≈ bonus 1:3 (Nifty 50 -0.2% that day); no split/bonus in NSE or Yahoo records within ±7 days,kept as a genuine move,NSE corporate actions; yfinance action history
IDEA,2020-01-17,A_split_bonus,split-like move with no corporate action,price ratio 0.7500 ≈ bonus 1:3 (Nifty 50 -0.0% that day); no split/bonus in NSE or Yahoo records within ±7 days,kept as a genuine move,NSE corporate actions; yfinance action history
IDEA,2020-02-14,A_split_bonus,split-like move with no corporate action,price ratio 0.7556 ≈ bonus 1:3 (Nifty 50 -0.5% that day); no split/bonus in NSE or Yahoo records within ±7 days,kept as a genuine move,NSE corporate actions; yfinance action history
IDEA,2020-03-18,A_split_bonus,split-like move with no corporate action,price ratio 0.6495 ≈ bonus 1:2 (Nifty 50 -5.6% that day); no split/bonus in NSE or Yahoo records within ±7 days,kept as a genuine move,NSE corporate actions; yfinance action history
IDEA,2019-11-14,D_bad_print,spike-and-revert confirmed genuine,"r_t = -20.3%, r_t+1 = +23.7%; the exchange's official close agrees",kept (real move),NSE bhavcopy
IDEA,2025-03-18,A_split_bonus,Adj Close differs from Yahoo by > 0.5%,max gap 2.31% on 2025-03-18,kept our rebuild — 1 Yahoo level error(s) corrected against NSE; demerger handled differently from Yahoo; dividends from NSE records rather than Yahoo's,yfinance Adj Close vs our rebuild
IDEA,2021-04-19,E_calendar,stale price run,5 identical closes of 8.45 from 2021-04-19 to 2021-04-26,flagged; kept (possible suspension or illiquidity),price data
IDEA,2023-04-13,E_calendar,stale price run,5 identical closes of 6.05 from 2023-04-13 to 2023-04-20,flagged; kept (possible suspension or illiquidity),price data
IDEA,2017-01-30,D_bad_print,daily move beyond ±20%,r = +25.3%,"kept — genuine move: no corporate action within ±3 days, did not revert; Nifty 50 -0.1% that day",price data
IDEA,2019-07-29,D_bad_print,daily move beyond ±20%,r = -27.0%,"kept — genuine move: no corporate action within ±3 days, did not revert; Nifty 50 -0.8% that day",price data
IDEA,2019-10-24,D_bad_print,daily move beyond ±20%,r = -23.0%,"kept — genuine move: no corporate action within ±3 days, did not revert; Nifty 50 -0.2% that day",price data
IDEA,2019-11-14,D_bad_print,daily move beyond ±20%,r = -20.3%,"kept — genuine move: no corporate action within ±3 days, did not revert; Nifty 50 +0.3% that day",price data
IDEA,2019-11-15,D_bad_print,daily move beyond ±20%,r = +23.7%,"kept — genuine move: no corporate action within ±3 days, did not revert; Nifty 50 +0.2% that day",price data
IDEA,2019-11-18,D_bad_print,daily move beyond ±20%,r = +21.9%,"kept — genuine move: no corporate action within ±3 days, did not revert; Nifty 50 -0.1% that day",price data
IDEA,2019-11-19,D_bad_print,daily move beyond ±20%,r = +36.0%,"kept — genuine move: no corporate action within ±3 days, did not revert; Nifty 50 +0.5% that day",price data
IDEA,2020-01-17,D_bad_print,daily move beyond ±20%,r = -25.0%,"kept — genuine move: no corporate action within ±3 days, did not revert; Nifty 50 -0.0% that day",price data
IDEA,2020-01-21,D_bad_print,daily move beyond ±20%,r = +22.7%,"kept — genuine move: no corporate action within ±3 days, did not revert; Nifty 50 -0.4% that day",price data
IDEA,2020-02-14,D_bad_print,daily move beyond ±20%,r = -24.4%,"kept — genuine move: no corporate action within ±3 days, did not revert; Nifty 50 -0.5% that day",price data
IDEA,2020-02-19,D_bad_print,daily move beyond ±20%,r = +40.0%,"kept — genuine move: no corporate action within ±3 days, did not revert; Nifty 50 +1.1% that day",price data
IDEA,2020-03-09,D_bad_print,daily move beyond ±20%,r = +21.2%,"kept — genuine move: no corporate action within ±3 days, did not revert; Nifty 50 -4.9% that day",price data
IDEA,2020-03-13,D_bad_print,daily move beyond ±20%,r = +33.3%,"kept — genuine move: no corporate action within ±3 days, did not revert; Nifty 50 +3.8% that day",price data
IDEA,2020-03-18,D_bad_print,daily move beyond ±20%,r = -35.1%,"kept — genuine move: no corporate action within ±3 days, did not revert; Nifty 50 -5.6% that day",price data
IDEA,2020-04-13,D_bad_print,daily move beyond ±20%,r = +24.2%,"kept — genuine move: no corporate action within ±3 days, did not revert; Nifty 50 -1.3% that day",price data
IDEA,2020-06-05,D_bad_print,daily move beyond ±20%,r = +22.1%,"kept — genuine move: no corporate action within ±3 days, did not revert; Nifty 50 +1.1% that day",price data
IDEA,2020-09-03,D_bad_print,daily move beyond ±20%,r = +26.8%,"kept — genuine move: no corporate action within ±3 days, did not revert; Nifty 50 -0.1% that day",price data
IDEA,2021-09-16,D_bad_print,daily move beyond ±20%,r = +25.7%,"kept — genuine move: no corporate action within ±3 days, did not revert; Nifty 50 +0.6% that day",price data
IDEA,2022-01-11,D_bad_print,daily move beyond ±20%,r = -20.5%,"kept — genuine move: no corporate action within ±3 days, did not revert; Nifty 50 +0.3% that day",price data
IDEA,2023-02-06,D_bad_print,daily move beyond ±20%,r = +20.4%,"kept — genuine move: no corporate action within ±3 days, did not revert; Nifty 50 -0.5% that day",price data
IDEA,2023-12-29,D_bad_print,daily move beyond ±20%,r = +20.8%,"kept — genuine move: no corporate action within ±3 days, did not revert; Nifty 50 -0.2% that day",price data
VOLTAS,2008-11-27,E_calendar,row on a non-trading day,date absent from the Nifty 50 trading calendar,dropped,price data
VOLTAS,2009-04-30,E_calendar,row on a non-trading day,date absent from the Nifty 50 trading calendar,dropped,price data
VOLTAS,2009-10-13,E_calendar,row on a non-trading day,date absent from the Nifty 50 trading calendar,dropped,price data
VOLTAS,2011-05-31,E_calendar,row on a non-trading day,date absent from the Nifty 50 trading calendar,dropped,price data
VOLTAS,2011-07-14,E_calendar,row on a non-trading day,date absent from the Nifty 50 trading calendar,dropped,price data
VOLTAS,2011-11-24,E_calendar,row on a non-trading day,date absent from the Nifty 50 trading calendar,dropped,price data
VOLTAS,2011-12-26,E_calendar,row on a non-trading day,date absent from the Nifty 50 trading calendar,dropped,price data
VOLTAS,2012-01-02,E_calendar,row on a non-trading day,date absent from the Nifty 50 trading calendar,dropped,price data
VOLTAS,2014-04-24,E_calendar,row on a non-trading day,date absent from the Nifty 50 trading calendar,dropped,price data
VOLTAS,2014-10-15,E_calendar,row on a non-trading day,date absent from the Nifty 50 trading calendar,dropped,price data
VOLTAS,2026-01-15,E_calendar,row on a non-trading day,date absent from the Nifty 50 trading calendar,dropped,price data
VOLTAS,2026-05-01,E_calendar,row on a non-trading day,date absent from the Nifty 50 trading calendar,dropped,price data
VOLTAS,2026-05-28,E_calendar,row on a non-trading day,date absent from the Nifty 50 trading calendar,dropped,price data
VOLTAS,2026-06-26,E_calendar,row on a non-trading day,date absent from the Nifty 50 trading calendar,dropped,price data
VOLTAS,2026-09-14,E_calendar,row on a non-trading day,date absent from the Nifty 50 trading calendar,dropped,price data
VOLTAS,2026-10-02,E_calendar,row on a non-trading day,date absent from the Nifty 50 trading calendar,dropped,price data
VOLTAS,2025-03-18,A_split_bonus,Adj Close differs from Yahoo by > 0.5%,max gap 0.61% on 2025-03-18,kept our rebuild — dividends from NSE records rather than Yahoo's,yfinance Adj Close vs our rebuild
VOLTAS,2009-06-01,D_bad_print,daily move beyond ±20%,r = +20.1%,"kept — genuine move: no corporate action within ±3 days, did not revert; Nifty 50 +1.8% that day",price data
VOLTAS,2012-02-15,D_bad_print,daily move beyond ±20%,r = +24.4%,"kept — genuine move: no corporate action within ±3 days, did not revert; Nifty 50 +2.1% that day",price data
WAAREEENER,2026-01-15,E_calendar,row on a non-trading day,date absent from the Nifty 50 trading calendar,dropped,price data
WAAREEENER,2026-05-01,E_calendar,row on a non-trading day,date absent from the Nifty 50 trading calendar,dropped,price data
WAAREEENER,2026-05-28,E_calendar,row on a non-trading day,date absent from the Nifty 50 trading calendar,dropped,price data
WAAREEENER,2026-06-26,E_calendar,row on a non-trading day,date absent from the Nifty 50 trading calendar,dropped,price data
WAAREEENER,2026-09-14,E_calendar,row on a non-trading day,date absent from the Nifty 50 trading calendar,dropped,price data
WAAREEENER,2026-10-02,E_calendar,row on a non-trading day,date absent from the Nifty 50 trading calendar,dropped,price data
WAAREEENER,2025-03-18,A_split_bonus,Adj Close differs from Yahoo by > 0.5%,max gap 3.02% on 2025-03-18,kept our rebuild — dividends from NSE records rather than Yahoo's,yfinance Adj Close vs our rebuild
WIPRO,2008-11-27,E_calendar,row on a non-trading day,date absent from the Nifty 50 trading calendar,dropped,price data
WIPRO,2009-04-30,E_calendar,row on a non-trading day,date absent from the Nifty 50 trading calendar,dropped,price data
WIPRO,2009-10-13,E_calendar,row on a non-trading day,date absent from the Nifty 50 trading calendar,dropped,price data
WIPRO,2011-05-31,E_calendar,row on a non-trading day,date absent from the Nifty 50 trading calendar,dropped,price data
WIPRO,2011-07-14,E_calendar,row on a non-trading day,date absent from the Nifty 50 trading calendar,dropped,price data
WIPRO,2011-11-24,E_calendar,row on a non-trading day,date absent from the Nifty 50 trading calendar,dropped,price data
WIPRO,2011-12-26,E_calendar,row on a non-trading day,date absent from the Nifty 50 trading calendar,dropped,price data
WIPRO,2012-01-02,E_calendar,row on a non-trading day,date absent from the Nifty 50 trading calendar,dropped,price data
WIPRO,2014-04-24,E_calendar,row on a non-trading day,date absent from the Nifty 50 trading calendar,dropped,price data
WIPRO,2014-10-15,E_calendar,row on a non-trading day,date absent from the Nifty 50 trading calendar,dropped,price data
WIPRO,2026-01-15,E_calendar,row on a non-trading day,date absent from the Nifty 50 trading calendar,dropped,price data
WIPRO,2026-05-01,E_calendar,row on a non-trading day,date absent from the Nifty 50 trading calendar,dropped,price data
WIPRO,2026-05-28,E_calendar,row on a non-trading day,date absent from the Nifty 50 trading calendar,dropped,price data
WIPRO,2026-06-26,E_calendar,row on a non-trading day,date absent from the Nifty 50 trading calendar,dropped,price data
WIPRO,2026-09-14,E_calendar,row on a non-trading day,date absent from the Nifty 50 trading calendar,dropped,price data
WIPRO,2026-10-02,E_calendar,row on a non-trading day,date absent from the Nifty 50 trading calendar,dropped,price data
WIPRO,2010-06-15,A_split_bonus,split/bonus verified,Bonus 2:3 And Final Dividend Rs.6/- Per Share; Yahoo 1.66667-for-1; price ratio 0.6055,applied,NSE corporate actions; yfinance action history
WIPRO,2017-06-13,A_split_bonus,split/bonus verified,Bonus 1:1; Yahoo 2-for-1; price ratio 0.4921,applied,NSE corporate actions; yfinance action history
WIPRO,2019-03-06,A_split_bonus,split/bonus verified,Bonus 1:3; Yahoo 1.33333-for-1; price ratio 0.7631,applied,NSE corporate actions; yfinance action history
WIPRO,2024-12-03,A_split_bonus,split/bonus verified,Bonus 1:1; Yahoo 2-for-1; price ratio 0.4989,applied,NSE corporate actions; yfinance action history
WIPRO,2013-04-09,B_demerger,demerger: no official ratio found,"one-day price ratio 0.8772, -11.4% vs Nifty 50","dropped that single day's return (missing, not a loss)",NSE corporate actions (Scheme Of Arrangement)
WIPRO,2010-10-07,A_split_bonus,Adj Close differs from Yahoo by > 0.5%,max gap 12.28% on 2010-10-07,kept our rebuild — demerger handled differently from Yahoo; dividends from NSE records rather than Yahoo's,yfinance Adj Close vs our rebuild
YESBANK,2008-11-27,E_calendar,row on a non-trading day,date absent from the Nifty 50 trading calendar,dropped,price data
YESBANK,2009-04-30,E_calendar,row on a non-trading day,date absent from the Nifty 50 trading calendar,dropped,price data
YESBANK,2009-10-13,E_calendar,row on a non-trading day,date absent from the Nifty 50 trading calendar,dropped,price data
YESBANK,2011-05-31,E_calendar,row on a non-trading day,date absent from the Nifty 50 trading calendar,dropped,price data
YESBANK,2011-07-14,E_calendar,row on a non-trading day,date absent from the Nifty 50 trading calendar,dropped,price data
YESBANK,2011-11-24,E_calendar,row on a non-trading day,date absent from the Nifty 50 trading calendar,dropped,price data
YESBANK,2011-12-26,E_calendar,row on a non-trading day,date absent from the Nifty 50 trading calendar,dropped,price data
YESBANK,2012-01-02,E_calendar,row on a non-trading day,date absent from the Nifty 50 trading calendar,dropped,price data
YESBANK,2014-04-24,E_calendar,row on a non-trading day,date absent from the Nifty 50 trading calendar,dropped,price data
YESBANK,2014-10-15,E_calendar,row on a non-trading day,date absent from the Nifty 50 trading calendar,dropped,price data
YESBANK,2026-01-15,E_calendar,row on a non-trading day,date absent from the Nifty 50 trading calendar,dropped,price data
YESBANK,2026-05-01,E_calendar,row on a non-trading day,date absent from the Nifty 50 trading calendar,dropped,price data
YESBANK,2026-05-28,E_calendar,row on a non-trading day,date absent from the Nifty 50 trading calendar,dropped,price data
YESBANK,2026-06-26,E_calendar,row on a non-trading day,date absent from the Nifty 50 trading calendar,dropped,price data
YESBANK,2026-09-14,E_calendar,row on a non-trading day,date absent from the Nifty 50 trading calendar,dropped,price data
YESBANK,2026-10-02,E_calendar,row on a non-trading day,date absent from the Nifty 50 trading calendar,dropped,price data
YESBANK,2017-09-21,A_split_bonus,split/bonus verified,Face Value Split (Sub-Division) - From Rs 10/- Per Share To Rs 2/- Per Share; Yahoo 5-for-1; price ratio 0.2005,applied,NSE corporate actions; yfinance action history
YESBANK,2019-10-01,D_bad_print,spike-and-revert confirmed genuine,"r_t = -22.7%, r_t+1 = +32.8%; the exchange's official close agrees",kept (real move),NSE bhavcopy
YESBANK,2025-03-18,A_split_bonus,Adj Close differs from Yahoo by > 0.5%,max gap 2.05% on 2025-03-18,kept our rebuild — dividends from NSE records rather than Yahoo's,yfinance Adj Close vs our rebuild
YESBANK,2021-01-01,E_calendar,stale price run,5 identical closes of 18.00 from 2021-01-01 to 2021-01-07,flagged; kept (possible suspension or illiquidity),price data
YESBANK,2022-06-30,E_calendar,stale price run,5 identical closes of 12.65 from 2022-06-30 to 2022-07-06,flagged; kept (possible suspension or illiquidity),price data
YESBANK,2008-03-25,D_bad_print,daily move beyond ±20%,r = +20.4%,"kept — genuine move: no corporate action within ±3 days, did not revert; Nifty 50 +5.8% that day",price data
YESBANK,2008-10-10,D_bad_print,daily move beyond ±20%,r = -20.2%,"kept — genuine move: no corporate action within ±3 days, did not revert; Nifty 50 -6.7% that day",price data
YESBANK,2009-05-18,D_bad_print,daily move beyond ±20%,r = +25.2%,"kept — genuine move: no corporate action within ±3 days, did not revert; Nifty 50 +17.7% that day",price data
YESBANK,2013-09-05,D_bad_print,daily move beyond ±20%,r = +21.8%,"kept — genuine move: no corporate action within ±3 days, did not revert; Nifty 50 +2.7% that day",price data
YESBANK,2013-09-19,D_bad_print,daily move beyond ±20%,r = +22.4%,"kept — genuine move: no corporate action within ±3 days, did not revert; Nifty 50 +3.7% that day",price data
YESBANK,2018-09-21,D_bad_print,daily move beyond ±20%,r = -29.0%,"kept — genuine move: no corporate action within ±3 days, did not revert; Nifty 50 -0.8% that day",price data
YESBANK,2019-02-14,D_bad_print,daily move beyond ±20%,r = +28.1%,"kept — genuine move: no corporate action within ±3 days, did not revert; Nifty 50 -0.8% that day",price data
YESBANK,2019-04-30,D_bad_print,daily move beyond ±20%,r = -29.2%,"kept — genuine move: no corporate action within ±3 days, did not revert; Nifty 50 -0.1% that day",price data
YESBANK,2019-10-01,D_bad_print,daily move beyond ±20%,r = -22.7%,"kept — genuine move: no corporate action within ±3 days, did not revert; Nifty 50 -1.0% that day",price data
YESBANK,2019-10-03,D_bad_print,daily move beyond ±20%,r = +32.8%,"kept — genuine move: no corporate action within ±3 days, did not revert; Nifty 50 -0.4% that day",price data
YESBANK,2019-10-31,D_bad_print,daily move beyond ±20%,r = +23.9%,"kept — genuine move: no corporate action within ±3 days, did not revert; Nifty 50 +0.3% that day",price data
YESBANK,2020-03-05,D_bad_print,daily move beyond ±20%,r = +25.6%,"kept — genuine move: no corporate action within ±3 days, did not revert; Nifty 50 +0.2% that day",price data
YESBANK,2020-03-06,D_bad_print,daily move beyond ±20%,r = -56.1%,"kept — genuine move: no corporate action within ±3 days, did not revert; Nifty 50 -2.5% that day",price data
YESBANK,2020-03-09,D_bad_print,daily move beyond ±20%,r = +31.6%,"kept — genuine move: no corporate action within ±3 days, did not revert; Nifty 50 -4.9% that day",price data
YESBANK,2020-03-11,D_bad_print,daily move beyond ±20%,r = +35.5%,"kept — genuine move: no corporate action within ±3 days, did not revert; Nifty 50 +0.1% that day",price data
YESBANK,2020-03-16,D_bad_print,daily move beyond ±20%,r = +45.2%,"kept — genuine move: no corporate action within ±3 days, did not revert; Nifty 50 -7.6% that day",price data
YESBANK,2020-03-17,D_bad_print,daily move beyond ±20%,r = +58.1%,"kept — genuine move: no corporate action within ±3 days, did not revert; Nifty 50 -2.5% that day",price data
ZYDUSLIFE,2008-11-27,E_calendar,row on a non-trading day,date absent from the Nifty 50 trading calendar,dropped,price data
ZYDUSLIFE,2009-04-30,E_calendar,row on a non-trading day,date absent from the Nifty 50 trading calendar,dropped,price data
ZYDUSLIFE,2009-10-13,E_calendar,row on a non-trading day,date absent from the Nifty 50 trading calendar,dropped,price data
ZYDUSLIFE,2011-05-31,E_calendar,row on a non-trading day,date absent from the Nifty 50 trading calendar,dropped,price data
ZYDUSLIFE,2011-07-14,E_calendar,row on a non-trading day,date absent from the Nifty 50 trading calendar,dropped,price data
ZYDUSLIFE,2011-11-24,E_calendar,row on a non-trading day,date absent from the Nifty 50 trading calendar,dropped,price data
ZYDUSLIFE,2011-12-26,E_calendar,row on a non-trading day,date absent from the Nifty 50 trading calendar,dropped,price data
ZYDUSLIFE,2012-01-02,E_calendar,row on a non-trading day,date absent from the Nifty 50 trading calendar,dropped,price data
ZYDUSLIFE,2014-04-24,E_calendar,row on a non-trading day,date absent from the Nifty 50 trading calendar,dropped,price data
ZYDUSLIFE,2014-10-15,E_calendar,row on a non-trading day,date absent from the Nifty 50 trading calendar,dropped,price data
ZYDUSLIFE,2026-01-15,E_calendar,row on a non-trading day,date absent from the Nifty 50 trading calendar,dropped,price data
ZYDUSLIFE,2026-05-01,E_calendar,row on a non-trading day,date absent from the Nifty 50 trading calendar,dropped,price data
ZYDUSLIFE,2026-05-28,E_calendar,row on a non-trading day,date absent from the Nifty 50 trading calendar,dropped,price data
ZYDUSLIFE,2026-06-26,E_calendar,row on a non-trading day,date absent from the Nifty 50 trading calendar,dropped,price data
ZYDUSLIFE,2026-09-14,E_calendar,row on a non-trading day,date absent from the Nifty 50 trading calendar,dropped,price data
ZYDUSLIFE,2026-10-02,E_calendar,row on a non-trading day,date absent from the Nifty 50 trading calendar,dropped,price data
ZYDUSLIFE,2008-12-29,A_split_bonus,Yahoo price level inconsistent with NSE,NSE close ÷ Yahoo close steps from 1.0790 to 1.0000 (Yahoo applied an unrecorded factor 1.0790 to earlier prices). NSE actions: Scheme Of Arrangement,rescaled Yahoo's history to NSE's official closes; adjustment rebuilt from NSE actions below,NSE bhavcopies (bisection to 2008-12-29)
ZYDUSLIFE,2010-04-05,A_split_bonus,split/bonus verified,Bonus 1: 2; Yahoo 1.5-for-1; price ratio 0.6649,applied,NSE corporate actions; yfinance action history
ZYDUSLIFE,2015-10-06,A_split_bonus,split/bonus verified,Face Value Split (Sub-Division) - From Rs 5/- Per Share To Re 1/- Per Share; Yahoo 5-for-1; price ratio 0.2045,applied,NSE corporate actions; yfinance action history
ZYDUSLIFE,2008-12-29,B_demerger,demerger: no official ratio found,"one-day price ratio 0.9474, -7.5% vs Nifty 50","dropped that single day's return (missing, not a loss)",NSE corporate actions (Scheme Of Arrangement)
ZYDUSLIFE,2007-09-19,A_split_bonus,Adj Close differs from Yahoo by > 0.5%,max gap 3.50% on 2007-09-19,kept our rebuild — 1 Yahoo level error(s) corrected against NSE; demerger handled differently from Yahoo; dividends from NSE records rather than Yahoo's,yfinance Adj Close vs our rebuild
